geo_nivel,geo_id,indicador,desagregacion,categoria,valor_inegi,ee_inegi,geo_nombre,valor,ee,dif_valor,razon_ee
nacional,00,analfabetismo_15mas,total,total,3.692434,0.015407,Nacional,3.6924337093836557,0.015407362529861458,-2.906163443228138e-7,1.000023530204547
nacional,00,analfabetismo_15mas,sexo,Mujeres,4.249321,0.018549,Nacional,4.249321293517473,0.018549228432961046,2.935174725493539e-7,1.0000123151092268
nacional,00,analfabetismo_15mas,sexo,Hombres,3.074316,0.014808,Nacional,3.074316052801032,0.014808362697283714,5.280103199112318e-8,1.0000244933335842
entidad,01,analfabetismo_15mas,total,total,1.481597,0.088983,Aguascalientes,1.4815970189071315,0.08898282528561718,1.8907131416057155e-8,0.9999980365420044
entidad,01,analfabetismo_15mas,sexo,Mujeres,1.507323,0.118741,Aguascalientes,1.5073225272736672,0.11874055279288755,-4.727263327453102e-7,0.9999962337599274
entidad,01,analfabetismo_15mas,sexo,Hombres,1.452875,0.1011,Aguascalientes,1.4528753546953272,0.10109991789130549,3.546953273314557e-7,0.9999991878467408
entidad,02,analfabetismo_15mas,total,total,1.282909,0.063908,Baja California,1.2829094295152128,0.06390840935404872,4.295152127298252e-7,1.0000064053647229
entidad,02,analfabetismo_15mas,sexo,Mujeres,1.405814,0.088763,Baja California,1.4058136563156216,0.08876257331606574,-3.436843782900212e-7,0.9999951929978228
entidad,02,analfabetismo_15mas,sexo,Hombres,1.156375,0.080436,Baja California,1.156374656938344,0.08043619266244173,-3.430616559718658e-7,1.000002395226537
entidad,03,analfabetismo_15mas,total,total,1.882062,0.085636,Baja California Sur,1.882061530815635,0.08563577179441541,-4.69184364915165e-7,0.9999973351676328
entidad,03,analfabetismo_15mas,sexo,Mujeres,2.017594,0.102772,Baja California Sur,2.0175944391838634,0.10277177466049127,4.391838634987266e-7,0.9999978073842221
entidad,03,analfabetismo_15mas,sexo,Hombres,1.746678,0.100872,Baja California Sur,1.7466775872546172,0.10087151088393365,-4.1274538276070416e-7,0.9999951511215565
entidad,04,analfabetismo_15mas,total,total,4.714648,0.090926,Campeche,4.714648467439334,0.09092589490343247,4.674393334624938e-7,0.9999988441527448
entidad,04,analfabetismo_15mas,sexo,Mujeres,5.256501,0.112654,Campeche,5.256501320960085,0.11265358611574085,3.209600851761252e-7,0.9999963260580258
entidad,04,analfabetismo_15mas,sexo,Hombres,4.123645,0.102454,Campeche,4.1236452611660575,0.10245424569882743,2.6116605766901557e-7,1.0000023981379684
entidad,05,analfabetismo_15mas,total,total,1.277163,0.052153,Coahuila de Zaragoza,1.2771634072491895,0.05215266992289136,4.0724918948242816e-7,0.9999936709852043
entidad,05,analfabetismo_15mas,sexo,Mujeres,1.214864,0.058337,Coahuila de Zaragoza,1.214864452970247,0.0583367849802189,4.529702470890129e-7,0.9999963141782899
entidad,05,analfabetismo_15mas,sexo,Hombres,1.342299,0.066243,Coahuila de Zaragoza,1.3422992208353528,0.06624293838254622,2.2083535289318945e-7,0.9999990698269435
entidad,06,analfabetismo_15mas,total,total,2.53476,0.08591,Colima,2.5347600647313318,0.0859102122489331,6.473133185025404e-8,1.0000024705963577
entidad,06,analfabetismo_15mas,sexo,Mujeres,2.562198,0.10218,Colima,2.5621979367245182,0.10218028169855636,-6.327548174311914e-8,1.0000027568854606
entidad,06,analfabetismo_15mas,sexo,Hombres,2.505276,0.102096,Colima,2.50527570708178,0.10209595464953439,-2.9291821990184985e-7,0.9999995558056572
entidad,07,analfabetismo_15mas,total,total,11.668853,0.11048,Chiapas,11.668852799578715,0.11048467996075738,-2.004212849016085e-7,1.0000423602530537
entidad,07,analfabetismo_15mas,sexo,Mujeres,14.000279,0.134749,Chiapas,14.000279433977806,0.1347550874101154,4.339778048034759e-7,1.0000451759205293
entidad,07,analfabetismo_15mas,sexo,Hombres,9.031518,0.097416,Chiapas,9.031517721865024,0.09741920263079774,-2.7813497638362605e-7,1.0000328758191441
entidad,08,analfabetismo_15mas,total,total,2.088794,0.070488,Chihuahua,2.088794093519278,0.07048884079731306,9.351927809930771e-8,1.0000119282333597
entidad,08,analfabetismo_15mas,sexo,Mujeres,2.190719,0.084725,Chihuahua,2.190718783734585,0.08472578980777679,-2.1626541490959994e-7,1.00000932201566
entidad,08,analfabetismo_15mas,sexo,Hombres,1.979937,0.085008,Chihuahua,1.97993665994179,0.08500794841741872,-3.4005821003546544e-7,0.999999393203213
entidad,09,analfabetismo_15mas,total,total,1.065121,0.03995,Ciudad de México,1.0651214233577806,0.03995030158921662,4.2335778061008966e-7,1.000007549166874
entidad,09,analfabetismo_15mas,sexo,Mujeres,1.34749,0.052447,Ciudad de México,1.3474901783656197,0.05244681044591392,1.783656196074901e-7,0.9999963857973558
entidad,09,analfabetismo_15mas,sexo,Hombres,0.743304,0.036282,Ciudad de México,0.7433044763041179,0.03628220786265942,4.7630411792454197e-7,1.0000057290849296
entidad,10,analfabetismo_15mas,total,total,2.093613,0.067625,Durango,2.0936132041375743,0.06762918080279072,2.0413757439996516e-7,1.0000618233314709
entidad,10,analfabetismo_15mas,sexo,Mujeres,2.027754,0.080974,Durango,2.0277538236621573,0.08098063151733859,-1.7633784255011165e-7,1.000081896872312
entidad,10,analfabetismo_15mas,sexo,Hombres,2.167069,0.082205,Durango,2.1670694802689034,0.082207126397035,4.8026890331343e-7,1.0000258670036493
entidad,11,analfabetismo_15mas,total,total,4.101667,0.089532,Guanajuato,4.10166708386293,0.08953176429327747,8.386292993378675e-8,0.9999973673466188
entidad,11,analfabetismo_15mas,sexo,Mujeres,4.64765,0.110274,Guanajuato,4.647650087225498,0.11027373414334779,8.722549882378416e-8,0.99999758912661
entidad,11,analfabetismo_15mas,sexo,Hombres,3.480614,0.08756,Guanajuato,3.4806142892021477,0.08755976050636789,2.892021475631168e-7,0.9999972648054808
entidad,12,analfabetismo_15mas,total,total,10.068358,0.145896,Guerrero,10.068357941876814,0.14590249484847467,-5.812318626396973e-8,1.0000445169742465
entidad,12,analfabetismo_15mas,sexo,Mujeres,11.494644,0.1694,Guerrero,11.494644178880252,0.16940746646342678,1.7888025283241404e-7,1.000044075935223
entidad,12,analfabetismo_15mas,sexo,Hombres,8.401832,0.140947,Guerrero,8.401832343166566,0.14095194751627296,3.431665653863547e-7,1.000035101962248
entidad,13,analfabetismo_15mas,total,total,4.99984,0.066557,Hidalgo,4.999839681051317,0.06655693720022361,-3.189486825760923e-7,0.9999990564512163
entidad,13,analfabetismo_15mas,sexo,Mujeres,5.783011,0.077354,Hidalgo,5.783010850330633,0.0773535340041958,-1.4966936756621863e-7,0.9999939758021019
entidad,13,analfabetismo_15mas,sexo,Hombres,4.090051,0.064599,Hidalgo,4.090050766398493,0.0645990890324054,-2.3360150702700366e-7,1.0000013782319446
entidad,14,analfabetismo_15mas,total,total,2.197946,0.055772,Jalisco,2.197946356522576,0.05577181905990118,3.5652257590612635e-7,0.9999967557179441
entidad,14,analfabetismo_15mas,sexo,Mujeres,2.312729,0.062566,Jalisco,2.3127288187905806,0.0625662993838092,-1.8120941946975222e-7,1.0000047850878944
entidad,14,analfabetismo_15mas,sexo,Hombres,2.07311,0.061035,Jalisco,2.073109967866332,0.06103462555526429,-3.213366772669701e-8,0.9999938650817447
entidad,15,analfabetismo_15mas,total,total,2.203247,0.033451,México,2.203246955247531,0.0334508709432349,-4.475246928592469e-8,0.9999961419160832
entidad,15,analfabetismo_15mas,sexo,Mujeres,2.787832,0.044169,México,2.7878324260589555,0.04416884510213454,4.260589556714933e-7,0.99999649306379
entidad,15,analfabetismo_15mas,sexo,Hombres,1.551451,0.029743,México,1.5514512760538512,0.02974250656164566,2.7605385133355753e-7,0.9999834099332838
entidad,16,analfabetismo_15mas,total,total,5.535204,0.090639,Michoacán de Ocampo,5.535203970382909,0.09063856402820876,-2.9617091001910012e-8,0.9999951900198454
entidad,16,analfabetismo_15mas,sexo,Mujeres,5.738618,0.103458,Michoacán de Ocampo,5.738618399253326,0.10345759292542234,3.9925332639967337e-7,0.9999960653156097
entidad,16,analfabetismo_15mas,sexo,Hombres,5.304452,0.090524,Michoacán de Ocampo,5.304451919975852,0.09052391803104218,-8.002414819685555e-8,0.9999990945057906
entidad,17,analfabetismo_15mas,total,total,3.29637,0.067397,Morelos,3.2963696942156084,0.06739667497702466,-3.057843915854619e-7,0.9999951774860106
entidad,17,analfabetismo_15mas,sexo,Mujeres,3.734847,0.081585,Morelos,3.734847090688599,0.0815852086131865,9.068859929683981e-8,1.0000025570041857
entidad,17,analfabetismo_15mas,sexo,Hombres,2.796332,0.072639,Morelos,2.796331647677818,0.07263890340194301,-3.5232218209557686e-7,0.9999986701626263
entidad,18,analfabetismo_15mas,total,total,3.434783,0.091295,Nayarit,3.4347832675803054,0.09132003740523958,2.6758030546858436e-7,1.0002742472779405
entidad,18,analfabetismo_15mas,sexo,Mujeres,3.449445,0.113481,Nayarit,3.449444835184532,0.11350869531996122,-1.6481546794011592e-7,1.000244052484215
entidad,18,analfabetismo_15mas,sexo,Hombres,3.418992,0.092675,Nayarit,3.4189917405318293,0.09269209803796213,-2.594681705048174e-7,1.0001844946097884
entidad,19,analfabetismo_15mas,total,total,1.032692,0.03398,Nuevo León,1.0326915444471743,0.0339797936922352,-4.5555282568443545e-7,0.9999939285531253
entidad,19,analfabetismo_15mas,sexo,Mujeres,1.125122,0.042749,Nuevo León,1.1251224851949235,0.04274894394721673,4.851949235717967e-7,0.9999986887931117
entidad,19,analfabetismo_15mas,sexo,Hombres,0.93724,0.037488,Nuevo León,0.9372397180720153,0.03748829377346415,-2.819279846244527e-7,1.0000078364667133
entidad,20,analfabetismo_15mas,total,total,9.388487,0.072015,Oaxaca,9.388487249225047,0.07201497506411607,2.4922504771041076e-7,0.9999996537404162
entidad,20,analfabetismo_15mas,sexo,Mujeres,11.321089,0.084676,Oaxaca,11.32108919475833,0.08467648254001887,1.9475832857551723e-7,1.0000056986633623
entidad,20,analfabetismo_15mas,sexo,Hombres,7.107843,0.066341,Oaxaca,7.107842798811919,0.06634141510046694,-2.0118808130575871e-7,1.0000062570728048
entidad,21,analfabetismo_15mas,total,total,5.370999,0.11255,Puebla,5.370998506692379,0.11254984896422378,-4.933076214186372e-7,0.9999986580561864
entidad,21,analfabetismo_15mas,sexo,Mujeres,6.400354,0.135118,Puebla,6.400354086458003,0.13511829013465515,8.645800253503921e-8,1.000002147268722
entidad,21,analfabetismo_15mas,sexo,Hombres,4.171604,0.094877,Puebla,4.171603665393283,0.09487733341381767,-3.346067174447853e-7,1.0000035141690575
entidad,22,analfabetismo_15mas,total,total,2.569656,0.077459,Querétaro,2.5696560278575737,0.07745948791567422,2.7857573581258066e-8,1.000006299018503
entidad,22,analfabetismo_15mas,sexo,Mujeres,3.152888,0.103489,Querétaro,3.1528875478105207,0.10348940174583919,-4.521894791942316e-7,1.0000038820148924
entidad,22,analfabetismo_15mas,sexo,Hombres,1.926924,0.071826,Querétaro,1.9269235423503202,0.07182563313100851,-4.5764967993022765e-7,0.9999948922536199
entidad,23,analfabetismo_15mas,total,total,2.30128,0.095629,Quintana Roo,2.3012797221334242,0.09562910863245133,-2.7786657597062003e-7,1.0000011359781167
entidad,23,analfabetismo_15mas,sexo,Mujeres,2.789346,0.116018,Quintana Roo,2.789345637989659,0.11601798648950266,-3.620103412593778e-7,0.9999998835482655
entidad,23,analfabetismo_15mas,sexo,Hombres,1.809978,0.101644,Quintana Roo,1.8099778834578732,0.1016442075492785,-1.165421268378708e-7,1.0000020419235616
entidad,24,analfabetismo_15mas,total,total,4.001018,0.082202,San Luis Potosí,4.00101752230636,0.08220230575244018,-4.776936401995613e-7,1.0000037195255613
entidad,24,analfabetismo_15mas,sexo,Mujeres,4.257178,0.099009,San Luis Potosí,4.257178336750783,0.09900925135968086,3.367507837026551e-7,1.0000025387558793
entidad,24,analfabetismo_15mas,sexo,Hombres,3.713881,0.083276,San Luis Potosí,3.7138809714802616,0.08327568813273645,-2.851973857076473e-8,0.9999962550162885
entidad,25,analfabetismo_15mas,total,total,2.598838,0.062843,Sinaloa,2.598837971074515,0.0628427613263528,-2.8925485118236338e-8,0.9999962020647137
entidad,25,analfabetismo_15mas,sexo,Mujeres,2.331209,0.071945,Sinaloa,2.3312090101097502,0.0719453215404561,1.0109750370190795e-8,1.0000044692536814
entidad,25,analfabetismo_15mas,sexo,Hombres,2.89068,0.08413,Sinaloa,2.8906803532237717,0.08412995589563249,3.5322377156532525e-7,0.9999994757593307
entidad,26,analfabetismo_15mas,total,total,1.48513,0.04848,Sonora,1.4851302564222926,0.04847969063514383,2.564222925105497e-7,0.9999936187117127
entidad,26,analfabetismo_15mas,sexo,Mujeres,1.424233,0.059994,Sonora,1.4242330064775683,0.05999446113029246,6.477568259555255e-9,1.0000076862735017
entidad,26,analfabetismo_15mas,sexo,Hombres,1.549485,0.055185,Sonora,1.5494848124627714,0.05518520120162677,-1.8753722863529276e-7,1.0000036459477533
entidad,27,analfabetismo_15mas,total,total,3.936938,0.093157,Tabasco,3.9369378551756844,0.09315695565284328,-1.4482431565099319e-7,0.9999995239525025
entidad,27,analfabetismo_15mas,sexo,Mujeres,4.505302,0.112965,Tabasco,4.505302007931571,0.11296501711797141,7.931570955577172e-9,1.0000001515334078
entidad,27,analfabetismo_15mas,sexo,Hombres,3.30235,0.096373,Tabasco,3.302350409712018,0.09637282527921452,4.09712018090147e-7,0.9999981870359387
entidad,28,analfabetismo_15mas,total,total,2.017544,0.05188,Tamaulipas,2.0175437361994013,0.05187999008660335,-2.6380059869879346e-7,0.9999998089167954
entidad,28,analfabetismo_15mas,sexo,Mujeres,2.064959,0.062435,Tamaulipas,2.0649590239041933,0.062435170000184455,2.3904193291457432e-8,1.0000027228346995
entidad,28,analfabetismo_15mas,sexo,Hombres,1.966515,0.066182,Tamaulipas,1.9665149711096663,0.06618184436615047,-2.8890333680919866e-8,0.9999976483960966
entidad,29,analfabetismo_15mas,total,total,2.581271,0.044886,Tlaxcala,2.581270901185965,0.0448855288219146,-9.881403517653098e-8,0.9999895027829301
entidad,29,analfabetismo_15mas,sexo,Mujeres,3.061054,0.052829,Tlaxcala,3.0610535098758005,0.052829313017210375,-4.901241994481609e-7,1.0000059251019398
entidad,29,analfabetismo_15mas,sexo,Hombres,2.036669,0.049792,Tlaxcala,2.036669364370513,0.04979203901712627,3.643705133171693e-7,1.000000783602311
entidad,30,analfabetismo_15mas,total,total,6.812284,0.055452,Veracruz de Ignacio de la Llave,6.812283529765795,0.055452630935819335,-4.7023420535197147e-7,1.0000113780534396
entidad,30,analfabetismo_15mas,sexo,Mujeres,7.636583,0.063725,Veracruz de Ignacio de la Llave,7.636583166257985,0.0637251785977908,1.662579851569035e-7,1.000002802633045
entidad,30,analfabetismo_15mas,sexo,Hombres,5.86096,0.054932,Veracruz de Ignacio de la Llave,5.8609599982934215,0.05493191605970558,-1.7065788782133495e-9,0.9999984719235705
entidad,31,analfabetismo_15mas,total,total,4.44517,0.110063,Yucatán,4.445170028901893,0.11006341202573387,2.8901893323052263e-8,1.0000037435444598
entidad,31,analfabetismo_15mas,sexo,Mujeres,4.992226,0.134768,Yucatán,4.992225789608808,0.13476757060626163,-2.103911915796175e-7,0.9999968138301498
entidad,31,analfabetismo_15mas,sexo,Hombres,3.854389,0.103801,Yucatán,3.8543892769100085,0.10380078434079593,2.769100087007814e-7,0.9999979223783578
entidad,32,analfabetismo_15mas,total,total,2.899043,0.046854,Zacatecas,2.899043107187639,0.04685437452434507,1.0718763920891661e-7,1.0000079934337531
entidad,32,analfabetismo_15mas,sexo,Mujeres,2.768363,0.052337,Zacatecas,2.7683625897911615,0.05233732278215026,-4.1020883845277467e-7,1.000006167379679
entidad,32,analfabetismo_15mas,sexo,Hombres,3.047284,0.059381,Zacatecas,3.0472843418152507,0.059381167623087455,3.4181525077059405e-7,1.0000028228404279
nacional,00,asistencia_edad,edad,03,39.746752,0.226457,Nacional,39.74675229805325,0.2264568799476458,2.9805325141296635e-7,0.9999994698668878
nacional,00,asistencia_edad,edad,04,79.726052,0.197162,Nacional,79.72605180730797,0.19716169732832337,-1.926920276673627e-7,0.9999984648579512
nacional,00,asistencia_edad,edad,05,90.153777,0.132106,Nacional,90.15377671605151,0.13210632521784277,-2.8394849493906804e-7,1.0000024617946404
nacional,00,asistencia_edad,edad,06,95.616889,0.092757,Nacional,95.61688910141697,0.09275684487448926,1.0141697259768989e-7,0.9999983276139726
nacional,00,asistencia_edad,edad,07,98.108708,0.049603,Nacional,98.10870750546675,0.04960292969436156,-4.94533239248085e-7,0.9999985826333398
nacional,00,asistencia_edad,edad,08,98.131433,0.051023,Nacional,98.1314329201539,0.051023089280426995,-7.984610306266404e-8,1.000001749807479
nacional,00,asistencia_edad,edad,09,98.247419,0.046645,Nacional,98.24741924506543,0.04664524992499429,2.4506543638835865e-7,1.0000053580232455
nacional,00,asistencia_edad,edad,10,98.029015,0.04632,Nacional,98.02901464254565,0.04632010697904384,-3.5745435411627113e-7,1.0000023095648498
nacional,00,asistencia_edad,edad,11,97.507217,0.057206,Nacional,97.50721654982259,0.05720616196815654,-4.5017741001629474e-7,1.0000028313141374
nacional,00,asistencia_edad,edad,12,95.462331,0.063563,Nacional,95.46233149558621,0.06356369889443657,4.955862067390626e-7,1.000010995302874
nacional,00,asistencia_edad,edad,13,93.446599,0.07861,Nacional,93.44659871355356,0.07861100498866484,-2.864464505591968e-7,1.0000127844888036
nacional,00,asistencia_edad,edad,14,89.859097,0.096209,Nacional,89.85909659417585,0.09620983552210839,-4.0582415294920793e-7,1.0000086844485276
nacional,00,asistencia_edad,edad,15,82.226876,0.134028,Nacional,82.22687645272487,0.13402867192207235,4.5272486204339657e-7,1.000005013296269
nacional,00,asistencia_edad,edad,16,77.295294,0.153582,Nacional,77.2952942448498,0.15358257769069558,2.4484980087891017e-7,1.0000037614479274
nacional,00,asistencia_edad,edad,17,69.996687,0.175291,Nacional,69.99668665940887,0.1752909698829646,-3.4059112863360497e-7,0.9999998281883531
nacional,00,asistencia_edad,edad,18,48.308058,0.207849,Nacional,48.30805757376155,0.20784912010690257,-4.26238450756955e-7,1.000000577856533
nacional,00,asistencia_edad,edad,19,45.141515,0.233079,Nacional,45.141514926791,0.23307874605573586,-7.320900152762988e-8,0.9999989104798624
nacional,00,asistencia_edad,edad_sexo,03|Mujeres,40.494768,0.298211,Nacional,40.49476820901845,0.29821112415959283,2.0901845232401683e-7,1.0000004163481322
nacional,00,asistencia_edad,edad_sexo,04|Mujeres,80.08284,0.270692,Nacional,80.08283951371496,0.27069159909415896,-4.86285046008561e-7,0.999998518959404
nacional,00,asistencia_edad,edad_sexo,05|Mujeres,90.35693,0.175877,Nacional,90.35692952209523,0.17587693784547911,-4.77904777085314e-7,0.9999996466023363
nacional,00,asistencia_edad,edad_sexo,06|Mujeres,95.662837,0.131318,Nacional,95.66283691156467,0.13131801687972378,-8.843532839364343e-8,1.0000001285408229
nacional,00,asistencia_edad,edad_sexo,07|Mujeres,98.211488,0.066063,Nacional,98.21148792339156,0.06606312205364223,-7.660844403289957e-8,1.0000018475340544
nacional,00,asistencia_edad,edad_sexo,08|Mujeres,98.280912,0.061081,Nacional,98.28091156668802,0.061081042500535844,-4.333119818511477e-7,1.0000006958061565
nacional,00,asistencia_edad,edad_sexo,09|Mujeres,98.421145,0.052765,Nacional,98.42114465496523,0.05276475262565376,-3.4503476342706563e-7,0.9999953117720793
nacional,00,asistencia_edad,edad_sexo,10|Mujeres,98.137496,0.062508,Nacional,98.13749587526999,0.06250827213698634,-1.2473000765567122e-7,1.0000043536345165
nacional,00,asistencia_edad,edad_sexo,11|Mujeres,97.700979,0.071046,Nacional,97.70097917712043,0.0710467367130025,1.7712042676976125e-7,1.0000103695211906
nacional,00,asistencia_edad,edad_sexo,12|Mujeres,95.764175,0.081919,Nacional,95.76417518692628,0.08191905306613315,1.8692628600547323e-7,1.0000006477878531
nacional,00,asistencia_edad,edad_sexo,13|Mujeres,94.032096,0.109286,Nacional,94.03209591470933,0.10928669590029838,-8.529066519713524e-8,1.0000063676985012
nacional,00,asistencia_edad,edad_sexo,14|Mujeres,90.999896,0.126917,Nacional,90.99989581825541,0.1269178761886352,-1.8174459626152384e-7,1.0000069036349362
nacional,00,asistencia_edad,edad_sexo,15|Mujeres,84.263022,0.160193,Nacional,84.26302169339282,0.16019324335088517,-3.066071911916879e-7,1.000001519110605
nacional,00,asistencia_edad,edad_sexo,16|Mujeres,80.118525,0.19749,Nacional,80.11852458115693,0.1974901584640012,-4.1884307222517236e-7,1.0000008023900004
nacional,00,asistencia_edad,edad_sexo,17|Mujeres,73.3452,0.214212,Nacional,73.34519970890106,0.21421216770587995,-2.910989422844068e-7,1.000000782896756
nacional,00,asistencia_edad,edad_sexo,18|Mujeres,51.436905,0.268297,Nacional,51.43690516001295,0.2682968672867529,1.600129451162502e-7,0.9999995053494929
nacional,00,asistencia_edad,edad_sexo,19|Mujeres,49.182962,0.29975,Nacional,49.18296178634679,0.2997505693596634,-2.136532160079696e-7,1.000001899448418
nacional,00,asistencia_edad,edad_sexo,03|Hombres,39.010715,0.293967,Nacional,39.01071523537345,0.2939669553925815,2.3537345583690694e-7,0.9999998482570545
nacional,00,asistencia_edad,edad_sexo,04|Hombres,79.379518,0.258331,Nacional,79.37951765050725,0.25833125110017224,-3.4949275118378864e-7,1.0000009720094463
nacional,00,asistencia_edad,edad_sexo,05|Hombres,89.958362,0.178294,Nacional,89.95836171475028,0.1782939085561271,-2.852497118510655e-7,0.9999994871174974
nacional,00,asistencia_edad,edad_sexo,06|Hombres,95.571818,0.119379,Nacional,95.57181829088273,0.11937889070036567,2.908827383407697e-7,0.9999990844316476
nacional,00,asistencia_edad,edad_sexo,07|Hombres,98.007663,0.072923,Nacional,98.00766252049894,0.07292307802281306,-4.795010539737632e-7,1.000001069934219
nacional,00,asistencia_edad,edad_sexo,08|Hombres,97.985972,0.080441,Nacional,97.9859717436546,0.08044067084280188,-2.5634540179453325e-7,0.9999959080916682
nacional,00,asistencia_edad,edad_sexo,09|Hombres,98.073995,0.074972,Nacional,98.07399530454381,0.07497179127660722,3.045438177196047e-7,0.9999972159820629
nacional,00,asistencia_edad,edad_sexo,10|Hombres,97.923477,0.066667,Nacional,97.92347695558298,0.06666725849957918,-4.441702117219393e-8,1.0000038774743003
nacional,00,asistencia_edad,edad_sexo,11|Hombres,97.32101,0.082731,Nacional,97.3210101283963,0.08273077189571588,1.283962944853556e-7,0.9999972428196914
nacional,00,asistencia_edad,edad_sexo,12|Hombres,95.170704,0.094452,Nacional,95.17070449598857,0.09445238586689186,4.959885728794688e-7,1.0000040853226175
nacional,00,asistencia_edad,edad_sexo,13|Hombres,92.880045,0.106293,Nacional,92.8800448319209,0.10629318975429837,-1.6807909730687243e-7,1.0000017852003271
nacional,00,asistencia_edad,edad_sexo,14|Hombres,88.751632,0.136426,Nacional,88.75163229633104,0.13642657059868749,2.96331037930031e-7,1.0000041824775885
nacional,00,asistencia_edad,edad_sexo,15|Hombres,80.269579,0.187586,Nacional,80.26957858228054,0.18758605084047525,-4.1771944836455077e-7,1.0000002710248912
nacional,00,asistencia_edad,edad_sexo,16|Hombres,74.537829,0.211733,Nacional,74.53782904323835,0.2117335344759974,4.323834446040564e-8,1.000002524292375
nacional,00,asistencia_edad,edad_sexo,17|Hombres,66.755791,0.244416,Nacional,66.75579077538862,0.24441621444682582,-2.246113837145458e-7,1.000000877384565
nacional,00,asistencia_edad,edad_sexo,18|Hombres,45.292257,0.27450600000000003,Nacional,45.29225721124534,0.27450627873077205,2.112453429958805e-7,1.0000010153904542
nacional,00,asistencia_edad,edad_sexo,19|Hombres,41.042694,0.30766,Nacional,41.04269410479406,0.307660310885687,1.0479406142849257e-7,1.0000010104845838
entidad,01,asistencia_edad,edad,03,31.888238,2.271207,Aguascalientes,31.88823751891074,2.2712068939633863,-4.810892626494478e-7,0.9999999533126599
entidad,01,asistencia_edad,edad,04,79.948586,1.843704,Aguascalientes,79.94858611825192,1.8437036532332334,1.182519184794728e-7,0.9999998119184171
entidad,01,asistencia_edad,edad,05,93.512922,1.129174,Aguascalientes,93.51292159439333,1.1291742300019372,-4.056066700286465e-7,1.0000002036904296
entidad,01,asistencia_edad,edad,06,94.028162,1.367937,Aguascalientes,94.02816193110385,1.3679370813308727,-6.889614212468587e-8,1.0000000594551304
entidad,01,asistencia_edad,edad,07,98.688588,0.485383,Aguascalientes,98.68858800773694,0.48538258406721013,7.736943530289864e-9,0.9999991430833179
entidad,01,asistencia_edad,edad,08,98.708373,0.454928,Aguascalientes,98.70837330409758,0.4549280028356857,3.0409758267069265e-7,1.0000000062332626
entidad,01,asistencia_edad,edad,09,98.334454,0.532569,Aguascalientes,98.33445365598625,0.5325688850535272,-3.440137419374878e-7,0.9999997841660465
entidad,01,asistencia_edad,edad,10,98.988255,0.293963,Aguascalientes,98.98825527097779,0.2939634942369221,2.709777930931523e-7,1.0000016812895571
entidad,01,asistencia_edad,edad,11,98.668711,0.406542,Aguascalientes,98.66871096817621,0.40654218654811697,-3.182378804922337e-8,1.0000004588655464
entidad,01,asistencia_edad,edad,12,98.244601,0.390754,Aguascalientes,98.2446013853049,0.3907539376754336,3.8530490087396174e-7,0.9999998405017827
entidad,01,asistencia_edad,edad,13,94.784237,0.900831,Aguascalientes,94.78423744686982,0.9008306933945975,4.4686981937047676e-7,0.9999996596415948
entidad,01,asistencia_edad,edad,14,90.370006,1.190386,Aguascalientes,90.37000642503496,1.1903855326786577,4.250349547874066e-7,0.9999996074203307
entidad,01,asistencia_edad,edad,15,83.882136,1.528234,Aguascalientes,83.88213627992633,1.5282336591724748,2.7992632567475084e-7,0.9999997769794905
entidad,01,asistencia_edad,edad,16,77.424297,1.835802,Aguascalientes,77.4242974073626,1.8358016751659207,4.07362605869821e-7,0.9999998230560381
entidad,01,asistencia_edad,edad,17,66.769678,2.178106,Aguascalientes,66.76967824031993,2.1781061592327076,2.4031993461903767e-7,1.0000000731060414
entidad,01,asistencia_edad,edad,18,50.198218,2.161939,Aguascalientes,50.19821785779233,2.161939410679049,-1.4220766786365857e-7,1.0000001899586664
entidad,01,asistencia_edad,edad,19,46.696576,2.228143,Aguascalientes,46.696575951242224,2.2281433626161427,-4.875777648294388e-8,1.000000162743658
entidad,01,asistencia_edad,edad_sexo,03|Mujeres,36.413252,3.137384,Aguascalientes,36.41325162772884,3.137383777739426,-3.7227115967652935e-7,0.9999999291573572
entidad,01,asistencia_edad,edad_sexo,04|Mujeres,80.766096,2.879541,Aguascalientes,80.76609616951916,2.8795406713662377,1.6951915426943742e-7,0.9999998858728657
entidad,01,asistencia_edad,edad_sexo,05|Mujeres,93.856801,1.729729,Aguascalientes,93.8568010936432,1.7297293748155342,9.364319453197822e-8,1.0000002166903221
entidad,01,asistencia_edad,edad_sexo,06|Mujeres,94.631699,1.812544,Aguascalientes,94.63169937516501,1.8125443049339545,3.7516501549816894e-7,1.0000001682353392
entidad,01,asistencia_edad,edad_sexo,07|Mujeres,99.690963,0.120578,Aguascalientes,99.69096253862968,0.12057784549597284,-4.61370319726484e-7,0.9999987186383323
entidad,01,asistencia_edad,edad_sexo,08|Mujeres,98.627425,0.706834,Aguascalientes,98.62742510228323,0.7068343652157032,1.0228322366856446e-7,1.0000005166923256
entidad,01,asistencia_edad,edad_sexo,09|Mujeres,98.916766,0.611787,Aguascalientes,98.91676622859418,0.6117866921248473,2.285941889113019e-7,0.9999994967608781
entidad,01,asistencia_edad,edad_sexo,10|Mujeres,99.375964,0.151554,Aguascalientes,99.37596358563982,0.15155373510453007,-4.143601728401336e-7,0.9999982521380504
entidad,01,asistencia_edad,edad_sexo,11|Mujeres,98.761564,0.577684,Aguascalientes,98.76156371232467,0.5776840349026297,-2.876753342206939e-7,1.0000000604182038
entidad,01,asistencia_edad,edad_sexo,12|Mujeres,98.940433,0.194145,Aguascalientes,98.94043333559736,0.19414534116067364,3.355973632324094e-7,1.0000017572467672
entidad,01,asistencia_edad,edad_sexo,13|Mujeres,95.750604,1.082625,Aguascalientes,95.7506044398857,1.0826249209830503,4.3988571007957944e-7,0.9999999270135553
entidad,01,asistencia_edad,edad_sexo,14|Mujeres,92.703829,1.419712,Aguascalientes,92.70382891736772,1.4197115071521615,-8.263228323812655e-8,0.9999996528536502
entidad,01,asistencia_edad,edad_sexo,15|Mujeres,87.434711,1.637165,Aguascalientes,87.43471123712878,1.637164779781071,2.3712878771675605e-7,0.9999998654876392
entidad,01,asistencia_edad,edad_sexo,16|Mujeres,81.871438,1.975802,Aguascalientes,81.87143761874604,1.9758017545216018,-3.8125395462884626e-7,0.999999875757592
entidad,01,asistencia_edad,edad_sexo,17|Mujeres,69.833837,2.824966,Aguascalientes,69.83383685800604,2.8249656089620325,-1.4199396503045136e-7,0.9999998615778146
entidad,01,asistencia_edad,edad_sexo,18|Mujeres,52.175831,3.094296,Aguascalientes,52.175830638047636,3.0942964310334697,-3.619523667452995e-7,1.0000001392993656
entidad,01,asistencia_edad,edad_sexo,19|Mujeres,47.544699,3.283511,Aguascalientes,47.544699068244775,3.2835110106873984,6.824477338795987e-8,1.000000003254869
entidad,01,asistencia_edad,edad_sexo,03|Hombres,27.474785,2.795066,Aguascalientes,27.474785207321627,2.7950659174711254,2.073216265330302e-7,0.9999999704733719
entidad,01,asistencia_edad,edad_sexo,04|Hombres,79.00564,2.682989,Aguascalientes,79.00564027574681,2.6829892422529813,2.757468138270269e-7,1.0000000902922006
entidad,01,asistencia_edad,edad_sexo,05|Hombres,93.151177,1.522091,Aguascalientes,93.15117742225418,1.5220910122565494,4.222541747367359e-7,1.0000000080524418
entidad,01,asistencia_edad,edad_sexo,06|Hombres,93.479478,1.848117,Aguascalientes,93.47947835826866,1.8481165881042791,3.5826866451316164e-7,0.9999997771268156
entidad,01,asistencia_edad,edad_sexo,07|Hombres,97.631725,0.992979,Aguascalientes,97.63172534371772,0.9929788932757039,3.437177156229154e-7,0.9999998925210946
entidad,01,asistencia_edad,edad_sexo,08|Hombres,98.795782,0.56569,Aguascalientes,98.79578167307966,0.5656899983876414,-3.269203432409995e-7,0.9999999971497489
entidad,01,asistencia_edad,edad_sexo,09|Hombres,97.820432,0.848595,Aguascalientes,97.82043169514168,0.8485952993245863,-3.0485831814530684e-7,1.0000003527296135
entidad,01,asistencia_edad,edad_sexo,10|Hombres,98.627705,0.537496,Aguascalientes,98.62770533214993,0.5374963218082434,3.321499235653391e-7,1.0000005987174665
entidad,01,asistencia_edad,edad_sexo,11|Hombres,98.575392,0.598878,Aguascalientes,98.575391767264,0.5988780793017459,-2.3273599936146638e-7,1.0000001324171965
entidad,01,asistencia_edad,edad_sexo,12|Hombres,97.549053,0.745585,Aguascalientes,97.54905288885871,0.7455849190831458,-1.1114128994904604e-7,0.9999998914719929
entidad,01,asistencia_edad,edad_sexo,13|Hombres,93.849642,1.2738,Aguascalientes,93.84964217388224,1.2738000586396798,1.7388224193837232e-7,1.000000046035233
entidad,01,asistencia_edad,edad_sexo,14|Hombres,88.209607,1.999227,Aguascalientes,88.20960698689956,1.9992269410619046,-1.310044694946555e-8,0.999999970519558
entidad,01,asistencia_edad,edad_sexo,15|Hombres,80.41897,2.359747,Aguascalientes,80.41897003200465,2.359747318289581,3.200464959718374e-8,1.0000001348829264
entidad,01,asistencia_edad,edad_sexo,16|Hombres,72.807955,3.005728,Aguascalientes,72.80795463883639,3.00572804192737,-3.611636145706143e-7,1.0000000139491565
entidad,01,asistencia_edad,edad_sexo,17|Hombres,63.925692,3.059387,Aguascalientes,63.92569225376796,3.059386561323145,2.5376796486398234e-7,0.9999998566128263
entidad,01,asistencia_edad,edad_sexo,18|Hombres,48.261464,2.93536,Aguascalientes,48.26146425743287,2.9353603150001826,2.5743287324075936e-7,1.0000001073122828
entidad,01,asistencia_edad,edad_sexo,19|Hombres,45.834045,3.43461,Aguascalientes,45.83404473279836,3.4346103683512785,-2.6720164214566466e-7,1.000000107246901
entidad,02,asistencia_edad,edad,03,14.420297,1.646627,Baja California,14.420297390038472,1.6466269749067706,3.900384726307493e-7,0.9999999847608295
entidad,02,asistencia_edad,edad,04,57.488603,2.60641,Baja California,57.488603236093994,2.60640991872199,2.3609399590895919e-7,0.9999999688161072
entidad,02,asistencia_edad,edad,05,84.171603,2.055882,Baja California,84.17160314444321,2.055881500352702,1.4444320584061643e-7,0.9999997569669377
entidad,02,asistencia_edad,edad,06,91.383774,1.588359,Baja California,91.383773928897,1.5883587268064974,-7.110300259682845e-8,0.9999998280026727
entidad,02,asistencia_edad,edad,07,96.844113,0.786968,Baja California,96.84411337209302,0.7869679623737172,3.720930266126743e-7,0.9999999521882939
entidad,02,asistencia_edad,edad,08,97.91386,0.559952,Baja California,97.9138604525862,0.5599516755997967,4.5258620673394034e-7,0.9999994206642654
entidad,02,asistencia_edad,edad,09,97.662783,0.774419,Baja California,97.66278296770582,0.774419461593078,-3.229418155115127e-8,1.0000005960508174
entidad,02,asistencia_edad,edad,10,98.424644,0.49758,Baja California,98.4246441164947,0.49757971871253653,1.1649470366137393e-7,0.9999994346889677
entidad,02,asistencia_edad,edad,11,98.002109,0.580238,Baja California,98.00210859251449,0.5802378136856784,-4.0748551555225276e-7,0.9999996789001726
entidad,02,asistencia_edad,edad,12,95.579233,0.850762,Baja California,95.57923307923308,0.8507618614098411,7.923307521195966e-8,0.9999998370987904
entidad,02,asistencia_edad,edad,13,94.37514,0.946641,Baja California,94.37514019014097,0.9466409441057142,1.9014096608316322e-7,0.9999999409551396
entidad,02,asistencia_edad,edad,14,93.905591,0.951311,Baja California,93.90559063103143,0.9513114904023358,-3.689685712515711e-7,1.0000005155015927
entidad,02,asistencia_edad,edad,15,89.830093,1.300924,Baja California,89.83009272129647,1.300923769241638,-2.7870353846992657e-7,0.9999998226196443
entidad,02,asistencia_edad,edad,16,83.458818,1.360269,Baja California,83.45881816107689,1.3602692904772,1.6107689759792265e-7,1.0000002135439388
entidad,02,asistencia_edad,edad,17,74.942522,1.869071,Baja California,74.94252154464552,1.869071412515825,-4.553544812324617e-7,1.000000220706343
entidad,02,asistencia_edad,edad,18,46.745223,2.010471,Baja California,46.74522312718714,2.010470511985749,1.2718713549020322e-7,0.9999997572637204
entidad,02,asistencia_edad,edad,19,45.83168,2.31764,Baja California,45.831679580320625,2.3176404114691502,-4.1967937391973464e-7,1.0000001775379914
entidad,02,asistencia_edad,edad_sexo,03|Mujeres,13.449975,2.189452,Baja California,13.449974945715718,2.189451883327566,-5.4284281958416614e-8,0.9999999467115815
entidad,02,asistencia_edad,edad_sexo,04|Mujeres,57.843251,3.597059,Baja California,57.84325052955902,3.597059013850268,-4.70440980393505e-7,1.0000000038504422
entidad,02,asistencia_edad,edad_sexo,05|Mujeres,86.025402,2.499151,Baja California,86.02540170564768,2.499150504845731,-2.943523185194863e-7,0.9999998018710079
entidad,02,asistencia_edad,edad_sexo,06|Mujeres,90.554869,2.332271,Baja California,90.55486868232737,2.3322709300038253,-3.176726295350818e-7,0.9999999699879754
entidad,02,asistencia_edad,edad_sexo,07|Mujeres,97.030271,1.084809,Baja California,97.03027060082556,1.0848093579298357,-3.99174439280614e-7,1.0000003299473323
entidad,02,asistencia_edad,edad_sexo,08|Mujeres,98.726594,0.579185,Baja California,98.72659421238707,0.5791846670185579,2.123870643799819e-7,0.9999994250862124
entidad,02,asistencia_edad,edad_sexo,09|Mujeres,98.644019,0.677252,Baja California,98.64401941193263,0.6772521618777592,4.1193263200511865e-7,1.0000002390214562
entidad,02,asistencia_edad,edad_sexo,10|Mujeres,98.359032,0.666135,Baja California,98.35903192788984,0.6661346860683197,-7.211015429220424e-8,0.999999528726639
entidad,02,asistencia_edad,edad_sexo,11|Mujeres,98.589257,0.628251,Baja California,98.58925664677157,0.628251364642656,-3.5322842961704737e-7,1.0000005804091932
entidad,02,asistencia_edad,edad_sexo,12|Mujeres,95.963179,1.1091,Baja California,95.96317903315646,1.109100053344069,3.3156467793560296e-8,1.000000048096717
entidad,02,asistencia_edad,edad_sexo,13|Mujeres,92.811854,1.541134,Baja California,92.81185438484006,1.5411339353060307,3.848400638162275e-7,0.9999999580218403
entidad,02,asistencia_edad,edad_sexo,14|Mujeres,94.748663,1.161755,Baja California,94.7486634399418,1.1617554405758643,4.3994180032314034e-7,1.000000379233026
entidad,02,asistencia_edad,edad_sexo,15|Mujeres,90.568794,1.580091,Baja California,90.56879423414064,1.5800907948949257,2.341406428740811e-7,0.999999870194138
entidad,02,asistencia_edad,edad_sexo,16|Mujeres,84.853828,1.775354,Baja California,84.8538283062645,1.7753539555947841,3.062645106410855e-7,0.9999999749879652
entidad,02,asistencia_edad,edad_sexo,17|Mujeres,78.925178,2.325127,Baja California,78.92517777358253,2.325126590727371,-2.2641746966201026e-7,0.9999998239783766
entidad,02,asistencia_edad,edad_sexo,18|Mujeres,51.241641,2.572526,Baja California,51.24164128967445,2.5725258000516624,2.8967444620775495e-7,0.9999999222754843
entidad,02,asistencia_edad,edad_sexo,19|Mujeres,50.617412,3.318945,Baja California,50.61741169977925,3.3189446689030135,-3.002207549229752e-7,0.9999999002402913
entidad,02,asistencia_edad,edad_sexo,03|Hombres,15.383022,2.26745,Baja California,15.383021916559638,2.267450226168481,-8.344036217522444e-8,1.0000000997457412
entidad,02,asistencia_edad,edad_sexo,04|Hombres,57.122405,3.484884,Baja California,57.12240515390121,3.484884388828825,1.539012117746097e-7,1.00000011157583
entidad,02,asistencia_edad,edad_sexo,05|Hombres,82.250294,2.806476,Baja California,82.25029399491673,2.8064764855286617,-5.083265364191902e-9,1.0000001730029624
entidad,02,asistencia_edad,edad_sexo,06|Hombres,92.169466,1.671681,Baja California,92.16946624525019,1.6716805552022886,2.45250191710511e-7,0.9999997339218958
entidad,02,asistencia_edad,edad_sexo,07|Hombres,96.67544,1.154073,Baja California,96.67543981160826,1.154073161255802,-1.883917377654143e-7,1.000000139727558
entidad,02,asistencia_edad,edad_sexo,08|Hombres,97.053113,1.005265,Baja California,97.05311329912634,1.0052646220076942,2.991263414742207e-7,0.9999996239874004
entidad,02,asistencia_edad,edad_sexo,09|Hombres,96.719061,1.369704,Baja California,96.71906101997392,1.3697038032905138,1.9973924736405024e-8,0.9999998563854042
entidad,02,asistencia_edad,edad_sexo,10|Hombres,98.488811,0.758873,Baja California,98.4888113920372,0.7588730023163919,3.920372080301604e-7,1.0000000030524103
entidad,02,asistencia_edad,edad_sexo,11|Hombres,97.515109,0.933299,Baja California,97.51510865372252,0.9332989483647574,-3.462774742502006e-7,0.9999999446744906
entidad,02,asistencia_edad,edad_sexo,12|Hombres,95.206668,1.425764,Baja California,95.20666799419679,1.4257636003824947,-5.803201474918751e-9,0.999999719716934
entidad,02,asistencia_edad,edad_sexo,13|Hombres,95.843791,1.18753,Baja California,95.84379078405783,1.187530312138102,-2.1594216548237455e-7,1.0000002628464981
entidad,02,asistencia_edad,edad_sexo,14|Hombres,93.003014,1.542327,Baja California,93.003014190402,1.542327385111525,1.9040200527342677e-7,1.0000002496951197
entidad,02,asistencia_edad,edad_sexo,15|Hombres,89.080365,1.893821,Baja California,89.08036508616429,1.8938205681784528,8.6164291701607e-8,0.9999997719839694
entidad,02,asistencia_edad,edad_sexo,16|Hombres,82.109515,2.148506,Baja California,82.10951526032316,2.1485060680075203,2.6032316213786544e-7,1.0000000316534003
entidad,02,asistencia_edad,edad_sexo,17|Hombres,71.006064,2.561465,Baja California,71.0060643756803,2.5614649530802978,3.7568030109014217e-7,0.9999999816824737
entidad,02,asistencia_edad,edad_sexo,18|Hombres,42.369153,2.756069,Baja California,42.36915273916099,2.7560688019382815,-2.608390090585999e-7,0.9999999281361539
entidad,02,asistencia_edad,edad_sexo,19|Hombres,41.040163,3.133882,Baja California,41.040163000310805,3.133881764948802,3.10805603476183e-10,0.9999999249967939
entidad,03,asistencia_edad,edad,03,35.219804,2.036087,Baja California Sur,35.21980367050789,2.0360874536958837,-3.2949211004051904e-7,1.0000002228273563
entidad,03,asistencia_edad,edad,04,78.334817,1.789276,Baja California Sur,78.33481745325022,1.7892759143664865,4.5325022313136287e-7,0.9999999521406906
entidad,03,asistencia_edad,edad,05,92.237592,0.945312,Baja California Sur,92.23759153783564,0.9453115078400255,-4.6216436544455064e-7,0.9999994793676854
entidad,03,asistencia_edad,edad,06,96.540136,0.628663,Baja California Sur,96.54013595050792,0.6286631338489995,-4.949208687321516e-8,1.000000212910573
entidad,03,asistencia_edad,edad,07,98.067529,0.475125,Baja California Sur,98.06752873563218,0.475124585829019,-2.643678129743421e-7,0.9999991282904899
entidad,03,asistencia_edad,edad,08,98.029747,0.451677,Baja California Sur,98.02974695769751,0.45167656285491786,-4.2302488623136014e-8,0.9999990321732518
entidad,03,asistencia_edad,edad,09,98.222589,0.493258,Baja California Sur,98.22258887055646,0.493258185802719,-1.29443535001883e-7,1.000000376684654
entidad,03,asistencia_edad,edad,10,97.616882,0.561179,Baja California Sur,97.61688193560124,0.5611786370165568,-6.439876187869231e-8,0.9999993531770733
entidad,03,asistencia_edad,edad,11,98.721907,0.401973,Baja California Sur,98.7219070869534,0.40197349549811806,8.695339204223274e-8,1.0000012326651742
entidad,03,asistencia_edad,edad,12,96.846164,0.568237,Baja California Sur,96.84616356971306,0.5682373941479529,-4.302869456296321e-7,1.0000006936330315
entidad,03,asistencia_edad,edad,13,96.03947,0.696172,Baja California Sur,96.03947012706136,0.6961718779099008,1.2706136942597368e-7,0.9999998246265301
entidad,03,asistencia_edad,edad,14,94.334035,0.726331,Baja California Sur,94.33403527244012,0.7263308221106058,2.72440118465056e-7,0.9999997550849488
entidad,03,asistencia_edad,edad,15,88.710788,1.096655,Baja California Sur,88.71078830380064,1.0966549577544888,3.038006468614185e-7,0.9999999614778475
entidad,03,asistencia_edad,edad,16,85.489962,1.208344,Baja California Sur,85.48996223414828,1.2083444281431854,2.3414827410306316e-7,1.0000003543222669
entidad,03,asistencia_edad,edad,17,76.193095,1.523845,Baja California Sur,76.19309501985946,1.5238447922138059,1.9859456301674072e-8,0.9999998636434847
entidad,03,asistencia_edad,edad,18,48.855822,1.832818,Baja California Sur,48.85582167417596,1.8328175385673686,-3.2582404685399524e-7,0.999999748238706
entidad,03,asistencia_edad,edad,19,47.036764,1.826784,Baja California Sur,47.03676421348691,1.826783902707732,2.1348691348066495e-7,0.9999999467412305
entidad,03,asistencia_edad,edad_sexo,03|Mujeres,36.057437,2.990521,Baja California Sur,36.05743662471193,2.99052076024456,-3.752880672891479e-7,0.9999999198282037
entidad,03,asistencia_edad,edad_sexo,04|Mujeres,78.460992,2.305535,Baja California Sur,78.46099164741426,2.3055354892677586,-3.5258574371255236e-7,1.0000002122144138
entidad,03,asistencia_edad,edad_sexo,05|Mujeres,92.692693,1.235241,Baja California Sur,92.69269269269269,1.235240678019661,-3.0730731737094175e-7,0.9999997393380409
entidad,03,asistencia_edad,edad_sexo,06|Mujeres,96.615753,0.784558,Baja California Sur,96.6157532195268,0.7845575146119013,2.195267967408654e-7,0.9999993813228611
entidad,03,asistencia_edad,edad_sexo,07|Mujeres,98.279883,0.596711,Baja California Sur,98.2798833819242,0.5967111717500073,3.8192419538063405e-7,1.0000002878277883
entidad,03,asistencia_edad,edad_sexo,08|Mujeres,98.482073,0.560657,Baja California Sur,98.48207275582308,0.5606574635687734,-2.4417691690814536e-7,1.000000826831331
entidad,03,asistencia_edad,edad_sexo,09|Mujeres,98.875796,0.531907,Baja California Sur,98.87579574698631,0.5319073907491958,-2.5301368111740885e-7,1.0000007346193898
entidad,03,asistencia_edad,edad_sexo,10|Mujeres,98.163522,0.684457,Baja California Sur,98.16352201257862,0.6844574531926406,1.2578624364323332e-8,1.0000006621199589
entidad,03,asistencia_edad,edad_sexo,11|Mujeres,98.911071,0.50103,Baja California Sur,98.91107078039929,0.5010298626669243,-2.1960072160709387e-7,0.9999997258984977
entidad,03,asistencia_edad,edad_sexo,12|Mujeres,97.336066,0.685283,Baja California Sur,97.3360655737705,0.6852830187055032,-4.2622950502391177e-7,1.000000027296027
entidad,03,asistencia_edad,edad_sexo,13|Mujeres,95.835018,0.952073,Baja California Sur,95.83501819652244,0.9520728903509156,1.9652243565815297e-7,0.9999998848312216
entidad,03,asistencia_edad,edad_sexo,14|Mujeres,94.09818,1.049612,Baja California Sur,94.09817981246553,1.049612416931534,-1.8753446795471973e-7,1.0000003972244353
entidad,03,asistencia_edad,edad_sexo,15|Mujeres,90.055534,1.477199,Baja California Sur,90.05553403073743,1.4771991896228487,3.073743926051975e-8,1.0000001283664888
entidad,03,asistencia_edad,edad_sexo,16|Mujeres,89.830079,1.259166,Baja California Sur,89.83007862033985,1.2591661408984576,-3.796601504291175e-7,1.0000001118982387
entidad,03,asistencia_edad,edad_sexo,17|Mujeres,79.643329,2.114189,Baja California Sur,79.6433289299868,2.11418944855134,-7.001320057042903e-8,1.000000212162366
entidad,03,asistencia_edad,edad_sexo,18|Mujeres,51.791079,2.408282,Baja California Sur,51.79107926970187,2.4082821751945285,2.697018643971205e-7,1.0000000727466836
entidad,03,asistencia_edad,edad_sexo,19|Mujeres,52.437155,2.605546,Baja California Sur,52.437155119558554,2.605545777328459,1.1955855683254413e-7,0.9999999145393937
entidad,03,asistencia_edad,edad_sexo,03|Hombres,34.441883,2.646956,Baja California Sur,34.4418834376029,2.6469561929566234,4.3760289969441146e-7,1.0000000728975562
entidad,03,asistencia_edad,edad_sexo,04|Hombres,78.208103,2.661599,Baja California Sur,78.20810280207033,2.661598999396121,-1.9792966554632585e-7,0.9999999997731143
entidad,03,asistencia_edad,edad_sexo,05|Hombres,91.80432,1.35189,Baja California Sur,91.80432020330367,1.3518901047740786,2.0330367078713607e-7,1.0000000775019258
entidad,03,asistencia_edad,edad_sexo,06|Hombres,96.461419,0.964744,Baja California Sur,96.4614185502728,0.9647437094190202,-4.4972721013891714e-7,0.9999996987999098
entidad,03,asistencia_edad,edad_sexo,07|Hombres,97.86119,0.726338,Baja California Sur,97.86118980169972,0.7263375829596156,-1.983002704264436e-7,0.9999994258315213
entidad,03,asistencia_edad,edad_sexo,08|Hombres,97.591583,0.700635,Baja California Sur,97.5915832171378,0.7006351093140356,2.1713779574383807e-7,1.0000001560213743
entidad,03,asistencia_edad,edad_sexo,09|Hombres,97.4122,0.888176,Baja California Sur,97.41219963031423,0.8881759501902696,-3.6968576466733793e-7,0.9999999439190764
entidad,03,asistencia_edad,edad_sexo,10|Hombres,97.108067,0.78411,Baja California Sur,97.10806697108066,0.7841102480759329,-2.891934514082095e-8,1.000000316378994
entidad,03,asistencia_edad,edad_sexo,11|Hombres,98.550923,0.61381,Baja California Sur,98.55092276144907,0.6138103383275274,-2.385509247915252e-7,1.0000005511925962
entidad,03,asistencia_edad,edad_sexo,12|Hombres,96.368855,0.930656,Baja California Sur,96.36885450461692,0.930656304437115,-4.953830767817635e-7,1.0000003271209932
entidad,03,asistencia_edad,edad_sexo,13|Hombres,96.245086,0.875952,Baja California Sur,96.24508607835163,0.8759516737281448,7.835163273739454e-8,0.9999996275231346
entidad,03,asistencia_edad,edad_sexo,14|Hombres,94.549345,0.939751,Baja California Sur,94.54934541792548,0.9397511353953163,4.1792547733621177e-7,1.0000001440757353
entidad,03,asistencia_edad,edad_sexo,15|Hombres,87.445309,1.552364,Baja California Sur,87.4453087019932,1.5523638199635914,-2.9800679612890235e-7,0.9999998840243598
entidad,03,asistencia_edad,edad_sexo,16|Hombres,80.740946,1.930129,Baja California Sur,80.74094630220618,1.930129496660099,3.0220618896237283e-7,1.0000002573196398
entidad,03,asistencia_edad,edad_sexo,17|Hombres,73.223422,2.177274,Baja California Sur,73.22342239909038,2.1772744709573204,3.990903820749736e-7,1.0000002163059496
entidad,03,asistencia_edad,edad_sexo,18|Hombres,45.763331,2.517135,Baja California Sur,45.76333089846603,2.5171348987156903,-1.0153397056456015e-7,0.9999999597620669
entidad,03,asistencia_edad,edad_sexo,19|Hombres,42.84695,2.647655,Baja California Sur,42.84694969675348,2.6476548367959762,-3.0324652300350863e-7,0.9999999383590296
entidad,04,asistencia_edad,edad,03,53.19562,1.446397,Campeche,53.195620097848874,1.446397209416273,9.784887566866018e-8,1.000000144784781
entidad,04,asistencia_edad,edad,04,82.037857,1.115589,Campeche,82.03785743052758,1.1155891234815438,4.305275780325246e-7,1.0000001106873087
entidad,04,asistencia_edad,edad,05,92.237116,0.722861,Campeche,92.23711561895205,0.722861183452306,-3.810479540788947e-7,1.000000253786421
entidad,04,asistencia_edad,edad,06,96.225917,0.560641,Campeche,96.22591712852996,0.5606413382712407,1.285299617848068e-7,1.0000006033651496
entidad,04,asistencia_edad,edad,07,96.917238,0.540848,Campeche,96.91723816499102,0.5408477457474995,1.6499102173384017e-7,0.9999995299002669
entidad,04,asistencia_edad,edad,08,97.124175,0.537913,Campeche,97.1241747079736,0.5379127784806799,-2.9202639950653975e-7,0.9999995881874576
entidad,04,asistencia_edad,edad,09,97.542012,0.37468,Campeche,97.54201153749686,0.3746798850934049,-4.6250313801010634e-7,0.9999996933207134
entidad,04,asistencia_edad,edad,10,97.033324,0.476312,Campeche,97.03332350339133,0.47631173956155287,-4.966086635249667e-7,0.9999994532187996
entidad,04,asistencia_edad,edad,11,96.583229,0.37964,Campeche,96.58322903629536,0.3796399793856279,3.6295361383054114e-8,0.9999999457002104
entidad,04,asistencia_edad,edad,12,94.595055,0.528879,Campeche,94.59505541346974,0.5288793111039812,4.1346973489453376e-7,1.0000005882328118
entidad,04,asistencia_edad,edad,13,91.234756,0.659175,Campeche,91.23475609756098,0.6591752164142405,9.756097085755755e-8,1.0000003283107528
entidad,04,asistencia_edad,edad,14,87.407097,0.796201,Campeche,87.4070966195157,0.7962010772353786,-3.804842947374709e-7,1.000000097004875
entidad,04,asistencia_edad,edad,15,82.034321,1.100969,Campeche,82.03432137285492,1.100968634875086,3.728549131665204e-7,0.9999996683604042
entidad,04,asistencia_edad,edad,16,76.735804,1.104693,Campeche,76.73580371822436,1.1046931661769244,-2.8177564104225894e-7,1.0000001504281502
entidad,04,asistencia_edad,edad,17,69.588154,1.232626,Campeche,69.58815418739883,1.2326255280439213,1.8739882534646313e-7,0.9999996171133185
entidad,04,asistencia_edad,edad,18,54.397748,1.311236,Campeche,54.397748352843344,1.3112363682210975,3.528433438759748e-7,1.0000002808198505
entidad,04,asistencia_edad,edad,19,47.677515,1.702467,Campeche,47.67751479289941,1.7024673134157116,-2.0710059089878996e-7,1.000000184095029
entidad,04,asistencia_edad,edad_sexo,03|Mujeres,53.526841,1.90903,Campeche,53.526841448189764,1.9090301819572535,4.4818976618898887e-7,1.0000000953139834
entidad,04,asistencia_edad,edad_sexo,04|Mujeres,82.942097,1.516472,Campeche,82.94209702660407,1.5164715171318235,2.6604070058056095e-8,0.9999996815845089
entidad,04,asistencia_edad,edad_sexo,05|Mujeres,92.661089,0.896012,Campeche,92.6610890943784,0.8960122823151413,9.43783931006692e-8,1.0000003150796433
entidad,04,asistencia_edad,edad_sexo,06|Mujeres,95.878756,0.762523,Campeche,95.87875565009305,0.7625232929721384,-3.499069407553179e-7,1.0000003842141658
entidad,04,asistencia_edad,edad_sexo,07|Mujeres,96.9548,0.698879,Campeche,96.95479994537757,0.6988791332384231,-5.4622432799078524e-8,1.0000001906459102
entidad,04,asistencia_edad,edad_sexo,08|Mujeres,97.630451,0.637803,Campeche,97.63045122258633,0.637803146973321,2.2258633691762952e-7,1.0000002304368605
entidad,04,asistencia_edad,edad_sexo,09|Mujeres,97.673223,0.490537,Campeche,97.67322277927755,0.4905373237599031,-2.2072244121318363e-7,1.0000006600111777
entidad,04,asistencia_edad,edad_sexo,10|Mujeres,97.174668,0.564949,Campeche,97.1746677840297,0.5649489914324984,-2.1597030297471065e-7,0.9999999848349115
entidad,04,asistencia_edad,edad_sexo,11|Mujeres,96.928493,0.450392,Campeche,96.92849338351341,0.4503920883540302,3.835134094742898e-7,1.0000001961714022
entidad,04,asistencia_edad,edad_sexo,12|Mujeres,94.349524,0.719256,Campeche,94.34952404198194,0.7192561643891515,4.19819343733252e-8,1.000000228554439
entidad,04,asistencia_edad,edad_sexo,13|Mujeres,91.825683,0.858499,Campeche,91.82568334192884,0.8584991439652218,3.419288390205111e-7,1.0000001676941053
entidad,04,asistencia_edad,edad_sexo,14|Mujeres,88.700148,0.959895,Campeche,88.70014771048744,0.9598954212648096,-2.8951255615083937e-7,1.0000004388655108
entidad,04,asistencia_edad,edad_sexo,15|Mujeres,83.156396,1.26703,Campeche,83.15639564992232,1.2670296152856249,-3.5007768417472107e-7,0.99999969636522
entidad,04,asistencia_edad,edad_sexo,16|Mujeres,79.844055,1.252227,Campeche,79.84405458089668,1.2522274046376036,-4.1910331560757186e-7,1.0000003231343868
entidad,04,asistencia_edad,edad_sexo,17|Mujeres,70.434235,1.507757,Campeche,70.43423536815607,1.5077571156804965,3.6815606563322945e-7,1.000000076723568
entidad,04,asistencia_edad,edad_sexo,18|Mujeres,54.776017,1.865881,Campeche,54.776016540317016,1.8658811250451115,-4.5968298678644715e-7,1.0000000670166596
entidad,04,asistencia_edad,edad_sexo,19|Mujeres,50.563631,2.164806,Campeche,50.56363097003857,2.164805508279457,-2.996143422251407e-8,0.9999997728569937
entidad,04,asistencia_edad,edad_sexo,03|Hombres,52.867522,2.175438,Campeche,52.867522028134175,2.175437802068669,2.8134174101523968e-8,0.9999999090154115
entidad,04,asistencia_edad,edad_sexo,04|Hombres,81.257503,1.567184,Campeche,81.25750300120048,1.567184024607538,1.2004761629214045e-9,1.0000000157017543
entidad,04,asistencia_edad,edad_sexo,05|Hombres,91.832446,0.939048,Campeche,91.83244606332306,0.9390481569189421,6.332305702017038e-8,1.0000001671042822
entidad,04,asistencia_edad,edad_sexo,06|Hombres,96.567985,0.560374,Campeche,96.56798532879225,0.5603736925963556,3.2879225386750477e-7,0.9999994514312862
entidad,04,asistencia_edad,edad_sexo,07|Hombres,96.881497,0.692644,Campeche,96.88149688149689,0.6926441745401429,-1.1850310954741872e-7,1.000000251991128
entidad,04,asistencia_edad,edad_sexo,08|Hombres,96.610386,0.625885,Campeche,96.6103862880532,0.6258853067680742,2.8805320084757113e-7,1.0000004901348876
entidad,04,asistencia_edad,edad_sexo,09|Hombres,97.417065,0.454667,Campeche,97.41706451218019,0.4546666178909864,-4.878198041069481e-7,0.999999159584897
entidad,04,asistencia_edad,edad_sexo,10|Hombres,96.896071,0.530964,Campeche,96.89607068123692,0.5309638433022825,-3.187630852607981e-7,0.9999997048807123
entidad,04,asistencia_edad,edad_sexo,11|Hombres,96.215937,0.575012,Campeche,96.21593697533257,0.5750121989402509,-2.466742898832308e-8,1.0000003459758247
entidad,04,asistencia_edad,edad_sexo,12|Hombres,94.809063,0.654672,Campeche,94.80906286565259,0.6546718928716155,-1.3434740253615018e-7,0.9999998363632713
entidad,04,asistencia_edad,edad_sexo,13|Hombres,90.660991,0.95154,Campeche,90.66099148723085,0.9515395007690441,4.872308494441313e-7,0.9999994753442253
entidad,04,asistencia_edad,edad_sexo,14|Hombres,86.179907,1.193051,Campeche,86.17990654205607,1.1930507606057046,-4.5794392633524694e-7,0.9999997993427813
entidad,04,asistencia_edad,edad_sexo,15|Hombres,80.990242,1.403091,Campeche,80.99024213950126,1.403090969328006,1.395012674265672e-7,0.9999999781396972
entidad,04,asistencia_edad,edad_sexo,16|Hombres,73.789876,1.503375,Campeche,73.7898756004434,1.5033750020707095,-3.9955661179646995e-7,1.000000001377374
entidad,04,asistencia_edad,edad_sexo,17|Hombres,68.818681,1.681325,Campeche,68.81868131868131,1.6813254204366017,3.1868131600276683e-7,1.00000025006266
entidad,04,asistencia_edad,edad_sexo,18|Hombres,54.070184,1.666726,Campeche,54.07018381475292,1.666725628110138,-1.852470745689061e-7,0.9999997768740261
entidad,04,asistencia_edad,edad_sexo,19|Hombres,44.806728,2.156064,Campeche,44.80672764827383,2.15606385443985,-3.5172617174339393e-7,0.9999999324880198
entidad,05,asistencia_edad,edad,03,40.759793,1.452607,Coahuila de Zaragoza,40.75979337064141,1.4526067862118601,3.706414091197985e-7,0.9999998528245149
entidad,05,asistencia_edad,edad,04,83.634461,0.903668,Coahuila de Zaragoza,83.63446096019136,0.9036680446355502,-3.980863994001993e-8,1.0000000493937486
entidad,05,asistencia_edad,edad,05,91.63291,0.764276,Coahuila de Zaragoza,91.63290989892634,0.7642755729340507,-1.0107365255862533e-7,0.9999994412150202
entidad,05,asistencia_edad,edad,06,97.104833,0.444121,Coahuila de Zaragoza,97.10483263175308,0.4441206928916288,-3.6824691562742373e-7,0.9999993085029278
entidad,05,asistencia_edad,edad,07,99.051213,0.187848,Coahuila de Zaragoza,99.05121331828443,0.18784754711831014,3.1828442104142596e-7,0.9999975891056075
entidad,05,asistencia_edad,edad,08,98.596151,0.306628,Coahuila de Zaragoza,98.59615090101587,0.30662751275928074,-9.898413111386617e-8,0.9999984109712118
entidad,05,asistencia_edad,edad,09,98.899936,0.221753,Coahuila de Zaragoza,98.89993614886437,0.2217527109849991,1.4886437327277235e-7,0.9999986966805369
entidad,05,asistencia_edad,edad,10,99.004027,0.168439,Coahuila de Zaragoza,99.00402692816083,0.16843931611304264,-7.183916750364006e-8,1.0000018767212024
entidad,05,asistencia_edad,edad,11,98.727705,0.239088,Coahuila de Zaragoza,98.72770470353281,0.2390877272945058,-2.9646719212905737e-7,0.9999988593928002
entidad,05,asistencia_edad,edad,12,97.845839,0.316608,Coahuila de Zaragoza,97.84583870221694,0.316608109167928,-2.977830604322662e-7,1.0000003448047048
entidad,05,asistencia_edad,edad,13,96.832517,0.368035,Coahuila de Zaragoza,96.83251720713625,0.3680353361295389,2.0713625303869776e-7,1.0000009133086225
entidad,05,asistencia_edad,edad,14,93.749071,0.545755,Coahuila de Zaragoza,93.74907078549599,0.5457551741687737,-2.145040127743414e-7,1.000000319133629
entidad,05,asistencia_edad,edad,15,86.211544,0.869671,Coahuila de Zaragoza,86.2115435765582,0.8696711927910319,-4.2344180428699474e-7,1.000000221682719
entidad,05,asistencia_edad,edad,16,81.990573,0.897913,Coahuila de Zaragoza,81.9905726824511,0.8979128312274357,-3.1754889562307653e-7,0.9999998120390681
entidad,05,asistencia_edad,edad,17,72.509709,1.209211,Coahuila de Zaragoza,72.50970906861075,1.2092108077855168,6.861074552944046e-8,0.9999998410414037
entidad,05,asistencia_edad,edad,18,54.060402,1.32614,Coahuila de Zaragoza,54.06040212556845,1.3261402506157507,1.2556844808386813e-7,1.0000001889813674
entidad,05,asistencia_edad,edad,19,46.176589,1.309349,Coahuila de Zaragoza,46.17658916812256,1.3093494776225094,1.6812256120601887e-7,1.0000003647786109
entidad,05,asistencia_edad,edad_sexo,03|Mujeres,39.537819,1.925315,Coahuila de Zaragoza,39.537818783183916,1.9253155043500847,-2.1681608330936797e-7,1.0000002619571782
entidad,05,asistencia_edad,edad_sexo,04|Mujeres,84.317868,1.224861,Coahuila de Zaragoza,84.31786823042428,1.2248612434480646,2.3042427699238033e-7,1.0000001987556666
entidad,05,asistencia_edad,edad_sexo,05|Mujeres,91.754111,1.050288,Coahuila de Zaragoza,91.7541108832871,1.0502880628751912,-1.1671289712467114e-7,1.0000000598647143
entidad,05,asistencia_edad,edad_sexo,06|Mujeres,97.565806,0.433584,Coahuila de Zaragoza,97.56580605667783,0.4335835041402462,5.667783398166648e-8,0.9999988563698066
entidad,05,asistencia_edad,edad_sexo,07|Mujeres,98.935558,0.330481,Coahuila de Zaragoza,98.93555811277331,0.33048094319367155,1.1277330713710398e-7,0.9999998281101532
entidad,05,asistencia_edad,edad_sexo,08|Mujeres,98.708553,0.392258,Coahuila de Zaragoza,98.7085527252028,0.39225839323282097,-2.74797201882393e-7,1.0000010024851527
entidad,05,asistencia_edad,edad_sexo,09|Mujeres,98.758932,0.376056,Coahuila de Zaragoza,98.75893192929672,0.3760556769914442,-7.070327967539924e-8,0.9999991410626189
entidad,05,asistencia_edad,edad_sexo,10|Mujeres,99.036283,0.216867,Coahuila de Zaragoza,99.03628289175553,0.21686682393134313,-1.0824446405877097e-7,0.9999991881261009
entidad,05,asistencia_edad,edad_sexo,11|Mujeres,98.849118,0.359748,Coahuila de Zaragoza,98.84911836131349,0.3597478233137393,3.613134822444408e-7,0.9999995088610341
entidad,05,asistencia_edad,edad_sexo,12|Mujeres,97.89228,0.5337,Coahuila de Zaragoza,97.8922795858989,0.5336999528349619,-4.1410109474782075e-7,0.9999999116263105
entidad,05,asistencia_edad,edad_sexo,13|Mujeres,97.07047,0.603566,Coahuila de Zaragoza,97.07046979865773,0.6035657929612185,-2.0134227440848917e-7,0.9999996569740814
entidad,05,asistencia_edad,edad_sexo,14|Mujeres,94.516108,0.735522,Coahuila de Zaragoza,94.5161076933254,0.7355217444979201,-3.066746074864568e-7,0.9999996526248298
entidad,05,asistencia_edad,edad_sexo,15|Mujeres,86.674622,1.217657,Coahuila de Zaragoza,86.67462211614956,1.2176574879529902,1.1614956463290582e-7,1.000000400731068
entidad,05,asistencia_edad,edad_sexo,16|Mujeres,82.889322,1.229531,Coahuila de Zaragoza,82.88932207060861,1.2295306423398595,7.060860696128657e-8,0.9999997091084809
entidad,05,asistencia_edad,edad_sexo,17|Mujeres,75.88338,1.626715,Coahuila de Zaragoza,75.88337988826815,1.6267153704175936,-1.1173185043844569e-7,1.000000227708968
entidad,05,asistencia_edad,edad_sexo,18|Mujeres,58.24063,1.824662,Coahuila de Zaragoza,58.2406303800821,1.8246623982143357,3.8008209912732127e-7,1.0000002182400554
entidad,05,asistencia_edad,edad_sexo,19|Mujeres,50.774677,1.855228,Coahuila de Zaragoza,50.7746773763752,1.8552281916966329,3.763752047802882e-7,1.0000001033278028
entidad,05,asistencia_edad,edad_sexo,03|Hombres,41.95554,1.828637,Coahuila de Zaragoza,41.95554041393408,1.8286373878696989,4.1393408167778034e-7,1.0000002121086355
entidad,05,asistencia_edad,edad_sexo,04|Hombres,82.963778,1.348066,Coahuila de Zaragoza,82.9637779282329,1.3480655910780723,-7.176710425937927e-8,0.9999996966603062
entidad,05,asistencia_edad,edad_sexo,05|Hombres,91.516878,1.05462,Coahuila de Zaragoza,91.51687771833262,1.054619630933228,-2.8166738275103853e-7,0.9999996500476268
entidad,05,asistencia_edad,edad_sexo,06|Hombres,96.624108,0.715689,Coahuila de Zaragoza,96.62410814870447,0.7156889577315177,1.4870445852466219e-7,0.9999999409401538
entidad,05,asistencia_edad,edad_sexo,07|Hombres,99.162514,0.158611,Coahuila de Zaragoza,99.1625138427464,0.15861121296466862,-1.5725359503449e-7,1.0000013426853662
entidad,05,asistencia_edad,edad_sexo,08|Hombres,98.493102,0.371355,Coahuila de Zaragoza,98.49310153625362,0.37135533329276316,-4.637463746348658e-7,1.000000897504445
entidad,05,asistencia_edad,edad_sexo,09|Hombres,99.032772,0.243892,Coahuila de Zaragoza,99.03277236492471,0.2438915395499677,3.649247162229585e-7,0.9999981120740643
entidad,05,asistencia_edad,edad_sexo,10|Hombres,98.97062,0.252095,Coahuila de Zaragoza,98.97062044366571,0.2520948782150143,4.436657121686949e-7,0.9999995169083651
entidad,05,asistencia_edad,edad_sexo,11|Hombres,98.611439,0.317962,Coahuila de Zaragoza,98.61143877860538,0.3179619165339443,-2.213946288520674e-7,0.9999997374967583
entidad,05,asistencia_edad,edad_sexo,12|Hombres,97.801524,0.347779,Coahuila de Zaragoza,97.80152376033058,0.347778532992826,-2.396694185335946e-7,0.9999986571725895
entidad,05,asistencia_edad,edad_sexo,13|Hombres,96.584633,0.453259,Coahuila de Zaragoza,96.58463259456059,0.45325904874553324,-4.0543940826864855e-7,1.0000001075445457
entidad,05,asistencia_edad,edad_sexo,14|Hombres,92.98373,0.792085,Coahuila de Zaragoza,92.98372990990397,0.7920848315073152,-9.009602308651665e-8,0.999999787279541
entidad,05,asistencia_edad,edad_sexo,15|Hombres,85.765979,1.086007,Coahuila de Zaragoza,85.76597891513865,1.0860069423160126,-8.486135527618899e-8,0.9999999468843319
entidad,05,asistencia_edad,edad_sexo,16|Hombres,81.090751,1.268948,Coahuila de Zaragoza,81.09075138241353,1.2689483137649105,3.824135319518973e-7,1.0000002472638048
entidad,05,asistencia_edad,edad_sexo,17|Hombres,69.296262,1.698967,Coahuila de Zaragoza,69.29626180657176,1.6989670449531171,-1.9342823520673846e-7,1.000000026459088
entidad,05,asistencia_edad,edad_sexo,18|Hombres,49.827338,1.75709,Coahuila de Zaragoza,49.82733764709827,1.7570901524068336,-3.5290172917257223e-7,1.0000000867382055
entidad,05,asistencia_edad,edad_sexo,19|Hombres,41.49818,1.943386,Coahuila de Zaragoza,41.49817956464482,1.9433860167845471,-4.353551759095353e-7,1.0000000086367542
entidad,06,asistencia_edad,edad,03,40.770267,1.734125,Colima,40.770267235571524,1.7341251516109462,2.3557152672992743e-7,1.0000000874279227
entidad,06,asistencia_edad,edad,04,86.016949,1.187863,Colima,86.01694915254238,1.1878625572022972,1.525423840575968e-7,0.9999996272316735
entidad,06,asistencia_edad,edad,05,91.588595,0.946082,Colima,91.58859470468433,0.9460820640438036,-2.9531567236062983e-7,1.0000000676937133
entidad,06,asistencia_edad,edad,06,95.98824,0.606305,Colima,95.9882397572079,0.6063046391866905,-2.4279211174871307e-7,0.9999994048980143
entidad,06,asistencia_edad,edad,07,98.427855,0.365876,Colima,98.42785493827161,0.36587637645361853,-6.172838595830399e-8,1.000001028910392
entidad,06,asistencia_edad,edad,08,97.939694,0.361431,Colima,97.93969404898753,0.3614305887589176,4.898753047655191e-8,0.9999988621864687
entidad,06,asistencia_edad,edad,09,98.129984,0.397726,Colima,98.12998441653681,0.39772556039987406,4.1653682103515166e-7,0.9999988947161463
entidad,06,asistencia_edad,edad,10,98.378751,0.317049,Colima,98.3787512935495,0.31704905858940635,2.935495047040604e-7,1.000000184796061
entidad,06,asistencia_edad,edad,11,97.70466,0.366067,Colima,97.70466049921453,0.3660666328259522,4.99214522164948e-7,0.9999989969758329
entidad,06,asistencia_edad,edad,12,96.665024,0.436283,Colima,96.66502382125842,0.4362829785951875,-1.7874158686481678e-7,0.9999999509382386
entidad,06,asistencia_edad,edad,13,94.548361,0.588096,Colima,94.54836131095124,0.5880961081640513,3.109512363153044e-7,1.0000001839224402
entidad,06,asistencia_edad,edad,14,91.438412,0.846922,Colima,91.43841233393472,0.8469218474813719,3.339347216524402e-7,0.9999998199141975
entidad,06,asistencia_edad,edad,15,84.587214,0.993736,Colima,84.58721439375846,0.9937358353132262,3.937584551749751e-7,0.9999998342751256
entidad,06,asistencia_edad,edad,16,81.260378,1.130905,Colima,81.2603779552463,1.1309052924577714,-4.475370474210649e-8,1.000000258605074
entidad,06,asistencia_edad,edad,17,73.477345,1.241386,Colima,73.47734539499338,1.2413859246792123,3.9499337844972615e-7,0.9999999393252479
entidad,06,asistencia_edad,edad,18,56.369212,1.432899,Colima,56.36921235694518,1.432899475956034,3.5694517919182545e-7,1.0000003321630024
entidad,06,asistencia_edad,edad,19,50.340074,1.604383,Colima,50.34007436292735,1.6043827510942077,3.6292735217102745e-7,0.9999998448588696
entidad,06,asistencia_edad,edad_sexo,03|Mujeres,40.669094,2.30297,Colima,40.669094219390075,2.302970274954409,2.1939007410765043e-7,1.000000119391225
entidad,06,asistencia_edad,edad_sexo,04|Mujeres,88.607022,1.513329,Colima,88.60702151755379,1.5133293203953424,-4.824462109809247e-7,1.0000002117155902
entidad,06,asistencia_edad,edad_sexo,05|Mujeres,92.194005,1.298748,Colima,92.19400499583679,1.2987479000877176,-4.163211997365579e-9,0.9999999230703089
entidad,06,asistencia_edad,edad_sexo,06|Mujeres,96.930995,0.744822,Colima,96.93099504384293,0.7448224256045088,4.3842931063409196e-8,1.0000005714177467
entidad,06,asistencia_edad,edad_sexo,07|Mujeres,98.143133,0.612469,Colima,98.14313346228239,0.612468514957745,4.622823865929604e-7,0.9999992080541954
entidad,06,asistencia_edad,edad_sexo,08|Mujeres,98.481763,0.457552,Colima,98.48176263654878,0.4575521527685832,-3.6345122111924866e-7,1.0000003338824508
entidad,06,asistencia_edad,edad_sexo,09|Mujeres,97.964952,0.609219,Colima,97.96495195025439,0.6092185102034502,-4.974560852133436e-8,0.9999991960254855
entidad,06,asistencia_edad,edad_sexo,10|Mujeres,98.327338,0.4894,Colima,98.3273381294964,0.48940025182457114,1.2949639938142354e-7,1.0000005145577668
entidad,06,asistencia_edad,edad_sexo,11|Mujeres,97.824832,0.477431,Colima,97.82483156881618,0.47743149944947677,-4.3118382109241793e-7,1.0000010461186575
entidad,06,asistencia_edad,edad_sexo,12|Mujeres,97.156727,0.533217,Colima,97.15672676837725,0.5332167259452403,-2.316227494247869e-7,0.9999994860352168
entidad,06,asistencia_edad,edad_sexo,13|Mujeres,95.740498,0.793474,Colima,95.74049803407601,0.7934740376882601,3.407600956961687e-8,1.0000000474977884
entidad,06,asistencia_edad,edad_sexo,14|Mujeres,93.046358,1.037077,Colima,93.04635761589404,1.0370765465182428,-3.841059594833496e-7,0.9999995627308703
entidad,06,asistencia_edad,edad_sexo,15|Mujeres,85.716718,1.306973,Colima,85.71671773918965,1.306972967821096,-2.608103528700667e-7,0.9999999753790598
entidad,06,asistencia_edad,edad_sexo,16|Mujeres,86.252446,1.350587,Colima,86.25244618395304,1.3505872956836984,1.839530341385398e-7,1.0000002189297679
entidad,06,asistencia_edad,edad_sexo,17|Mujeres,77.875817,1.720523,Colima,77.87581699346406,1.7205225560841753,-6.535941565743997e-9,0.9999997419878579
entidad,06,asistencia_edad,edad_sexo,18|Mujeres,62.675715,1.952283,Colima,62.6757149781871,1.9522829115814322,-2.1812894601680455e-8,0.9999999547101687
entidad,06,asistencia_edad,edad_sexo,19|Mujeres,55.979938,2.22083,Colima,55.97993827160494,2.220830039530485,2.716049394280162e-7,1.00000001779987
entidad,06,asistencia_edad,edad_sexo,03|Hombres,40.868794,2.337353,Colima,40.86879432624114,2.3373529633021857,3.262411354398864e-7,0.999999984299413
entidad,06,asistencia_edad,edad_sexo,04|Hombres,83.505381,1.713174,Colima,83.50538106742806,1.7131740099853188,6.742806135662249e-8,1.0000000058285492
entidad,06,asistencia_edad,edad_sexo,05|Hombres,91.008772,1.33406,Colima,91.00877192982456,1.3340603551023038,-7.017543168785778e-8,1.000000266181659
entidad,06,asistencia_edad,edad_sexo,06|Hombres,95.054738,0.91861,Colima,95.0547376368441,0.9186101700475353,-3.6315590534741204e-7,1.0000001851139606
entidad,06,asistencia_edad,edad_sexo,07|Hombres,98.711043,0.388501,Colima,98.71104270873413,0.3885014273362792,-2.912658771947463e-7,1.0000010999618514
entidad,06,asistencia_edad,edad_sexo,08|Hombres,97.444144,0.551829,Colima,97.44414353419093,0.5518294198110717,-4.6580906598592264e-7,1.0000007607629748
entidad,06,asistencia_edad,edad_sexo,09|Hombres,98.286326,0.510088,Colima,98.28632631203142,0.5100877515366838,3.1203141759306163e-7,0.9999995129010756
entidad,06,asistencia_edad,edad_sexo,10|Hombres,98.42611,0.370324,Colima,98.42611000662691,0.3703236311535748,6.62691945763072e-9,0.9999990039899516
entidad,06,asistencia_edad,edad_sexo,11|Hombres,97.604982,0.545849,Colima,97.60498163819256,0.545849398134758,-3.6180745155434124e-7,1.0000007293862552
entidad,06,asistencia_edad,edad_sexo,12|Hombres,96.222292,0.685757,Colima,96.22229160162348,0.685756996468486,-3.9837651399921015e-7,0.9999999948501963
entidad,06,asistencia_edad,edad_sexo,13|Hombres,93.412426,0.885354,Colima,93.41242585076492,0.8853535012824275,-1.4923507762887311e-7,0.9999994367026382
entidad,06,asistencia_edad,edad_sexo,14|Hombres,89.860253,1.218183,Colima,89.86025349366265,1.218183122745685,4.936626538665223e-7,1.0000001007612853
entidad,06,asistencia_edad,edad_sexo,15|Hombres,83.595035,1.387264,Colima,83.59503514281441,1.3872639332118266,1.4281441451657884e-7,0.9999999518561907
entidad,06,asistencia_edad,edad_sexo,16|Hombres,76.561781,1.705328,Colima,76.5617805065234,1.7053283994160315,-4.934765911457362e-7,1.0000002342165446
entidad,06,asistencia_edad,edad_sexo,17|Hombres,69.461435,1.781928,Colima,69.46143517827838,1.7819281725239329,1.7827838405537477e-7,1.000000096818689
entidad,06,asistencia_edad,edad_sexo,18|Hombres,50.933148,1.937921,Colima,50.93314763231198,1.9379213540385065,-3.676880240277569e-7,1.000000182689855
entidad,06,asistencia_edad,edad_sexo,19|Hombres,45.3363,2.171248,Colima,45.336299845969535,2.1712477793854106,-1.540304666036718e-7,0.9999998983927265
entidad,07,asistencia_edad,edad,03,50.809079,0.511968,Chiapas,50.809079061685495,0.5119780192631951,6.168549759877351e-8,1.000019570096559
entidad,07,asistencia_edad,edad,04,74.557248,0.442911,Chiapas,74.55724794993715,0.44291697018791576,-5.006285164199653e-8,1.0000134794302145
entidad,07,asistencia_edad,edad,05,84.048959,0.399138,Chiapas,84.04895923195845,0.39914236841263456,2.319584524457241e-7,1.0000109446172365
entidad,07,asistencia_edad,edad,06,92.028025,0.259119,Chiapas,92.02802467129182,0.25912500558417223,-3.2870818245100963e-7,1.0000231769348147
entidad,07,asistencia_edad,edad,07,95.128979,0.182913,Chiapas,95.12897867868885,0.18292035835576426,-3.213111483546527e-7,1.0000402287194692
entidad,07,asistencia_edad,edad,08,95.645194,0.157936,Chiapas,95.64519414904453,0.15794391206242042,1.4904452427799697e-7,1.0000500966367416
entidad,07,asistencia_edad,edad,09,95.55692,0.179547,Chiapas,95.55692020273659,0.1795507409942142,2.0273658662972593e-7,1.0000208357377967
entidad,07,asistencia_edad,edad,10,95.131912,0.151739,Chiapas,95.13191198621097,0.15174443597656687,-1.3789033914690663e-8,1.000035824518198
entidad,07,asistencia_edad,edad,11,93.328451,0.199453,Chiapas,93.32845143226362,0.19945639357587439,4.3226361867709784e-7,1.0000170144137936
entidad,07,asistencia_edad,edad,12,84.446624,0.310925,Chiapas,84.44662355147751,0.31093476723449587,-4.485224849304359e-7,1.0000314134742971
entidad,07,asistencia_edad,edad,13,79.284113,0.359506,Chiapas,79.28411340324243,0.359521175880333,4.0324242434053303e-7,1.0000422131489684
entidad,07,asistencia_edad,edad,14,72.496709,0.416144,Chiapas,72.49670944389602,0.4161586792098107,4.4389602749106416e-7,1.0000352743516925
entidad,07,asistencia_edad,edad,15,61.439148,0.467065,Chiapas,61.43914815739123,0.46708445000814125,1.5739122716240672e-7,1.000041643043562
entidad,07,asistencia_edad,edad,16,56.580442,0.493354,Chiapas,56.580442191732935,0.4933717111860167,1.9173293708263373e-7,1.0000358995488365
entidad,07,asistencia_edad,edad,17,50.134883,0.513253,Chiapas,50.1348831157566,0.5132676195886118,1.157565989728937e-7,1.0000284841756635
entidad,07,asistencia_edad,edad,18,29.961595,0.531917,Chiapas,29.961595374338184,0.5319245513633974,3.7433818533827434e-7,1.000014196506969
entidad,07,asistencia_edad,edad,19,28.355617,0.663292,Chiapas,28.35561748670139,0.6632963751856216,4.867013920772933e-7,1.000006596168236
entidad,07,asistencia_edad,edad_sexo,03|Mujeres,51.594791,0.650568,Chiapas,51.594790893119125,0.6505743225724681,-1.0688087570542848e-7,1.0000097185420556
entidad,07,asistencia_edad,edad_sexo,04|Mujeres,74.843365,0.567862,Chiapas,74.84336501231961,0.5678657706147093,1.2319603115429345e-8,1.0000066400194225
entidad,07,asistencia_edad,edad_sexo,05|Mujeres,83.843782,0.522378,Chiapas,83.84378211716341,0.522381261452892,1.1716340964085248e-7,1.0000062434729104
entidad,07,asistencia_edad,edad_sexo,06|Mujeres,92.183951,0.371563,Chiapas,92.18395091026206,0.37156688281972905,-8.973793796940299e-8,1.0000104499633415
entidad,07,asistencia_edad,edad_sexo,07|Mujeres,95.054274,0.248956,Chiapas,95.05427396741841,0.24896366165845799,-3.258159608776623e-8,1.000030775150862
entidad,07,asistencia_edad,edad_sexo,08|Mujeres,95.842401,0.1863,Chiapas,95.84240064139273,0.18630828852207734,-3.5860726654846076e-7,1.0000444901882841
entidad,07,asistencia_edad,edad_sexo,09|Mujeres,95.571002,0.223437,Chiapas,95.57100193855987,0.22343969620183032,-6.144011877040612e-8,1.0000120669442856
entidad,07,asistencia_edad,edad_sexo,10|Mujeres,94.99091,0.215418,Chiapas,94.99090966083631,0.2154220785915012,-3.3916369091002707e-7,1.0000189333830098
entidad,07,asistencia_edad,edad_sexo,11|Mujeres,93.48545,0.238705,Chiapas,93.48545031409124,0.23870854274506964,3.14091238351466e-7,1.0000148415201593
entidad,07,asistencia_edad,edad_sexo,12|Mujeres,84.18122,0.378204,Chiapas,84.1812199443179,0.3782159919553755,-5.568209360262699e-8,1.0000317076376122
entidad,07,asistencia_edad,edad_sexo,13|Mujeres,78.218263,0.455128,Chiapas,78.21826280623608,0.45514293574813997,-1.9376390980596625e-7,1.0000328165881687
entidad,07,asistencia_edad,edad_sexo,14|Mujeres,71.987707,0.527439,Chiapas,71.98770662015117,0.5274542497364608,-3.7984882794717123e-7,1.0000289127964765
entidad,07,asistencia_edad,edad_sexo,15|Mujeres,60.537634,0.589624,Chiapas,60.537634408602145,0.5896429961241524,4.086021476723545e-7,1.0000322173523335
entidad,07,asistencia_edad,edad_sexo,16|Mujeres,56.385551,0.661975,Chiapas,56.38555061140115,0.6619887635102544,-3.8859884909925313e-7,1.0000207915861692
entidad,07,asistencia_edad,edad_sexo,17|Mujeres,49.950299,0.687484,Chiapas,49.95029907748113,0.6874962991058131,7.748112551553277e-8,1.0000178900248051
entidad,07,asistencia_edad,edad_sexo,18|Mujeres,29.615624,0.683645,Chiapas,29.61562370493162,0.6836505729325036,-2.9506837861958957e-7,1.0000081517929682
entidad,07,asistencia_edad,edad_sexo,19|Mujeres,29.657433,0.850708,Chiapas,29.657432861069992,0.8507123827136757,-1.3893000883058448e-7,1.0000051518425543
entidad,07,asistencia_edad,edad_sexo,03|Hombres,50.024419,0.662598,Chiapas,50.02441892014109,0.6626067492379027,-7.98589141481898e-8,1.0000132044435732
entidad,07,asistencia_edad,edad_sexo,04|Hombres,74.271819,0.550488,Chiapas,74.27181909159542,0.5504938573295607,9.159542457837233e-8,1.0000106402493074
entidad,07,asistencia_edad,edad_sexo,05|Hombres,84.253028,0.481472,Chiapas,84.25302826379543,0.481474909047222,2.637954281681232e-7,1.000006041986288
entidad,07,asistencia_edad,edad_sexo,06|Hombres,91.86916,0.364546,Chiapas,91.86916049254789,0.3645502377654435,4.92547897579243e-7,1.0000116247755935
entidad,07,asistencia_edad,edad_sexo,07|Hombres,95.20151,0.245094,Chiapas,95.20150986254238,0.24509766901052865,-1.3745761862082873e-7,1.0000149698096594
entidad,07,asistencia_edad,edad_sexo,08|Hombres,95.449528,0.223239,Chiapas,95.44952758206435,0.22324344551440636,-4.1793565230818785e-7,1.0000199136996957
entidad,07,asistencia_edad,edad_sexo,09|Hombres,95.543104,0.238433,Chiapas,95.54310389143062,0.23843551647441708,-1.0856938104097935e-7,1.0000105542203348
entidad,07,asistencia_edad,edad_sexo,10|Hombres,95.270333,0.188025,Chiapas,95.27033264609041,0.18802965257918927,-3.5390958430525643e-7,1.000024744471157
entidad,07,asistencia_edad,edad_sexo,11|Hombres,93.176187,0.29708,Chiapas,93.17618708210298,0.2970824521008852,8.210298574340413e-8,1.0000082540086346
entidad,07,asistencia_edad,edad_sexo,12|Hombres,84.703648,0.395481,Chiapas,84.70364753282166,0.39548559172161485,-4.671783386811512e-7,1.0000116104733598
entidad,07,asistencia_edad,edad_sexo,13|Hombres,80.332257,0.447465,Chiapas,80.3322571748406,0.4474754149683726,1.7484060776951083e-7,1.0000232754927707
entidad,07,asistencia_edad,edad_sexo,14|Hombres,72.996007,0.510846,Chiapas,72.9960074961297,0.5108557386001267,4.961297008776455e-7,1.0000190636710997
entidad,07,asistencia_edad,edad_sexo,15|Hombres,62.351071,0.583741,Chiapas,62.35107095046855,0.5837534438403006,-4.953145094077627e-8,1.0000213173998411
entidad,07,asistencia_edad,edad_sexo,16|Hombres,56.77443,0.611537,Chiapas,56.77442979702867,0.6115495263270239,-2.0297133573876636e-7,1.0000204833510056
entidad,07,asistencia_edad,edad_sexo,17|Hombres,50.317559,0.647475,Chiapas,50.317558938248595,0.6474864018721147,-6.175140754294262e-8,1.000017609748816
entidad,07,asistencia_edad,edad_sexo,18|Hombres,30.301181,0.738563,Chiapas,30.30118133590956,0.7385688921722545,3.359095614996477e-7,1.000007977887133
entidad,07,asistencia_edad,edad_sexo,19|Hombres,26.928338,0.824365,Chiapas,26.92833793151415,0.8243683333224496,-6.848584988006223e-8,1.00000404350312
entidad,08,asistencia_edad,edad,03,25.106409,1.58447,Chihuahua,25.10640873055897,1.5844704881245186,-2.6944102771153666e-7,1.0000003080680093
entidad,08,asistencia_edad,edad,04,60.006305,2.046113,Chihuahua,60.006304507723016,2.046113404798372,-4.922769818449524e-7,1.00000019783774
entidad,08,asistencia_edad,edad,05,85.732355,1.192125,Chihuahua,85.73235468848814,1.1921250524177696,-3.1151185453381913e-7,1.0000000439700278
entidad,08,asistencia_edad,edad,06,92.845258,0.755999,Chihuahua,92.84525790349417,0.7559994326989238,-9.650582910580852e-8,1.000000572353831
entidad,08,asistencia_edad,edad,07,96.453658,0.521213,Chihuahua,96.4536580094377,0.5212138382710274,9.43769862260524e-9,1.0000016083079803
entidad,08,asistencia_edad,edad,08,96.925482,0.444749,Chihuahua,96.9254820218864,0.444750161695741,2.188639314226748e-8,1.0000026120255268
entidad,08,asistencia_edad,edad,09,97.850553,0.336887,Chihuahua,97.85055290191717,0.3368880092384475,-9.808283607526391e-8,1.00000299577736
entidad,08,asistencia_edad,edad,10,97.441139,0.407659,Chihuahua,97.44113884027706,0.4076596757808525,-1.5972294420407707e-7,1.0000016577111077
entidad,08,asistencia_edad,edad,11,96.259442,0.775881,Chihuahua,96.2594423048315,0.7758816859973846,3.0483148805160454e-7,1.0000008841528334
entidad,08,asistencia_edad,edad,12,95.8405,0.500498,Chihuahua,95.8404996831719,0.5004990259800638,-3.1682810686106677e-7,1.0000020499184088
entidad,08,asistencia_edad,edad,13,94.185133,0.492729,Chihuahua,94.18513305620111,0.4927296899510712,5.6201116649390315e-8,1.000001400264793
entidad,08,asistencia_edad,edad,14,90.562628,0.778191,Chihuahua,90.56262756890668,0.7781915354282547,-4.310933263695915e-7,1.000000688042209
entidad,08,asistencia_edad,edad,15,85.169165,0.990099,Chihuahua,85.16916540959886,0.9900996796538849,4.095988543895146e-7,1.0000006864504307
entidad,08,asistencia_edad,edad,16,74.789903,1.456587,Chihuahua,74.78990291262136,1.4565877939473042,-8.737863765873044e-8,1.0000005450737266
entidad,08,asistencia_edad,edad,17,70.511712,1.538213,Chihuahua,70.51171246349168,1.5382136474559807,4.634916734858052e-7,1.000000420914386
entidad,08,asistencia_edad,edad,18,47.413133,1.619723,Chihuahua,47.413133422394004,1.6197231096443763,4.223940024417061e-7,1.0000000676932885
entidad,08,asistencia_edad,edad,19,44.219356,1.899254,Chihuahua,44.21935585977684,1.8992541576281639,-1.402231575298174e-7,1.000000082994778
entidad,08,asistencia_edad,edad_sexo,03|Mujeres,28.08315,2.239545,Chihuahua,28.083150109934042,2.239544794123791,1.0993404231385284e-7,0.9999999080723053
entidad,08,asistencia_edad,edad_sexo,04|Mujeres,58.21424,3.153703,Chihuahua,58.21424000682565,3.1537028973705388,6.825651155395462e-9,0.9999999674574741
entidad,08,asistencia_edad,edad_sexo,05|Mujeres,85.361963,1.615628,Chihuahua,85.36196266114776,1.6156284221761747,-3.388522458180887e-7,1.0000002613077854
entidad,08,asistencia_edad,edad_sexo,06|Mujeres,94.470228,0.844359,Chihuahua,94.47022845835582,0.8443597940199271,4.5835581374831236e-7,1.0000009403819077
entidad,08,asistencia_edad,edad_sexo,07|Mujeres,96.994622,0.644302,Chihuahua,96.9946219550775,0.6443020496815548,-4.492250127441366e-8,1.0000000771091115
entidad,08,asistencia_edad,edad_sexo,08|Mujeres,97.398918,0.527081,Chihuahua,97.39891754218402,0.5270813258881286,-4.5781597179939126e-7,1.0000006182885146
entidad,08,asistencia_edad,edad_sexo,09|Mujeres,98.233565,0.322396,Chihuahua,98.23356535189481,0.32239663811968033,3.5189481195629924e-7,1.0000019793039625
entidad,08,asistencia_edad,edad_sexo,10|Mujeres,97.794139,0.542779,Chihuahua,97.79413896054959,0.5427794785145227,-3.945041271435912e-8,1.0000008816010248
entidad,08,asistencia_edad,edad_sexo,11|Mujeres,96.699241,1.053087,Chihuahua,96.69924144057951,1.0530867546118812,4.4057951242848503e-7,0.9999997669821022
entidad,08,asistencia_edad,edad_sexo,12|Mujeres,96.654387,0.494542,Chihuahua,96.6543873422308,0.4945424995408031,3.422308054723544e-7,1.0000010101079446
entidad,08,asistencia_edad,edad_sexo,13|Mujeres,94.255631,0.732068,Chihuahua,94.25563108090097,0.7320686747684698,8.090097480817349e-8,1.0000009217292243
entidad,08,asistencia_edad,edad_sexo,14|Mujeres,91.362808,1.064262,Chihuahua,91.36280765724703,1.0642628408065957,-3.427529691180098e-7,1.0000007900372236
entidad,08,asistencia_edad,edad_sexo,15|Mujeres,88.032884,1.167969,Chihuahua,88.03288387880298,1.16796927123782,-1.2119701864321542e-7,1.0000002322303245
entidad,08,asistencia_edad,edad_sexo,16|Mujeres,80.557388,1.729581,Chihuahua,80.55738838093443,1.7295810793529969,3.8093442356057494e-7,1.0000000458798963
entidad,08,asistencia_edad,edad_sexo,17|Mujeres,74.418534,1.957946,Chihuahua,74.41853403777252,1.9579461266076978,3.77725228872805e-8,1.000000064663529
entidad,08,asistencia_edad,edad_sexo,18|Mujeres,48.872807,2.14355,Chihuahua,48.87280748950823,2.1435504961666525,4.895082312827981e-7,1.0000002314695962
entidad,08,asistencia_edad,edad_sexo,19|Mujeres,47.951762,2.337331,Chihuahua,47.951761705343365,2.3373311408252886,-2.94656636867785e-7,1.0000000602504688
entidad,08,asistencia_edad,edad_sexo,03|Hombres,22.074273,1.905131,Chihuahua,22.074273149279257,1.9051307660474353,1.49279255623469e-7,0.9999998771986994
entidad,08,asistencia_edad,edad_sexo,04|Hombres,61.74619,2.27825,Chihuahua,61.746189529489726,2.278249801178212,-4.7051027252109634e-7,0.9999999127304783
entidad,08,asistencia_edad,edad_sexo,05|Hombres,86.028702,1.570563,Chihuahua,86.02870153166828,1.5705632379050878,-4.6833172007154644e-7,1.0000001514775834
entidad,08,asistencia_edad,edad_sexo,06|Hombres,91.334738,1.180768,Chihuahua,91.33473796862981,1.1807684410359292,-3.1370191777568834e-8,1.00000037351616
entidad,08,asistencia_edad,edad_sexo,07|Hombres,95.885199,0.839331,Chihuahua,95.88519927603147,0.8393312483920892,2.7603147145782714e-7,1.0000002959405636
entidad,08,asistencia_edad,edad_sexo,08|Hombres,96.459567,0.717473,Chihuahua,96.45956700191121,0.7174739358089962,1.9112036397928023e-9,1.0000013043124916
entidad,08,asistencia_edad,edad_sexo,09|Hombres,97.420766,0.611311,Chihuahua,97.42076578609365,0.6113113474562438,-2.1390634685758414e-7,1.000000568378851
entidad,08,asistencia_edad,edad_sexo,10|Hombres,97.077612,0.606331,Chihuahua,97.0776119402985,0.6063310710766038,-5.970150596112944e-8,1.0000001172240969
entidad,08,asistencia_edad,edad_sexo,11|Hombres,95.847341,0.958,Chihuahua,95.84734095347869,0.9579999074827757,-4.652130769500218e-8,0.9999999034266971
entidad,08,asistencia_edad,edad_sexo,12|Hombres,95.027741,0.858647,Chihuahua,95.02774092389338,0.8586473305482604,-7.610663033119636e-8,1.0000003849640893
entidad,08,asistencia_edad,edad_sexo,13|Hombres,94.117079,0.625852,Chihuahua,94.11707944676745,0.6258525459986094,4.4676744437310845e-7,1.0000008724085079
entidad,08,asistencia_edad,edad_sexo,14|Hombres,89.828179,1.154577,Chihuahua,89.82817869415808,1.1545779384591857,-3.0584192245441955e-7,1.0000008128164564
entidad,08,asistencia_edad,edad_sexo,15|Hombres,82.369951,1.56356,Chihuahua,82.36995099382096,1.5635606748663673,-6.1790359495716984e-9,1.0000004316216629
entidad,08,asistencia_edad,edad_sexo,16|Hombres,69.150178,2.079269,Chihuahua,69.1501781983532,2.079268664291398,1.9835320586025773e-7,0.9999998385448914
entidad,08,asistencia_edad,edad_sexo,17|Hombres,66.746649,2.011761,Chihuahua,66.7466494996196,2.0117610106036174,4.996195883677501e-7,1.0000000052708138
entidad,08,asistencia_edad,edad_sexo,18|Hombres,46.054246,2.07401,Chihuahua,46.05424628715971,2.074010413553512,2.871597075682075e-7,1.0000001993980319
entidad,08,asistencia_edad,edad_sexo,19|Hombres,40.4474,2.642717,Chihuahua,40.44740024183797,2.6427166656527343,2.41837966541425e-7,0.9999998734835149
entidad,09,asistencia_edad,edad,03,47.158821,1.347157,Ciudad de México,47.15882056088241,1.347156637285989,-4.391175920659407e-7,0.9999997307559467
entidad,09,asistencia_edad,edad,04,82.056514,0.973749,Ciudad de México,82.05651376146788,0.973748765585832,-2.3853212383073696e-7,0.9999997592663326
entidad,09,asistencia_edad,edad,05,90.059577,0.607817,Ciudad de México,90.05957735278398,0.6078170002855108,3.527839709249747e-7,1.0000000004697314
entidad,09,asistencia_edad,edad,06,95.563773,0.458674,Ciudad de México,95.56377305068405,0.4586742307334705,5.0684050734162156e-8,1.0000005030445818
entidad,09,asistencia_edad,edad,07,98.785448,0.196234,Ciudad de México,98.78544823015928,0.19623354657430434,2.3015927297365124e-7,0.9999976893622121
entidad,09,asistencia_edad,edad,08,99.116175,0.150565,Ciudad de México,99.11617494878672,0.150564792673098,-5.1213277174610994e-8,0.9999986230073257
entidad,09,asistencia_edad,edad,09,99.292177,0.137651,Ciudad de México,99.29217708212641,0.13765050914425614,8.21264194428295e-8,0.9999964340560994
entidad,09,asistencia_edad,edad,10,99.04014,0.154913,Ciudad de México,99.04014039737471,0.15491333951712916,3.97374719796062e-7,1.0000021916632507
entidad,09,asistencia_edad,edad,11,98.890937,0.177284,Ciudad de México,98.89093714308615,0.17728424360630923,1.4308615448044293e-7,1.000001374102058
entidad,09,asistencia_edad,edad,12,98.252351,0.217889,Ciudad de México,98.25235075442816,0.2178894248982509,-2.4557184019613487e-7,1.0000019500674697
entidad,09,asistencia_edad,edad,13,97.32647,0.504485,Ciudad de México,97.32646976191987,0.5044845930056581,-2.3808013338566525e-7,0.9999991932478827
entidad,09,asistencia_edad,edad,14,95.107746,0.41473,Ciudad de México,95.10774606872452,0.41472956414412754,6.872451763229037e-8,0.9999989490611423
entidad,09,asistencia_edad,edad,15,91.664326,0.512126,Ciudad de México,91.664325902471,0.5121259582567589,-9.752899643444835e-8,0.9999999184902912
entidad,09,asistencia_edad,edad,16,88.048205,0.596576,Ciudad de México,88.04820517219196,0.5965757851543428,1.7219196024598205e-7,0.9999996398687557
entidad,09,asistencia_edad,edad,17,82.928118,0.678039,Ciudad de México,82.92811839323467,0.6780387295267337,3.932346714918822e-7,0.9999996010948246
entidad,09,asistencia_edad,edad,18,60.002283,0.911291,Ciudad de México,60.00228289328188,0.9112905201569701,-1.0671811878637527e-7,0.9999994734469781
entidad,09,asistencia_edad,edad,19,56.859239,1.086743,Ciudad de México,56.85923942516269,1.0867432769362586,4.251626890550142e-7,1.000000254831417
entidad,09,asistencia_edad,edad_sexo,03|Mujeres,46.486584,1.701242,Ciudad de México,46.486584045241244,1.7012424538744422,4.5241243640248285e-8,1.0000002667900523
entidad,09,asistencia_edad,edad_sexo,04|Mujeres,82.107073,1.406605,Ciudad de México,82.10707298274738,1.4066051923138798,-1.7252617112717417e-8,1.000000136722022
entidad,09,asistencia_edad,edad_sexo,05|Mujeres,89.196764,0.934882,Ciudad de México,89.19676378827137,0.9348823264949152,-2.1172863284846244e-7,1.0000003492364975
entidad,09,asistencia_edad,edad_sexo,06|Mujeres,96.098255,0.578531,Ciudad de México,96.0982550737662,0.5785312000298589,7.376620203558559e-8,1.0000003457547804
entidad,09,asistencia_edad,edad_sexo,07|Mujeres,99.015655,0.236745,Ciudad de México,99.01565464895636,0.23674534708205147,-3.510436386022775e-7,1.0000014660586347
entidad,09,asistencia_edad,edad_sexo,08|Mujeres,99.256425,0.165309,Ciudad de México,99.25642522101896,0.16530860143990037,2.2101896490767103e-7,0.9999975889993912
entidad,09,asistencia_edad,edad_sexo,09|Mujeres,99.19978,0.208503,Ciudad de México,99.19977983360502,0.20850264806753094,-1.6639498312542855e-7,0.9999983120987753
entidad,09,asistencia_edad,edad_sexo,10|Mujeres,98.886779,0.260068,Ciudad de México,98.88677910570014,0.26006757559676547,1.0570013841970649e-7,0.99999836810667
entidad,09,asistencia_edad,edad_sexo,11|Mujeres,98.782398,0.276098,Ciudad de México,98.78239802844551,0.27609815249012953,2.844551261205197e-8,1.0000005523043611
entidad,09,asistencia_edad,edad_sexo,12|Mujeres,98.263489,0.291602,Ciudad de México,98.26348945494385,0.2916019623404677,4.549438443746112e-7,0.9999998708529699
entidad,09,asistencia_edad,edad_sexo,13|Mujeres,97.299819,0.950994,Ciudad de México,97.29981899270372,0.9509939407858733,-7.296279136426165e-9,0.9999999377344897
entidad,09,asistencia_edad,edad_sexo,14|Mujeres,95.791743,0.507792,Ciudad de México,95.79174290320827,0.5077923114796737,-9.679172308096895e-8,1.00000061340012
entidad,09,asistencia_edad,edad_sexo,15|Mujeres,92.251825,0.691577,Ciudad de México,92.25182475141725,0.6915766075406554,-2.485827508280636e-7,0.9999994325153315
entidad,09,asistencia_edad,edad_sexo,16|Mujeres,90.394359,0.759017,Ciudad de México,90.39435884042831,0.7590167433904507,-1.5957168386648846e-7,0.9999996619185745
entidad,09,asistencia_edad,edad_sexo,17|Mujeres,85.431655,0.867173,Ciudad de México,85.431654676259,0.8671725164132517,-3.237410055589862e-7,0.999999442341092
entidad,09,asistencia_edad,edad_sexo,18|Mujeres,63.073726,1.271952,Ciudad de México,63.07372605710155,1.2719519950928433,5.71015519312823e-8,0.9999999961420268
entidad,09,asistencia_edad,edad_sexo,19|Mujeres,59.635618,1.314308,Ciudad de México,59.63561846704896,1.3143075761932472,4.6704895595439666e-7,0.999999677543808
entidad,09,asistencia_edad,edad_sexo,03|Hombres,47.777685,1.674997,Ciudad de México,47.77768546980145,1.6749974374725998,4.698014492987568e-7,1.0000002611781393
entidad,09,asistencia_edad,edad_sexo,04|Hombres,82.00692,1.165518,Ciudad de México,82.00692041522491,1.1655179234879747,4.1522491756040836e-7,0.9999999343536304
entidad,09,asistencia_edad,edad_sexo,05|Hombres,90.898804,0.766026,Ciudad de México,90.8988041661309,0.766026429550015,1.6613090281225595e-7,1.0000005607512212
entidad,09,asistencia_edad,edad_sexo,06|Hombres,95.052531,0.613838,Ciudad de México,95.05253104106973,0.6138383181931508,4.106972539830167e-8,1.0000005183666552
entidad,09,asistencia_edad,edad_sexo,07|Hombres,98.571492,0.299527,Ciudad de México,98.57149155680966,0.2995274869070404,-4.4319034486761666e-7,1.000001625586476
entidad,09,asistencia_edad,edad_sexo,08|Hombres,98.982225,0.243752,Ciudad de México,98.9822250665786,0.24375236380991147,6.657859330516658e-8,1.0000014925412364
entidad,09,asistencia_edad,edad_sexo,09|Hombres,99.383674,0.179863,Ciudad de México,99.38367364051823,0.17986252073818598,-3.5948177412592486e-7,0.9999973354063147
entidad,09,asistencia_edad,edad_sexo,10|Hombres,99.182265,0.176387,Ciudad de México,99.18226516001035,0.1763867090425349,1.600103445298373e-7,0.9999983504596989
entidad,09,asistencia_edad,edad_sexo,11|Hombres,98.991008,0.222829,Ciudad de México,98.99100764446499,0.22282871046370978,-3.555350076567265e-7,0.9999987006346112
entidad,09,asistencia_edad,edad_sexo,12|Hombres,98.242109,0.300358,Ciudad de México,98.2421087978509,0.30035787155865,-2.0214909568494477e-7,0.9999995723724688
entidad,09,asistencia_edad,edad_sexo,13|Hombres,97.351635,0.389464,Ciudad de México,97.3516351846631,0.3894642352983534,1.846630937052396e-7,1.0000006041594434
entidad,09,asistencia_edad,edad_sexo,14|Hombres,94.476754,0.657137,Ciudad de México,94.47675390220262,0.6571369056729324,-9.779738263659965e-8,0.9999998564575308
entidad,09,asistencia_edad,edad_sexo,15|Hombres,91.143408,0.713313,Ciudad de México,91.14340774048499,0.7133128952583901,-2.595150050410666e-7,0.999999853161782
entidad,09,asistencia_edad,edad_sexo,16|Hombres,85.770076,0.849246,Ciudad de México,85.77007607776838,0.8492455002978542,7.77683766273185e-8,0.9999994115931712
entidad,09,asistencia_edad,edad_sexo,17|Hombres,80.582157,1.015012,Ciudad de México,80.58215725806451,1.0150121070471765,2.5806451731114066e-7,1.0000001054639516
entidad,09,asistencia_edad,edad_sexo,18|Hombres,57.237172,1.259737,Ciudad de México,57.2371721005897,1.2597366992715064,1.0058970190129912e-7,0.9999997612767636
entidad,09,asistencia_edad,edad_sexo,19|Hombres,54.169656,1.437604,Ciudad de México,54.16965551755776,1.4376037434867035,-4.824422461524591e-7,0.9999998215688767
entidad,10,asistencia_edad,edad,03,39.473135,1.627702,Durango,39.4731354695211,1.6277050201845107,4.695210975569353e-7,1.000001855489832
entidad,10,asistencia_edad,edad,04,86.544969,1.030925,Durango,86.54496941298972,1.0309249878084634,4.1298972064396366e-7,0.9999999881741769
entidad,10,asistencia_edad,edad,05,92.367837,0.689999,Durango,92.36783714295778,0.6899991779813183,1.429577878298005e-7,1.0000002579443132
entidad,10,asistencia_edad,edad,06,97.902827,0.340135,Durango,97.90282662498372,0.3401353306308932,-3.7501628469271964e-7,1.0000009720578393
entidad,10,asistencia_edad,edad,07,98.384611,0.375567,Durango,98.38461082458949,0.37556730715307,-1.7541051988700929e-7,1.000000817838282
entidad,10,asistencia_edad,edad,08,98.347037,0.38084,Durango,98.34703690005405,0.3808399223053635,-9.994595018270047e-8,0.9999997959913967
entidad,10,asistencia_edad,edad,09,98.328164,0.443344,Durango,98.32816377171216,0.4433442143231241,-2.282878455162063e-7,1.000000483423987
entidad,10,asistencia_edad,edad,10,99.040974,0.208506,Durango,99.04097403680436,0.20850592197236886,3.6804351566388505e-8,0.9999996257775261
entidad,10,asistencia_edad,edad,11,98.359914,0.39345,Durango,98.35991437788296,0.39345032301605615,3.7788295514928905e-7,1.0000008209837492
entidad,10,asistencia_edad,edad,12,95.913771,0.477507,Durango,95.91377091377092,0.4775070792294252,-8.62290789882536e-8,1.0000001659230653
entidad,10,asistencia_edad,edad,13,94.186904,0.618236,Durango,94.18690422151612,0.6182365761267435,2.2151611744902766e-7,1.000000931888055
entidad,10,asistencia_edad,edad,14,91.777706,0.591978,Durango,91.77770642692781,0.5919780008152876,4.269278122137621e-7,1.000000001377226
entidad,10,asistencia_edad,edad,15,83.305056,0.929275,Durango,83.3050559891415,0.9292759789413206,-1.0858499877031136e-8,1.000001053446311
entidad,10,asistencia_edad,edad,16,74.556833,1.404903,Durango,74.55683306651143,1.4049033569206786,6.651143280578253e-8,1.0000002540536097
entidad,10,asistencia_edad,edad,17,70.715455,1.331497,Durango,70.71545475800795,1.3314974938154627,-2.419920548391019e-7,1.000000370872381
entidad,10,asistencia_edad,edad,18,49.602578,1.686645,Durango,49.602578460025676,1.6866465093710203,4.600256744424769e-7,1.0000008948955
entidad,10,asistencia_edad,edad,19,44.70533,1.717453,Durango,44.705329889645455,1.7174538298566557,-1.1035454150487567e-7,1.0000004831903149
entidad,10,asistencia_edad,edad_sexo,03|Mujeres,39.907062,2.27257,Durango,39.90706188833345,2.2725716158238427,-1.1166655156102934e-7,1.0000007110116929
entidad,10,asistencia_edad,edad_sexo,04|Mujeres,87.122899,1.263073,Durango,87.12289937234257,1.2630727317422898,3.7234256922147324e-7,0.9999997876150388
entidad,10,asistencia_edad,edad_sexo,05|Mujeres,94.033561,0.638268,Durango,94.03356121814792,0.6382683162260778,2.1814791750784934e-7,1.000000495444042
entidad,10,asistencia_edad,edad_sexo,06|Mujeres,97.997177,0.484146,Durango,97.99717722965254,0.4841462756830111,2.2965254231621657e-7,1.0000005694212306
entidad,10,asistencia_edad,edad_sexo,07|Mujeres,98.002273,0.572049,Durango,98.00227286320953,0.5720494542485968,-1.3679047583536885e-7,1.0000007940728797
entidad,10,asistencia_edad,edad_sexo,08|Mujeres,98.472678,0.501851,Durango,98.47267790474035,0.5018514965205929,-9.525965083412302e-8,1.0000009893785065
entidad,10,asistencia_edad,edad_sexo,09|Mujeres,98.055064,0.56715,Durango,98.0550644102046,0.5671497628755264,4.102045920717501e-7,0.9999995819016598
entidad,10,asistencia_edad,edad_sexo,10|Mujeres,99.172949,0.332207,Durango,99.17294925171599,0.33220736714741844,2.5171598849738075e-7,1.0000011051766473
entidad,10,asistencia_edad,edad_sexo,11|Mujeres,98.239348,0.533059,Durango,98.23934837092732,0.5330586909290461,3.7092731020038627e-7,0.9999994201937237
entidad,10,asistencia_edad,edad_sexo,12|Mujeres,96.456969,0.600113,Durango,96.45696913002806,0.600113527698758,1.3002805587802868e-7,1.0000008793323225
entidad,10,asistencia_edad,edad_sexo,13|Mujeres,94.887379,1.000536,Durango,94.88737933500178,1.0005361615375625,3.350017863112953e-7,1.0000001614510248
entidad,10,asistencia_edad,edad_sexo,14|Mujeres,93.2812,0.714192,Durango,93.28120012767316,0.714192224418253,1.2767316093231784e-7,1.0000003142267808
entidad,10,asistencia_edad,edad_sexo,15|Mujeres,86.318964,1.274567,Durango,86.31896359169087,1.2745675461729113,-4.08309119848127e-7,1.0000004285164383
entidad,10,asistencia_edad,edad_sexo,16|Mujeres,77.995269,1.749625,Durango,77.9952690715553,1.7496259639107046,7.15553056807039e-8,1.000000550924172
entidad,10,asistencia_edad,edad_sexo,17|Mujeres,75.213289,1.63332,Durango,75.21328888637775,1.633320957242633,-1.1362224938693544e-7,1.0000005860717023
entidad,10,asistencia_edad,edad_sexo,18|Mujeres,53.038887,2.20265,Durango,53.038886749903746,2.202650865968899,-2.500962565932241e-7,1.0000003931486614
entidad,10,asistencia_edad,edad_sexo,19|Mujeres,50.584264,2.201547,Durango,50.584263827577246,2.2015483850997586,-1.7242275163198428e-7,1.0000006291483936
entidad,10,asistencia_edad,edad_sexo,03|Hombres,39.050168,2.361624,Durango,39.050168142200256,2.3616265577798288,1.422002569029246e-7,1.0000010830597204
entidad,10,asistencia_edad,edad_sexo,04|Hombres,86.006912,1.538767,Durango,86.00691171850455,1.5387666822417865,-2.814954456198393e-7,0.9999997934981621
entidad,10,asistencia_edad,edad_sexo,05|Hombres,90.986406,1.138418,Durango,90.98640551510856,1.1384181562880769,-4.8489144433006e-7,1.0000001372853178
entidad,10,asistencia_edad,edad_sexo,06|Hombres,97.814139,0.471233,Durango,97.81413860635543,0.4712336624827695,-3.9364456938528747e-7,1.0000014058496953
entidad,10,asistencia_edad,edad_sexo,07|Hombres,98.760209,0.379482,Durango,98.76020917797756,0.37948166219285184,1.7797755447190866e-7,0.9999991098203653
entidad,10,asistencia_edad,edad_sexo,08|Hombres,98.219907,0.577159,Durango,98.21990727491271,0.577158723314489,2.7491270770951814e-7,0.9999995206078205
entidad,10,asistencia_edad,edad_sexo,09|Hombres,98.591807,0.50293,Durango,98.5918068763716,0.5029298908116523,-1.2362839640900347e-7,0.9999997828955368
entidad,10,asistencia_edad,edad_sexo,10|Hombres,98.912088,0.25427,Durango,98.91208791208791,0.25427034568720486,-8.791208472302969e-8,1.00000135952808
entidad,10,asistencia_edad,edad_sexo,11|Hombres,98.47173,0.379765,Durango,98.47172990876867,0.37976489432380856,-9.123132826971414e-8,0.9999997217326729
entidad,10,asistencia_edad,edad_sexo,12|Hombres,95.453645,0.683442,Durango,95.45364500792392,0.68344180927693,7.923929956632492e-9,0.999999720937446
entidad,10,asistencia_edad,edad_sexo,13|Hombres,93.550309,0.836061,Durango,93.55030867540344,0.8360614274766442,-3.2459655585626024e-7,1.0000005112983912
entidad,10,asistencia_edad,edad_sexo,14|Hombres,90.256245,0.945831,Durango,90.25624461670974,0.9458316903384119,-3.832902706335517e-7,1.0000007298750113
entidad,10,asistencia_edad,edad_sexo,15|Hombres,80.213107,1.287766,Durango,80.21310724106324,1.2877669336403113,2.41063247585771e-7,1.0000007250077354
entidad,10,asistencia_edad,edad_sexo,16|Hombres,71.223846,1.767859,Durango,71.2238463743193,1.767859649050765,3.7431929911235784e-7,1.0000003671394408
entidad,10,asistencia_edad,edad_sexo,17|Hombres,65.895744,1.784476,Durango,65.89574377913665,1.7844763466852733,-2.2086334183768486e-7,1.0000001942784735
entidad,10,asistencia_edad,edad_sexo,18|Hombres,46.212697,2.227897,Durango,46.21269669017906,2.2278975362276867,-3.0982094045839403e-7,1.0000002406878266
entidad,10,asistencia_edad,edad_sexo,19|Hombres,38.420432,2.169087,Durango,38.42043167464779,2.16908790458105,-3.2535221095031375e-7,1.0000004170330878
entidad,11,asistencia_edad,edad,03,31.623122,1.147742,Guanajuato,31.623121700284283,1.1477419762533916,-2.997157153572516e-7,0.9999999793101512
entidad,11,asistencia_edad,edad,04,83.099788,0.894294,Guanajuato,83.09978816679316,0.8942938746381145,1.667931570636938e-7,0.9999998598202766
entidad,11,asistencia_edad,edad,05,90.864224,0.563274,Guanajuato,90.86422356973371,0.5632735028922552,-4.302662830468762e-7,0.9999991174672631
entidad,11,asistencia_edad,edad,06,97.042304,0.23968,Guanajuato,97.04230447033737,0.23968016161662703,4.703373690517765e-7,1.0000006743016816
entidad,11,asistencia_edad,edad,07,98.37706,0.231859,Guanajuato,98.3770598855299,0.2318592181393206,-1.1447009740095382e-7,1.0000009408274881
entidad,11,asistencia_edad,edad,08,98.26724,0.282378,Guanajuato,98.26724006356446,0.2823781531294965,6.356445680921752e-8,1.0000005422855054
entidad,11,asistencia_edad,edad,09,98.685225,0.194629,Guanajuato,98.68522520635585,0.19462851830621594,2.0635584974115773e-7,0.9999975250667472
entidad,11,asistencia_edad,edad,10,98.187296,0.274255,Guanajuato,98.18729592351971,0.2742554504150165,-7.648029054507788e-8,1.0000016423219866
entidad,11,asistencia_edad,edad,11,97.176011,0.430866,Guanajuato,97.17601089337518,0.43086606631312097,-1.0662482452516997e-7,1.0000001539065997
entidad,11,asistencia_edad,edad,12,95.506793,0.39883,Guanajuato,95.50679293972794,0.398829882536761,-6.027205756709009e-8,0.9999997054804327
entidad,11,asistencia_edad,edad,13,92.59124,0.532907,Guanajuato,92.59123954261499,0.5329068591982207,-4.5738501341929805e-7,0.9999997357854572
entidad,11,asistencia_edad,edad,14,88.460058,0.699315,Guanajuato,88.46005783400031,0.69931477905919,-1.659996939906705e-7,0.9999996840611026
entidad,11,asistencia_edad,edad,15,76.525511,0.975062,Guanajuato,76.52551082620587,0.9750621439215419,-1.7379412042828335e-7,1.0000001476024518
entidad,11,asistencia_edad,edad,16,72.10186,0.969483,Guanajuato,72.101859564074,0.9694825131092165,-4.3592599752173555e-7,0.9999994977830623
entidad,11,asistencia_edad,edad,17,64.567676,1.044977,Guanajuato,64.56767609784852,1.044977317598677,9.784851329186495e-8,1.0000003039288683
entidad,11,asistencia_edad,edad,18,40.480415,1.074941,Guanajuato,40.480415019094934,1.0749407824946782,1.9094933634278277e-8,0.9999997976583629
entidad,11,asistencia_edad,edad,19,39.383272,1.230811,Guanajuato,39.38327173621291,1.2308113802053413,-2.6378708639640536e-7,1.0000003089063563
entidad,11,asistencia_edad,edad_sexo,03|Mujeres,32.408869,1.489189,Guanajuato,32.40886920049954,1.4891893500152926,2.004995351967409e-7,1.0000002350375221
entidad,11,asistencia_edad,edad_sexo,04|Mujeres,84.327881,1.072372,Guanajuato,84.32788126967596,1.0723719432973087,2.6967595090354735e-7,0.999999947124047
entidad,11,asistencia_edad,edad_sexo,05|Mujeres,90.733747,0.85122,Guanajuato,90.73374725298171,0.8512203484027998,2.5298172090515436e-7,1.0000004092981836
entidad,11,asistencia_edad,edad_sexo,06|Mujeres,97.17671,0.267765,Guanajuato,97.17670981112893,0.26776547770525577,-1.8887106989495805e-7,1.000001784046667
entidad,11,asistencia_edad,edad_sexo,07|Mujeres,98.256613,0.345438,Guanajuato,98.25661268164315,0.3454381527928016,-3.1835685376790934e-7,1.0000004423161366
entidad,11,asistencia_edad,edad_sexo,08|Mujeres,98.153234,0.428899,Guanajuato,98.15323404105489,0.4288986998029822,4.1054889265979e-8,0.9999993000752676
entidad,11,asistencia_edad,edad_sexo,09|Mujeres,98.980081,0.137919,Guanajuato,98.98008090335692,0.13791851300873367,-9.664307754064794e-8,0.9999964690052398
entidad,11,asistencia_edad,edad_sexo,10|Mujeres,98.28997,0.365821,Guanajuato,98.28997027487392,0.3658210716790327,2.7487392628700036e-7,1.0000001959401803
entidad,11,asistencia_edad,edad_sexo,11|Mujeres,97.391039,0.475011,Guanajuato,97.39103861874021,0.47501051938647665,-3.812597952901342e-7,0.999998988205487
entidad,11,asistencia_edad,edad_sexo,12|Mujeres,95.768827,0.541815,Guanajuato,95.76882685727837,0.5418152795231398,-1.4272163184614328e-7,1.000000515901442
entidad,11,asistencia_edad,edad_sexo,13|Mujeres,94.027358,0.552706,Guanajuato,94.0273581896309,0.552706336343317,1.8963089587487048e-7,1.0000006085392903
entidad,11,asistencia_edad,edad_sexo,14|Mujeres,89.432685,1.104114,Guanajuato,89.43268478241086,1.104113940690162,-2.175891467004476e-7,0.9999999462828676
entidad,11,asistencia_edad,edad_sexo,15|Mujeres,80.789681,1.031346,Guanajuato,80.7896814951303,1.0313461174842218,4.951302940980895e-7,1.0000001139134895
entidad,11,asistencia_edad,edad_sexo,16|Mujeres,75.505518,1.150493,Guanajuato,75.50551825268195,1.1504933184251886,2.526819571357919e-7,1.000000276772817
entidad,11,asistencia_edad,edad_sexo,17|Mujeres,69.668334,1.194533,Guanajuato,69.66833391779406,1.1945330281791258,-8.220594338581577e-8,1.0000000235900772
entidad,11,asistencia_edad,edad_sexo,18|Mujeres,42.464325,1.419945,Guanajuato,42.46432482227591,1.419945436152755,-1.7772408966720832e-7,1.0000003071617245
entidad,11,asistencia_edad,edad_sexo,19|Mujeres,45.959385,1.573911,Guanajuato,45.95938500706088,1.5739105750326565,7.060883433496201e-9,0.9999997299927738
entidad,11,asistencia_edad,edad_sexo,03|Hombres,30.901418,1.55214,Guanajuato,30.90141759549832,1.5521401208417371,-4.045016801512702e-7,1.000000077854921
entidad,11,asistencia_edad,edad_sexo,04|Hombres,81.972627,1.297196,Guanajuato,81.97262654790353,1.297195838043299,-4.5209647225874505e-7,0.9999998751486275
entidad,11,asistencia_edad,edad_sexo,05|Hombres,90.991742,0.752104,Guanajuato,90.99174243056135,0.7521035298689037,4.3056134302332794e-7,0.9999993749121182
entidad,11,asistencia_edad,edad_sexo,06|Hombres,96.914771,0.388434,Guanajuato,96.91477125153055,0.38843422966202534,2.515305510542021e-7,1.0000005912510885
entidad,11,asistencia_edad,edad_sexo,07|Hombres,98.495739,0.313787,Guanajuato,98.49573888009762,0.31378668315760927,-1.1990238135695108e-7,0.9999989902628512
entidad,11,asistencia_edad,edad_sexo,08|Hombres,98.385885,0.381757,Guanajuato,98.38588519814587,0.3817569874582856,1.9814586948996293e-7,0.9999999671473886
entidad,11,asistencia_edad,edad_sexo,09|Hombres,98.394357,0.361124,Guanajuato,98.39435660791284,0.36112446413877336,-3.9208715918448434e-7,1.0000012852614983
entidad,11,asistencia_edad,edad_sexo,10|Hombres,98.082991,0.426883,Guanajuato,98.082991212296,0.42688280792229005,2.1229598701211216e-7,0.999999550046008
entidad,11,asistencia_edad,edad_sexo,11|Hombres,96.946191,0.731146,Guanajuato,96.94619090389483,0.7311457361840569,-9.610516826796811e-8,0.9999996391747433
entidad,11,asistencia_edad,edad_sexo,12|Hombres,95.246973,0.633575,Guanajuato,95.24697267429167,0.6335751761467189,-3.2570832786404935e-7,1.0000002780203114
entidad,11,asistencia_edad,edad_sexo,13|Hombres,91.229381,0.791637,Guanajuato,91.22938130571718,0.7916368917207558,3.057171795717295e-7,0.9999998632210922
entidad,11,asistencia_edad,edad_sexo,14|Hombres,87.5185,0.836693,Guanajuato,87.51850024666994,0.8366931426103721,2.4666994136168796e-7,1.0000001704452792
entidad,11,asistencia_edad,edad_sexo,15|Hombres,72.323575,1.349634,Guanajuato,72.32357467706514,1.3496343943157942,-3.2293486640355695e-7,1.0000002921649827
entidad,11,asistencia_edad,edad_sexo,16|Hombres,68.895956,1.348398,Guanajuato,68.89595638346206,1.3483983351960351,3.834620656562038e-7,1.0000002485883508
entidad,11,asistencia_edad,edad_sexo,17|Hombres,59.487085,1.44641,Guanajuato,59.487085210037684,1.4464096344831892,2.1003768324590055e-7,0.999999747293775
entidad,11,asistencia_edad,edad_sexo,18|Hombres,38.603818,1.626912,Guanajuato,38.60381763477632,1.6269122953847166,-3.652236770790296e-7,1.0000001815615822
entidad,11,asistencia_edad,edad_sexo,19|Hombres,32.286591,1.455083,Guanajuato,32.28659125544657,1.4550826532499792,2.554465652337967e-7,0.9999997616974284
entidad,12,asistencia_edad,edad,03,69.347923,0.814206,Guerrero,69.3479225195919,0.8142063174795343,-4.804080901976704e-7,1.0000003899253191
entidad,12,asistencia_edad,edad,04,88.70438,0.513186,Guerrero,88.70437989687883,0.5131859376542023,-1.0312116671684635e-7,0.9999998785122787
entidad,12,asistencia_edad,edad,05,92.052314,0.391638,Guerrero,92.0523138832998,0.39163832499549056,-1.1670019262055575e-7,1.0000008298364575
entidad,12,asistencia_edad,edad,06,96.712927,0.21128,Guerrero,96.71292665461861,0.21128035335412676,-3.453813803844241e-7,1.00000167244475
entidad,12,asistencia_edad,edad,07,98.218549,0.15723,Guerrero,98.21854912764003,0.15723026451020974,1.276400354299767e-7,1.0000016823138698
entidad,12,asistencia_edad,edad,08,97.944419,0.276184,Guerrero,97.94441910573582,0.27618419555261264,1.0573582187589636e-7,1.0000007080519242
entidad,12,asistencia_edad,edad,09,98.065919,0.235838,Guerrero,98.06591935753723,0.23583775912294436,3.575372318209702e-7,0.9999989786334025
entidad,12,asistencia_edad,edad,10,97.830974,0.214287,Guerrero,97.83097412362982,0.21428694129939535,1.23629817494475e-7,0.9999997260654886
entidad,12,asistencia_edad,edad,11,97.098236,0.239189,Guerrero,97.0982362794364,0.2391889176467469,2.7943640645844425e-7,0.9999996556979915
entidad,12,asistencia_edad,edad,12,92.996985,0.337012,Guerrero,92.9969845627616,0.33701409518938164,-4.372383983763939e-7,1.0000062169577988
entidad,12,asistencia_edad,edad,13,90.577364,0.361031,Guerrero,90.5773644870814,0.3610342859054567,4.870813938850915e-7,1.000009101449617
entidad,12,asistencia_edad,edad,14,85.32749,0.481941,Guerrero,85.32749029849646,0.481945846502193,2.9849645954982407e-7,1.0000100562147505
entidad,12,asistencia_edad,edad,15,75.883529,0.576463,Guerrero,75.88352866357772,0.5764715309277704,-3.3642227492691745e-7,1.000014798742973
entidad,12,asistencia_edad,edad,16,70.939172,0.732522,Guerrero,70.93917244210094,0.7325268112929058,4.4210094074514927e-7,1.0000065681206922
entidad,12,asistencia_edad,edad,17,63.559777,0.724876,Guerrero,63.55977660682169,0.7248823107575438,-3.9317830413665433e-7,1.0000087059821872
entidad,12,asistencia_edad,edad,18,38.066036,0.919337,Guerrero,38.06603615947599,0.919339429759316,1.5947599507626364e-7,1.0000026429473807
entidad,12,asistencia_edad,edad,19,35.767967,1.071263,Guerrero,35.76796714579055,1.071264795349722,1.4579055118701945e-7,1.0000016759187258
entidad,12,asistencia_edad,edad_sexo,03|Mujeres,70.453375,1.160475,Guerrero,70.45337454920144,1.1604753270516548,-4.507985522650415e-7,1.000000281825679
entidad,12,asistencia_edad,edad_sexo,04|Mujeres,89.106418,0.666533,Guerrero,89.1064181572223,0.6665331271607973,1.572222885215524e-7,1.0000001907794471
entidad,12,asistencia_edad,edad_sexo,05|Mujeres,92.296888,0.554016,Guerrero,92.29688770606934,0.5540161211907113,-2.939306540383768e-7,1.000000218749479
entidad,12,asistencia_edad,edad_sexo,06|Mujeres,96.799086,0.250783,Guerrero,96.79908644196831,0.250782538912726,4.419683108380923e-7,0.9999981614093699
entidad,12,asistencia_edad,edad_sexo,07|Mujeres,98.392003,0.242533,Guerrero,98.39200347674924,0.24253415947765003,4.7674923564500205e-7,1.0000047807005645
entidad,12,asistencia_edad,edad_sexo,08|Mujeres,98.262319,0.238957,Guerrero,98.26231925876054,0.23895756002940838,2.587605365533818e-7,1.000002343640941
entidad,12,asistencia_edad,edad_sexo,09|Mujeres,98.2901,0.319121,Guerrero,98.29010040091835,0.3191213907535243,4.0091835273869947e-7,1.0000012244682246
entidad,12,asistencia_edad,edad_sexo,10|Mujeres,97.876349,0.311444,Guerrero,97.8763492367631,0.3114445884458536,2.3676309979236976e-7,1.0000018894114306
entidad,12,asistencia_edad,edad_sexo,11|Mujeres,97.165187,0.355054,Guerrero,97.16518698796833,0.3550538016622573,-1.2031676988044637e-8,0.9999994413871054
entidad,12,asistencia_edad,edad_sexo,12|Mujeres,93.469938,0.429301,Guerrero,93.4699378235168,0.42930243039689936,-1.7648319783347688e-7,1.0000033319207255
entidad,12,asistencia_edad,edad_sexo,13|Mujeres,91.350522,0.474341,Guerrero,91.35052197719547,0.4743430745510628,-2.280452804370725e-8,1.000004373543638
entidad,12,asistencia_edad,edad_sexo,14|Mujeres,86.906797,0.614613,Guerrero,86.90679714673112,0.614616226132608,1.4673112502805452e-7,1.0000052490471372
entidad,12,asistencia_edad,edad_sexo,15|Mujeres,77.80848,0.71876,Guerrero,77.8084799361395,0.7187670382336914,-6.38604973346446e-8,1.0000097921888966
entidad,12,asistencia_edad,edad_sexo,16|Mujeres,73.701268,0.909493,Guerrero,73.70126805323936,0.9094960643198585,5.323936136392149e-8,1.00000336926162
entidad,12,asistencia_edad,edad_sexo,17|Mujeres,66.892608,0.961738,Guerrero,66.89260817886858,0.961744833625731,1.7886858927340654e-7,1.0000071054962276
entidad,12,asistencia_edad,edad_sexo,18|Mujeres,41.550969,1.15312,Guerrero,41.55096851895219,1.153122138215401,-4.810478131389573e-7,1.0000018542869789
entidad,12,asistencia_edad,edad_sexo,19|Mujeres,38.581151,1.425606,Guerrero,38.58115058953865,1.4256082681649729,-4.10461346689317e-7,1.0000015910181164
entidad,12,asistencia_edad,edad_sexo,03|Hombres,68.232455,1.170533,Guerrero,68.232454511697,1.1705333306666434,-4.883030015889744e-7,1.0000002824923717
entidad,12,asistencia_edad,edad_sexo,04|Hombres,88.320723,0.770656,Guerrero,88.32072291748844,0.7706558092864525,-8.25115620273209e-8,0.999999752530899
entidad,12,asistencia_edad,edad_sexo,05|Hombres,91.821042,0.566141,Guerrero,91.8210415938483,0.5661412177553298,-4.061516989395386e-7,1.0000003846309131
entidad,12,asistencia_edad,edad_sexo,06|Hombres,96.629251,0.322348,Guerrero,96.6292512434467,0.32234789932254493,2.434467063494594e-7,0.9999996876746402
entidad,12,asistencia_edad,edad_sexo,07|Hombres,98.045494,0.185088,Guerrero,98.04549396304449,0.18508799974985532,-3.695551242799411e-8,0.9999999986485094
entidad,12,asistencia_edad,edad_sexo,08|Hombres,97.638306,0.412311,Guerrero,97.63830575450729,0.4123109044720807,-2.4549271415708063e-7,0.9999997683110097
entidad,12,asistencia_edad,edad_sexo,09|Hombres,97.852029,0.339672,Guerrero,97.85202863961814,0.33967224336062835,-3.603818612418763e-7,1.000000716457725
entidad,12,asistencia_edad,edad_sexo,10|Hombres,97.788157,0.291686,Guerrero,97.78815729998493,0.2916856904574525,2.9998493289440376e-7,0.9999989387816094
entidad,12,asistencia_edad,edad_sexo,11|Hombres,97.036663,0.304518,Guerrero,97.03666340909808,0.3045185790416199,4.090980780802056e-7,1.000001901502111
entidad,12,asistencia_edad,edad_sexo,12|Hombres,92.542931,0.499117,Guerrero,92.54293107504117,0.49911812210557605,7.504117149892409e-8,1.0000022481814406
entidad,12,asistencia_edad,edad_sexo,13|Hombres,89.837293,0.50494,Guerrero,89.83729301655868,0.5049424054205861,1.6558672655264672e-8,1.0000047637750744
entidad,12,asistencia_edad,edad_sexo,14|Hombres,83.744497,0.63802,Guerrero,83.7444972966585,0.6380250974463003,2.966584986552334e-7,1.0000079894772895
entidad,12,asistencia_edad,edad_sexo,15|Hombres,74.010337,0.808392,Guerrero,74.01033730692241,0.808398244909484,3.069224021601258e-7,1.0000077251005501
entidad,12,asistencia_edad,edad_sexo,16|Hombres,68.157911,1.014989,Guerrero,68.15791141245802,1.014993883458612,4.124580215147944e-7,1.0000048113414157
entidad,12,asistencia_edad,edad_sexo,17|Hombres,60.343491,0.987333,Guerrero,60.34349133521406,0.9873368005331911,3.352140609536036e-7,1.000003849292175
entidad,12,asistencia_edad,edad_sexo,18|Hombres,34.588549,1.268792,Guerrero,34.58854949090302,1.2687940624128269,4.909030195676678e-7,1.0000016254932462
entidad,12,asistencia_edad,edad_sexo,19|Hombres,32.732861,1.416529,Guerrero,32.73286092375993,1.4165297983528973,-7.62400702569721e-8,1.00000056359799
entidad,13,asistencia_edad,edad,03,37.914948,0.693784,Hidalgo,37.91494755009034,0.6937838193670495,-4.499096633026056e-7,0.9999997396409395
entidad,13,asistencia_edad,edad,04,84.291228,0.483898,Hidalgo,84.29122797805026,0.4838980593382043,-2.194974513258785e-8,1.0000001226254382
entidad,13,asistencia_edad,edad,05,92.04658,0.379313,Hidalgo,92.04658017443406,0.3793133154175995,1.744340494269636e-7,1.0000008315496687
entidad,13,asistencia_edad,edad,06,96.615074,0.254733,Hidalgo,96.61507402422612,0.2547325857359689,2.4226110895142483e-8,0.9999983737323743
entidad,13,asistencia_edad,edad,07,98.48369,0.153894,Hidalgo,98.48369011213049,0.1538941973727539,1.1213049333491654e-7,1.0000012825240354
entidad,13,asistencia_edad,edad,08,98.624522,0.134049,Hidalgo,98.62452212982305,0.13404902742611274,1.2982305008790718e-7,1.0000002045976675
entidad,13,asistencia_edad,edad,09,98.661653,0.131763,Hidalgo,98.66165291929484,0.13176319783042859,-8.070516344105272e-8,1.0000015014110835
entidad,13,asistencia_edad,edad,10,98.411446,0.156333,Hidalgo,98.41144639090159,0.15633296024386542,3.909015902081592e-7,0.9999997456958251
entidad,13,asistencia_edad,edad,11,98.367535,0.121318,Hidalgo,98.36753463240788,0.12131848661736455,-3.6759212207471137e-7,1.000004011089571
entidad,13,asistencia_edad,edad,12,97.670257,0.136431,Hidalgo,97.67025712300207,0.1364308112324849,1.2300206719828566e-7,0.9999986163883935
entidad,13,asistencia_edad,edad,13,96.337042,0.187071,Hidalgo,96.33704168803835,0.18707063215389247,-3.1196164229641e-7,0.9999980336550961
entidad,13,asistencia_edad,edad,14,93.364268,0.244594,Hidalgo,93.3642675225901,0.24459443566099823,-4.774098982807118e-7,1.0000017811597923
entidad,13,asistencia_edad,edad,15,86.144722,0.351515,Hidalgo,86.14472245009571,0.351514506888734,4.5009571181253705e-7,0.9999985971828627
entidad,13,asistencia_edad,edad,16,80.802236,0.420567,Hidalgo,80.80223614869678,0.4205666608967047,1.4869678466311598e-7,0.999999193699707
entidad,13,asistencia_edad,edad,17,73.406478,0.500988,Hidalgo,73.40647769153688,0.5009876921457669,-3.0846312881749327e-7,0.9999993855057744
entidad,13,asistencia_edad,edad,18,50.281685,0.568925,Hidalgo,50.28168527287181,0.5689245854788565,2.7287180870416705e-7,0.9999992713958017
entidad,13,asistencia_edad,edad,19,48.771708,0.676248,Hidalgo,48.771707741603706,0.6762482871807051,-2.583962910307491e-7,1.000000424667733
entidad,13,asistencia_edad,edad_sexo,03|Mujeres,38.531528,0.942986,Hidalgo,38.53152771900127,0.9429864583157277,-2.8099873361497885e-7,1.000000486026015
entidad,13,asistencia_edad,edad_sexo,04|Mujeres,85.02007,0.669249,Hidalgo,85.02006957452501,0.6692492245257926,-4.2547499390366283e-7,1.0000003354891716
entidad,13,asistencia_edad,edad_sexo,05|Mujeres,93.020115,0.438987,Hidalgo,93.02011480391684,0.4389865824812916,-1.9608316392805136e-7,0.9999990489041625
entidad,13,asistencia_edad,edad_sexo,06|Mujeres,96.428571,0.35367,Hidalgo,96.42857142857143,0.3536701294537955,4.2857142545926763e-7,1.0000003660299022
entidad,13,asistencia_edad,edad_sexo,07|Mujeres,98.702994,0.147346,Hidalgo,98.70299442896936,0.14734630698672826,4.289693578130027e-7,1.0000020834412082
entidad,13,asistencia_edad,edad_sexo,08|Mujeres,98.658325,0.204748,Hidalgo,98.65832546427448,0.20474786345573448,4.642744784177921e-7,0.999999333110626
entidad,13,asistencia_edad,edad_sexo,09|Mujeres,98.601085,0.208056,Hidalgo,98.60108487295567,0.20805601707419535,-1.2704433061117015e-7,1.0000000820653832
entidad,13,asistencia_edad,edad_sexo,10|Mujeres,98.698995,0.17817,Hidalgo,98.6989946777055,0.1781696142982809,-3.222944968683805e-7,0.9999978352039115
entidad,13,asistencia_edad,edad_sexo,11|Mujeres,98.49174,0.159893,Hidalgo,98.49173955296405,0.15989322257005667,-4.4703594426209747e-7,1.00000139199375
entidad,13,asistencia_edad,edad_sexo,12|Mujeres,97.925326,0.16437,Hidalgo,97.92532581895034,0.16437040089381047,-1.8104965704424103e-7,1.0000024389718956
entidad,13,asistencia_edad,edad_sexo,13|Mujeres,97.016921,0.22622,Hidalgo,97.01692053329582,0.22621957499880815,-4.667041793027238e-7,0.9999981212925831
entidad,13,asistencia_edad,edad_sexo,14|Mujeres,94.348238,0.314186,Hidalgo,94.34823843478873,0.3141863014879613,4.3478873124058737e-7,1.0000009595843267
entidad,13,asistencia_edad,edad_sexo,15|Mujeres,88.748315,0.442378,Hidalgo,88.74831483978015,0.44237799276990625,-1.6021985516090353e-7,0.999999983656299
entidad,13,asistencia_edad,edad_sexo,16|Mujeres,84.587116,0.521764,Hidalgo,84.58711629917856,0.5217644362075713,2.9917856636529905e-7,1.000000836024661
entidad,13,asistencia_edad,edad_sexo,17|Mujeres,77.72621,0.634828,Hidalgo,77.72621000104687,0.6348280455267653,1.046871034304786e-9,1.0000000717151187
entidad,13,asistencia_edad,edad_sexo,18|Mujeres,53.626389,0.787978,Hidalgo,53.62638903494935,0.7879781076909047,3.494934475156697e-8,1.0000001366674003
entidad,13,asistencia_edad,edad_sexo,19|Mujeres,54.313087,0.902487,Hidalgo,54.31308664960049,0.9024872458568185,-3.503995102960289e-7,1.0000002724214514
entidad,13,asistencia_edad,edad_sexo,03|Hombres,37.273777,0.924972,Hidalgo,37.2737774355025,0.924972251436519,4.355024998403678e-7,1.0000002718314922
entidad,13,asistencia_edad,edad_sexo,04|Hombres,83.589321,0.670192,Hidalgo,83.58932068858881,0.670192085246581,-3.1141118483901664e-7,1.0000001271972525
entidad,13,asistencia_edad,edad_sexo,05|Hombres,91.0697,0.5923,Hidalgo,91.06969990319458,0.5923004685350216,-9.68054223449144e-8,1.0000007910434265
entidad,13,asistencia_edad,edad_sexo,06|Hombres,96.802954,0.364038,Hidalgo,96.80295389048992,0.36403815939689665,-1.0951008277970686e-7,1.000000437857852
entidad,13,asistencia_edad,edad_sexo,07|Hombres,98.274718,0.263682,Hidalgo,98.27471798274718,0.2636822794091424,-1.725281606468343e-8,1.0000010596443534
entidad,13,asistencia_edad,edad_sexo,08|Hombres,98.590604,0.166422,Hidalgo,98.59060402684564,0.16642152153601508,2.6845640377359814e-8,0.9999971249955841
entidad,13,asistencia_edad,edad_sexo,09|Hombres,98.721187,0.158531,Hidalgo,98.7211866105432,0.1585307481236804,-3.89456801030974e-7,0.9999984111857012
entidad,13,asistencia_edad,edad_sexo,10|Hombres,98.128118,0.255018,Hidalgo,98.12811828544376,0.25501758906447036,2.854437610722016e-7,0.9999983886018647
entidad,13,asistencia_edad,edad_sexo,11|Hombres,98.246807,0.181372,Hidalgo,98.24680722436334,0.18137227846260115,2.2436333324549196e-7,1.0000015353119618
entidad,13,asistencia_edad,edad_sexo,12|Hombres,97.422009,0.208704,Hidalgo,97.42200891326705,0.20870369118330018,-8.673295326389052e-8,0.9999985203125008
entidad,13,asistencia_edad,edad_sexo,13|Hombres,95.649545,0.286616,Hidalgo,95.64954467842914,0.28661648415978197,-3.215708659354277e-7,1.0000016892280332
entidad,13,asistencia_edad,edad_sexo,14|Hombres,92.393527,0.354563,Hidalgo,92.39352670062722,0.35456300837850524,-2.993727861166917e-7,1.000000023630512
entidad,13,asistencia_edad,edad_sexo,15|Hombres,83.598688,0.49753000000000003,Hidalgo,83.59868843592604,0.49752954891260837,4.359260401542997e-7,0.9999990933463476
entidad,13,asistencia_edad,edad_sexo,16|Hombres,77.104744,0.606519,Hidalgo,77.10474447416584,0.606519206208573,4.7416584436632547e-7,1.0000003399869963
entidad,13,asistencia_edad,edad_sexo,17|Hombres,69.310436,0.686391,Hidalgo,69.31043610614785,0.6863911385593214,1.0614785139750893e-7,1.0000002018664602
entidad,13,asistencia_edad,edad_sexo,18|Hombres,47.029551,0.776822,Hidalgo,47.02955110944477,0.776822050098886,1.094447696914358e-7,1.000000064492105
entidad,13,asistencia_edad,edad_sexo,19|Hombres,43.005328,0.879338,Hidalgo,43.00532773651921,0.8793381407209628,-2.634807856338739e-7,1.0000001600305717
entidad,14,asistencia_edad,edad,03,26.541216,0.973331,Jalisco,26.541215865765217,0.9733312118541589,-1.342347815125322e-7,1.0000002176589042
entidad,14,asistencia_edad,edad,04,79.546735,0.766014,Jalisco,79.54673511550742,0.7660136450412034,1.1550741874088999e-7,0.9999995366157843
entidad,14,asistencia_edad,edad,05,88.238199,0.607198,Jalisco,88.23819945329598,0.6071979026940213,4.532959820835458e-7,0.999999839745884
entidad,14,asistencia_edad,edad,06,96.023244,0.292884,Jalisco,96.0232441419116,0.2928844449147478,1.4191159891652205e-7,1.0000015190817793
entidad,14,asistencia_edad,edad,07,97.864696,0.21944,Jalisco,97.86469641825083,0.21943965540125454,4.182508348549163e-7,0.9999984296447983
entidad,14,asistencia_edad,edad,08,97.750253,0.215345,Jalisco,97.75025278058645,0.21534482507193706,-2.1941355043963995e-7,0.9999991876845854
entidad,14,asistencia_edad,edad,09,97.976574,0.221555,Jalisco,97.97657407266009,0.2215551775816128,7.266008594797313e-8,1.0000008015238329
entidad,14,asistencia_edad,edad,10,97.919746,0.222394,Jalisco,97.91974621173772,0.22239393401840418,2.1173771358462545e-7,0.9999997033121585
entidad,14,asistencia_edad,edad,11,96.820013,0.323735,Jalisco,96.82001318584719,0.32373490166776864,1.8584718475267437e-7,0.999999696257027
entidad,14,asistencia_edad,edad,12,95.105508,0.298331,Jalisco,95.1055078566898,0.298330781222446,-1.433102028158828e-7,0.999999266661681
entidad,14,asistencia_edad,edad,13,92.679318,0.359831,Jalisco,92.67931819563705,0.35983083102405394,1.9563705677683174e-7,0.9999995304019218
entidad,14,asistencia_edad,edad,14,88.495391,0.520681,Jalisco,88.49539145812122,0.5206808500076521,4.581212209586738e-7,0.9999997119304375
entidad,14,asistencia_edad,edad,15,77.037018,0.732992,Jalisco,77.03701758302365,0.7329916353621121,-4.1697634856063814e-7,0.9999995025349692
entidad,14,asistencia_edad,edad,16,74.258426,0.667386,Jalisco,74.25842606793188,0.6673862420414141,6.793187878884055e-8,1.0000003626707992
entidad,14,asistencia_edad,edad,17,65.78246,0.812013,Jalisco,65.782459703008,0.8120125990951197,-2.969919989936898e-7,0.9999995062826823
entidad,14,asistencia_edad,edad,18,45.008811,0.861099,Jalisco,45.00881130507066,0.8610985408698106,3.050706567364614e-7,0.9999994668090553
entidad,14,asistencia_edad,edad,19,40.671153,1.137156,Jalisco,40.671153132830185,1.1371558949771277,1.32830187737909e-7,0.99999990764427
entidad,14,asistencia_edad,edad_sexo,03|Mujeres,26.877441,1.380669,Jalisco,26.87744122632471,1.3806688477058802,2.2632470830785678e-7,0.999999889695416
entidad,14,asistencia_edad,edad_sexo,04|Mujeres,80.686976,1.032372,Jalisco,80.68697578156203,1.0323720079543857,-2.1843797526344133e-7,1.0000000077049607
entidad,14,asistencia_edad,edad_sexo,05|Mujeres,89.153421,0.763408,Jalisco,89.15342050541007,0.7634075080592585,-4.94589926347544e-7,0.9999993555991796
entidad,14,asistencia_edad,edad_sexo,06|Mujeres,96.057216,0.445871,Jalisco,96.05721591817165,0.4458705411439222,-8.182834676517814e-8,0.9999989708770524
entidad,14,asistencia_edad,edad_sexo,07|Mujeres,97.785805,0.332734,Jalisco,97.78580475676691,0.332733744337871,-2.432330887813805e-7,0.9999992316320876
entidad,14,asistencia_edad,edad_sexo,08|Mujeres,97.719651,0.287599,Jalisco,97.719651240778,0.2875989313590168,2.407780073099275e-7,0.9999997613309394
entidad,14,asistencia_edad,edad_sexo,09|Mujeres,98.456922,0.205747,Jalisco,98.45692176456251,0.2057472979263637,-2.35437497053681e-7,1.000001448022881
entidad,14,asistencia_edad,edad_sexo,10|Mujeres,98.265502,0.267141,Jalisco,98.2655021596065,0.2671412849227868,1.596065004605407e-7,1.000001066563301
entidad,14,asistencia_edad,edad_sexo,11|Mujeres,96.899282,0.409266,Jalisco,96.89928152299565,0.40926601738020696,-4.770043489088494e-7,1.0000000424667745
entidad,14,asistencia_edad,edad_sexo,12|Mujeres,95.501099,0.412783,Jalisco,95.50109875474462,0.41278281319865495,-2.4525537867248204e-7,0.9999995474587251
entidad,14,asistencia_edad,edad_sexo,13|Mujeres,93.010768,0.543395,Jalisco,93.0107682092439,0.5433950632435575,2.0924390753407351e-7,1.0000001163859762
entidad,14,asistencia_edad,edad_sexo,14|Mujeres,90.480267,0.661104,Jalisco,90.48026744944553,0.6611036642668987,4.494455367876071e-7,0.9999994921629557
entidad,14,asistencia_edad,edad_sexo,15|Mujeres,80.282404,0.856678,Jalisco,80.28240376538353,0.856677973415404,-2.346164649225102e-7,0.9999999689678081
entidad,14,asistencia_edad,edad_sexo,16|Mujeres,79.131756,0.83989,Jalisco,79.13175595940524,0.8398899507519075,-4.0594756001155474e-8,0.9999999413636399
entidad,14,asistencia_edad,edad_sexo,17|Mujeres,70.552777,1.024544,Jalisco,70.55277652877699,1.0245440002966184,-4.712230179393373e-7,1.0000000002895126
entidad,14,asistencia_edad,edad_sexo,18|Mujeres,49.347697,1.170287,Jalisco,49.34769743920809,1.1702869411603183,4.3920809389419446e-7,0.9999999497220068
entidad,14,asistencia_edad,edad_sexo,19|Mujeres,44.065273,1.559406,Jalisco,44.06527288197399,1.559405783259301,-1.1802600852206524e-7,0.9999998610107316
entidad,14,asistencia_edad,edad_sexo,03|Hombres,26.213121,1.095266,Jalisco,26.213120943528523,1.0952662757259768,-5.647147816034703e-8,1.0000002517433908
entidad,14,asistencia_edad,edad_sexo,04|Hombres,78.439599,1.065284,Jalisco,78.43959879426748,1.0652841302467904,-2.0573251902078482e-7,1.0000001222648518
entidad,14,asistencia_edad,edad_sexo,05|Hombres,87.382384,0.847474,Jalisco,87.38238444426135,0.8474736027761878,4.4426134593322786e-7,0.9999995312849572
entidad,14,asistencia_edad,edad_sexo,06|Hombres,95.990515,0.394475,Jalisco,95.99051519724078,0.39447486865847226,1.9724078015315172e-7,0.9999996670472711
entidad,14,asistencia_edad,edad_sexo,07|Hombres,97.943421,0.290645,Jalisco,97.94342066253687,0.2906445791062349,-3.374631347696777e-7,0.9999985518630458
entidad,14,asistencia_edad,edad_sexo,08|Hombres,97.77939,0.294956,Jalisco,97.77939042089986,0.2949560202905467,4.208998518606677e-7,1.0000000687917747
entidad,14,asistencia_edad,edad_sexo,09|Hombres,97.4938,0.392421,Jalisco,97.49379956520407,0.3924212823624093,-4.3479592193307326e-7,1.0000007195394978
entidad,14,asistencia_edad,edad_sexo,10|Hombres,97.580322,0.355562,Jalisco,97.58032155373051,0.35556192066099146,-4.4626948181303305e-7,0.9999997768630828
entidad,14,asistencia_edad,edad_sexo,11|Hombres,96.74055,0.395797,Jalisco,96.74054950052074,0.3957967804077581,-4.994792561774375e-7,0.9999994451897263
entidad,14,asistencia_edad,edad_sexo,12|Hombres,94.723928,0.447187,Jalisco,94.72392795663009,0.4471868037263372,-4.336990855335898e-8,0.9999995610926462
entidad,14,asistencia_edad,edad_sexo,13|Hombres,92.387701,0.472045,Jalisco,92.38770145159447,0.4720445785140119,4.515944596050758e-7,0.9999991071063392
entidad,14,asistencia_edad,edad_sexo,14|Hombres,86.5661,0.694914,Jalisco,86.56609954559865,0.6949139744135655,-4.544013592067131e-7,0.9999999631804302
entidad,14,asistencia_edad,edad_sexo,15|Hombres,73.888522,1.020113,Jalisco,73.88852238477757,1.0201126928715567,3.8477757868804474e-7,0.9999996989270371
entidad,14,asistencia_edad,edad_sexo,16|Hombres,69.52441,0.927703,Jalisco,69.52440999039936,0.927702872256498,-9.600640282769746e-9,0.9999998623012946
entidad,14,asistencia_edad,edad_sexo,17|Hombres,60.977439,1.08619,Jalisco,60.97743935233674,1.0861902709315272,3.523367411162326e-7,1.0000002494329052
entidad,14,asistencia_edad,edad_sexo,18|Hombres,40.765295,1.153012,Jalisco,40.76529471344198,1.153012229193149,-2.8655801997956587e-7,1.0000001987777656
entidad,14,asistencia_edad,edad_sexo,19|Hombres,37.301049,1.288755,Jalisco,37.30104850267783,1.2887552645152034,-4.973221692239349e-7,1.000000205248634
entidad,15,asistencia_edad,edad,03,32.038029,0.649608,México,32.038029047675515,0.6496081617556082,4.7675513314970885e-8,1.000000249004951
entidad,15,asistencia_edad,edad,04,78.602579,0.529133,México,78.60257863790967,0.5291331629950675,-3.6209033282830205e-7,1.0000003080417732
entidad,15,asistencia_edad,edad,05,91.090401,0.320633,México,91.09040065841158,0.32063321179333626,-3.415884179958084e-7,1.0000006605475302
entidad,15,asistencia_edad,edad,06,96.494733,0.229562,México,96.49473254531401,0.22956176324681643,-4.546859884158039e-7,0.9999989686743296
entidad,15,asistencia_edad,edad,07,98.698943,0.110463,México,98.69894270152317,0.11046285992939776,-2.9847683435946237e-7,0.99999873196815
entidad,15,asistencia_edad,edad,08,98.964271,0.093277,México,98.96427095066349,0.09327730079797678,-4.9336506435793126e-8,1.0000032247818516
entidad,15,asistencia_edad,edad,09,98.887338,0.10733,México,98.88733775406757,0.1073301331960823,-2.459324264236784e-7,1.0000012409958288
entidad,15,asistencia_edad,edad,10,98.83182,0.089673,México,98.83182000126403,0.0896733911013209,1.264041316062503e-9,1.000004361416713
entidad,15,asistencia_edad,edad,11,98.50369,0.126346,México,98.50368950571273,0.12634553013766806,-4.942872777746743e-7,0.9999962811459646
entidad,15,asistencia_edad,edad,12,97.57943,0.127731,México,97.57943034038612,0.12773125740788205,3.4038612284348346e-7,1.000002015234219
entidad,15,asistencia_edad,edad,13,96.311233,0.170546,México,96.31123276984907,0.17054586177540526,-2.3015093120193342e-7,0.9999991895172285
entidad,15,asistencia_edad,edad,14,94.378764,0.203205,México,94.37876351713484,0.20320466440609358,-4.828651611887835e-7,0.9999983484958224
entidad,15,asistencia_edad,edad,15,89.199515,0.266097,México,89.19951545422774,0.26609705353245894,4.5422773098380276e-7,1.0000002011764844
entidad,15,asistencia_edad,edad,16,84.686756,0.32788,México,84.68675637689428,0.3278799444873441,3.76894277565043e-7,0.9999998306921559
entidad,15,asistencia_edad,edad,17,76.49873,0.483865,México,76.49872955375577,0.48386466017265534,-4.4624422912420414e-7,0.9999992976814924
entidad,15,asistencia_edad,edad,18,53.02667,0.497052,México,53.02667047220372,0.4970517735783835,4.7220371612866074e-7,0.9999995444709678
entidad,15,asistencia_edad,edad,19,48.479795,0.560574,México,48.47979512224174,0.5605738390706227,1.2224173673303085e-7,0.9999997129203686
entidad,15,asistencia_edad,edad_sexo,03|Mujeres,32.860187,0.893378,México,32.86018671964262,0.8933783677496236,-2.8035738353082706e-7,1.0000004116394445
entidad,15,asistencia_edad,edad_sexo,04|Mujeres,78.843116,0.765747,México,78.84311632870865,0.7657465972833758,3.2870865140921524e-7,0.9999994740865793
entidad,15,asistencia_edad,edad_sexo,05|Mujeres,90.878103,0.45368,México,90.87810278522316,0.4536804265881177,-2.1477683276316384e-7,1.0000009402841599
entidad,15,asistencia_edad,edad_sexo,06|Mujeres,96.517083,0.316181,México,96.51708259317387,0.31618071744966453,-4.068261318934674e-7,0.9999991063652293
entidad,15,asistencia_edad,edad_sexo,07|Mujeres,98.866392,0.13857,México,98.86639179950454,0.13857019525346018,-2.00495463786865e-7,1.0000014090601153
entidad,15,asistencia_edad,edad_sexo,08|Mujeres,99.044397,0.115013,México,99.04439700680481,0.11501345779508444,6.804810936955619e-9,1.0000039803768657
entidad,15,asistencia_edad,edad_sexo,09|Mujeres,99.069472,0.142022,México,99.06947226137197,0.14202171532331115,2.613719658484115e-7,0.9999979955451348
entidad,15,asistencia_edad,edad_sexo,10|Mujeres,98.879526,0.126181,México,98.87952588202612,0.1261813405924683,-1.1797388310696988e-7,1.000002699237352
entidad,15,asistencia_edad,edad_sexo,11|Mujeres,98.718624,0.11844,México,98.7186241216375,0.1184395487877135,1.2163749829596782e-7,0.9999961903724544
entidad,15,asistencia_edad,edad_sexo,12|Mujeres,97.741436,0.169937,México,97.74143633860001,0.16993702418913742,3.386000173577486e-7,1.000000142341794
entidad,15,asistencia_edad,edad_sexo,13|Mujeres,96.78257,0.243221,México,96.78257045326036,0.24322071007930657,4.532603554707748e-7,0.9999988079948137
entidad,15,asistencia_edad,edad_sexo,14|Mujeres,95.153276,0.272097,México,95.15327579747945,0.272097375871579,-2.0252055321634543e-7,1.0000013813881778
entidad,15,asistencia_edad,edad_sexo,15|Mujeres,91.172214,0.309897,México,91.17221418234442,0.3098968207563324,1.823444222281978e-7,0.9999994216024435
entidad,15,asistencia_edad,edad_sexo,16|Mujeres,87.319152,0.423835,México,87.31915190890356,0.42383463366790686,-9.109643883675744e-8,0.9999991356728605
entidad,15,asistencia_edad,edad_sexo,17|Mujeres,80.134294,0.529546,México,80.13429380333902,0.5295463175341961,-1.9666097728077148e-7,1.0000005996347743
entidad,15,asistencia_edad,edad_sexo,18|Mujeres,56.561752,0.638798,México,56.561751779594836,0.6387981070733778,-2.2040516256538467e-7,1.0000001676169585
entidad,15,asistencia_edad,edad_sexo,19|Mujeres,53.286567,0.667202,México,53.2865671641791,0.6672024827532539,1.6417909876054182e-7,1.000000723548871
entidad,15,asistencia_edad,edad_sexo,03|Hombres,31.212941,0.784825,México,31.212941346610744,0.7848245152450719,3.4661074366226785e-7,0.9999993823401038
entidad,15,asistencia_edad,edad_sexo,04|Hombres,78.367645,0.689194,México,78.36764475947255,0.6891935054863503,-2.4052744151958905e-7,0.9999992824753993
entidad,15,asistencia_edad,edad_sexo,05|Hombres,91.287564,0.416959,México,91.28756448645333,0.41695903473779417,4.864533309500985e-7,1.000000083312254
entidad,15,asistencia_edad,edad_sexo,06|Hombres,96.47206,0.31589,México,96.4720599041254,0.31589031009909396,-9.587459715021396e-8,1.0000009816679665
entidad,15,asistencia_edad,edad_sexo,07|Hombres,98.535068,0.172158,México,98.53506840630864,0.17215810688626085,4.063086436190133e-7,1.000000620861423
entidad,15,asistencia_edad,edad_sexo,08|Hombres,98.886632,0.131167,México,98.88663211816187,0.13116737688666855,1.1816186429314257e-7,1.0000028733345165
entidad,15,asistencia_edad,edad_sexo,09|Hombres,98.702191,0.153383,México,98.70219094298521,0.1533831873542332,-5.7014787557818636e-8,1.0000012214797807
entidad,15,asistencia_edad,edad_sexo,10|Hombres,98.785445,0.125047,México,98.78544472527092,0.1250468976361493,-2.747290750448883e-7,0.9999991813969891
entidad,15,asistencia_edad,edad_sexo,11|Hombres,98.299968,0.216193,México,98.2999677354925,0.21619276461961467,-2.645075056761925e-7,0.9999989112488132
entidad,15,asistencia_edad,edad_sexo,12|Hombres,97.425783,0.180085,México,97.425782564793,0.18008518561100792,-4.352069993274199e-7,1.0000010306855536
entidad,15,asistencia_edad,edad_sexo,13|Hombres,95.841992,0.232644,México,95.8419915074605,0.2326443959504551,-4.925394989641063e-7,1.0000017019585938
entidad,15,asistencia_edad,edad_sexo,14|Hombres,93.61779,0.287312,México,93.61778963012348,0.28731211560776776,-3.698765169701801e-7,1.0000004023770943
entidad,15,asistencia_edad,edad_sexo,15|Hombres,87.286011,0.386234,México,87.28601127012881,0.3862338297644526,2.701288082107567e-7,0.9999995592424606
entidad,15,asistencia_edad,edad_sexo,16|Hombres,82.075413,0.487519,México,82.07541285802397,0.4875193065641539,-1.4197603093180078e-7,1.0000006288250385
entidad,15,asistencia_edad,edad_sexo,17|Hombres,73.043293,0.684366,México,73.04329308820587,0.6843662934515264,8.820586572255706e-8,1.0000004287932573
entidad,15,asistencia_edad,edad_sexo,18|Hombres,49.611233,0.654689,México,49.61123339090529,0.6546890279972075,3.909052921358125e-7,1.0000000427641331
entidad,15,asistencia_edad,edad_sexo,19|Hombres,43.696156,0.763704,México,43.69615590279841,0.7637042162329726,-9.72015925526648e-8,1.0000002831371482
entidad,16,asistencia_edad,edad,03,42.057651,0.710571,Michoacán de Ocampo,42.05765147328311,0.7105709140458959,4.7328310870398127e-7,0.9999998790351646
entidad,16,asistencia_edad,edad,04,82.076661,0.592969,Michoacán de Ocampo,82.07666057799867,0.5929685150784826,-4.22001335209643e-7,0.9999991822143867
entidad,16,asistencia_edad,edad,05,90.629185,0.407381,Michoacán de Ocampo,90.62918521123903,0.4073810346192909,2.1123902627095958e-7,1.0000000849801314
entidad,16,asistencia_edad,edad,06,95.10117,0.361004,Michoacán de Ocampo,95.1011701147394,0.36100441810131545,1.1473940730866161e-7,1.0000011581625563
entidad,16,asistencia_edad,edad,07,97.914381,0.130666,Michoacán de Ocampo,97.91438118655822,0.13066556465692908,1.8655821065749478e-7,0.999996668275826
entidad,16,asistencia_edad,edad,08,97.657892,0.193047,Michoacán de Ocampo,97.65789222243455,0.19304657504466546,2.2243455077841645e-7,0.9999977986949575
entidad,16,asistencia_edad,edad,09,97.49757,0.223087,Michoacán de Ocampo,97.49756985120011,0.2230872783744382,-1.4879988441407477e-7,1.0000012478290452
entidad,16,asistencia_edad,edad,10,97.042541,0.245161,Michoacán de Ocampo,97.04254079254079,0.24516138532230555,-2.0745920892295544e-7,1.0000015717112656
entidad,16,asistencia_edad,edad,11,96.151639,0.203559,Michoacán de Ocampo,96.15163913976349,0.20355856793652682,1.3976348611777212e-7,0.9999978774533518
entidad,16,asistencia_edad,edad,12,92.862631,0.269586,Michoacán de Ocampo,92.86263069402844,0.26958634815170524,-3.059715538711316e-7,1.0000012914309544
entidad,16,asistencia_edad,edad,13,89.078533,0.351015,Michoacán de Ocampo,89.07853319848638,0.35101503262064154,1.984863899906486e-7,1.0000000929323292
entidad,16,asistencia_edad,edad,14,83.223571,0.415211,Michoacán de Ocampo,83.22357057689523,0.41521071639039053,-4.23104779656569e-7,0.999999316950636
entidad,16,asistencia_edad,edad,15,74.077701,0.589603,Michoacán de Ocampo,74.07770088131416,0.5896025182842329,-1.186858469282015e-7,0.9999991829828426
entidad,16,asistencia_edad,edad,16,66.037072,0.914027,Michoacán de Ocampo,66.03707165487187,0.9140266441134106,-3.451281287425445e-7,0.9999996106388658
entidad,16,asistencia_edad,edad,17,60.584064,0.739315,Michoacán de Ocampo,60.58406381172193,0.7393147273394641,-1.882780651385474e-7,0.9999996311984257
entidad,16,asistencia_edad,edad,18,42.81488,1.158399,Michoacán de Ocampo,42.814880304679,1.1583993586762744,3.0467899847508306e-7,1.000000309631029
entidad,16,asistencia_edad,edad,19,38.194261,1.061555,Michoacán de Ocampo,38.19426054718533,1.0615546386855337,-4.528146675397693e-7,0.9999996596366025
entidad,16,asistencia_edad,edad_sexo,03|Mujeres,41.457636,0.92434,Michoacán de Ocampo,41.45763615364113,0.9243404485506852,1.5364113181703942e-7,1.0000004852659035
entidad,16,asistencia_edad,edad_sexo,04|Mujeres,83.652658,0.67381,Michoacán de Ocampo,83.65265848964466,0.673810025752028,4.896446625934914e-7,1.0000000382185303
entidad,16,asistencia_edad,edad_sexo,05|Mujeres,90.796266,0.554277,Michoacán de Ocampo,90.79626578802855,0.5542768531388556,-2.119714537229811e-7,0.9999997350401614
entidad,16,asistencia_edad,edad_sexo,06|Mujeres,94.996471,0.511625,Michoacán de Ocampo,94.99647106271426,0.5116246801584894,6.271426400417113e-8,0.9999993748516773
entidad,16,asistencia_edad,edad_sexo,07|Mujeres,98.088291,0.176138,Michoacán de Ocampo,98.08829078103383,0.17613797656898783,-2.1896616431149596e-7,0.9999998669735539
entidad,16,asistencia_edad,edad_sexo,08|Mujeres,98.26653,0.180178,Michoacán de Ocampo,98.26652996018026,0.1801779698033456,-3.98197386175525e-8,0.9999998324065402
entidad,16,asistencia_edad,edad_sexo,09|Mujeres,97.860911,0.261438,Michoacán de Ocampo,97.86091057147719,0.261437981286661,-4.285228101252869e-7,0.9999999284215034
entidad,16,asistencia_edad,edad_sexo,10|Mujeres,97.410248,0.289035,Michoacán de Ocampo,97.41024786039792,0.2890351286115823,-1.3960207922991685e-7,1.0000004449688873
entidad,16,asistencia_edad,edad_sexo,11|Mujeres,96.899284,0.204022,Michoacán de Ocampo,96.89928386408656,0.2040219971643295,-1.3591343872576545e-7,0.9999999861011533
entidad,16,asistencia_edad,edad_sexo,12|Mujeres,93.74153,0.303246,Michoacán de Ocampo,93.74153040021682,0.30324586729997904,4.002168196848288e-7,0.9999995624014135
entidad,16,asistencia_edad,edad_sexo,13|Mujeres,90.865618,0.394522,Michoacán de Ocampo,90.86561785293506,0.39452153769095055,-1.4706493800531462e-7,0.9999988281792919
entidad,16,asistencia_edad,edad_sexo,14|Mujeres,86.033272,0.529071,Michoacán de Ocampo,86.03327204660745,0.5290711168880335,4.660745389628573e-8,1.0000002209307137
entidad,16,asistencia_edad,edad_sexo,15|Mujeres,77.90703,0.649811,Michoacán de Ocampo,77.9070295814968,0.649810876517808,-4.185032054238036e-7,0.9999998099721427
entidad,16,asistencia_edad,edad_sexo,16|Mujeres,69.437024,1.03647,Michoacán de Ocampo,69.43702360236269,1.0364703000619508,-3.976373079694895e-7,1.0000002895037492
entidad,16,asistencia_edad,edad_sexo,17|Mujeres,64.862224,0.928008,Michoacán de Ocampo,64.86222395935118,0.9280076285331685,-4.06488140924921e-8,0.9999995997159168
entidad,16,asistencia_edad,edad_sexo,18|Mujeres,47.590056,1.444726,Michoacán de Ocampo,47.59005580923389,1.4447259793498373,-1.9076610868751231e-7,0.9999999857065196
entidad,16,asistencia_edad,edad_sexo,19|Mujeres,42.536238,1.437759,Michoacán de Ocampo,42.53623779608931,1.4377587862257308,-2.0391068744629592e-7,0.9999998513142542
entidad,16,asistencia_edad,edad_sexo,03|Hombres,42.636678,0.990589,Michoacán de Ocampo,42.63667800291503,0.9905892000167325,2.9150299951652414e-9,1.0000002019169731
entidad,16,asistencia_edad,edad_sexo,04|Hombres,80.544541,0.907932,Michoacán de Ocampo,80.54454063110863,0.9079323581167444,-3.6889136367790343e-7,1.00000039443124
entidad,16,asistencia_edad,edad_sexo,05|Hombres,90.466921,0.573295,Michoacán de Ocampo,90.46692088210982,0.573295447414334,-1.1789018117269734e-7,1.000000780426018
entidad,16,asistencia_edad,edad_sexo,06|Hombres,95.206189,0.444489,Michoacán de Ocampo,95.20618947687795,0.4444885068312844,4.768779575670123e-7,0.999998890481619
entidad,16,asistencia_edad,edad_sexo,07|Hombres,97.73957,0.188051,Michoacán de Ocampo,97.73957016434892,0.1880511570106598,1.6434891847438848e-7,1.0000008349365854
entidad,16,asistencia_edad,edad_sexo,08|Hombres,97.04707,0.339204,Michoacán de Ocampo,97.04706980305822,0.3392040003534317,-1.9694178376994387e-7,1.0000000010419443
entidad,16,asistencia_edad,edad_sexo,09|Hombres,97.115311,0.358739,Michoacán de Ocampo,97.11531084571516,0.3587388354429965,-1.5428484800850129e-7,0.999999541290455
entidad,16,asistencia_edad,edad_sexo,10|Hombres,96.668701,0.397948,Michoacán de Ocampo,96.66870070287251,0.39794777684456156,-2.971274852825445e-7,0.9999994392346777
entidad,16,asistencia_edad,edad_sexo,11|Hombres,95.429804,0.34968,Michoacán de Ocampo,95.42980434462805,0.34967978619026435,3.4462804876511655e-7,0.9999993885560066
entidad,16,asistencia_edad,edad_sexo,12|Hombres,92.007994,0.374143,Michoacán de Ocampo,92.00799420200734,0.3741433118889098,2.0200734240916063e-7,1.0000008336088335
entidad,16,asistencia_edad,edad_sexo,13|Hombres,87.348481,0.532092,Michoacán de Ocampo,87.34848145994543,0.5320915630456515,4.5994542574590014e-7,0.9999991787992518
entidad,16,asistencia_edad,edad_sexo,14|Hombres,80.379406,0.601005,Michoacán de Ocampo,80.37940622477352,0.6010048191980986,2.2477351535599155e-7,0.9999996991673922
entidad,16,asistencia_edad,edad_sexo,15|Hombres,70.481941,0.895525,Michoacán de Ocampo,70.48194056279733,0.8955248364636854,-4.3720267228763987e-7,0.9999998173849813
entidad,16,asistencia_edad,edad_sexo,16|Hombres,62.700818,1.151478,Michoacán de Ocampo,62.7008177008177,1.151477774878561,-2.991822967146618e-7,0.9999998044934952
entidad,16,asistencia_edad,edad_sexo,17|Hombres,56.481199,0.937987,Michoacán de Ocampo,56.481199484596466,0.9379867927000006,4.845964696187366e-7,0.9999997789948055
entidad,16,asistencia_edad,edad_sexo,18|Hombres,38.199367,1.364526,Michoacán de Ocampo,38.19936694752798,1.364526046312339,-5.2472024947292084e-8,1.0000000339402393
entidad,16,asistencia_edad,edad_sexo,19|Hombres,33.62971,1.249372,Michoacán de Ocampo,33.62971010349363,1.2493716339806256,1.0349362611350443e-7,0.9999997070373161
entidad,17,asistencia_edad,edad,03,35.224368,1.135928,Morelos,35.22436837474337,1.1359283308628843,3.7474337233334154e-7,1.0000002912709998
entidad,17,asistencia_edad,edad,04,76.601878,0.916491,Morelos,76.60187777960797,0.9164910233754845,-2.2039202463020047e-7,1.0000000255054164
entidad,17,asistencia_edad,edad,05,90.425155,0.578707,Morelos,90.42515465542378,0.5787067604732499,-3.445762217779702e-7,0.9999995861001334
entidad,17,asistencia_edad,edad,06,96.280549,0.356074,Morelos,96.2805485329043,0.3560735486150672,-4.670956883501276e-7,0.9999987323283003
entidad,17,asistencia_edad,edad,07,97.892191,0.252604,Morelos,97.89219073946094,0.2526035869954982,-2.605390534426988e-7,0.9999983650120274
entidad,17,asistencia_edad,edad,08,98.27216,0.200966,Morelos,98.27216031080667,0.20096576420553583,3.1080666929028666e-7,0.9999988266947435
entidad,17,asistencia_edad,edad,09,98.178945,0.209902,Morelos,98.17894472181315,0.20990232579148888,-2.7818684600333654e-7,1.0000015521123613
entidad,17,asistencia_edad,edad,10,98.278158,0.21051,Morelos,98.2781580006813,0.21050950535232396,6.812967967562145e-10,0.9999976502414325
entidad,17,asistencia_edad,edad,11,97.242641,0.274212,Morelos,97.24264059367637,0.27421174413698857,-4.0632363607073785e-7,0.9999990669153376
entidad,17,asistencia_edad,edad,12,96.386534,0.286527,Morelos,96.3865341220955,0.28652669168325545,1.2209549993258406e-7,0.9999989239522121
entidad,17,asistencia_edad,edad,13,94.28364,0.409151,Morelos,94.2836397240833,0.40915149113122234,-2.7591670459514717e-7,1.0000012003666674
entidad,17,asistencia_edad,edad,14,91.476104,0.442519,Morelos,91.47610443018257,0.44251904289336685,4.3018256690174894e-7,1.0000000969300005
entidad,17,asistencia_edad,edad,15,83.832694,0.654864,Morelos,83.8326941514861,0.6548641123256331,1.5148609122661583e-7,1.0000001715251305
entidad,17,asistencia_edad,edad,16,77.049551,0.817992,Morelos,77.04955100458686,0.8179923902969103,4.586865998135181e-9,1.0000004771402535
entidad,17,asistencia_edad,edad,17,71.302828,0.842727,Morelos,71.30282809024467,0.842727487039014,9.024466862683767e-8,1.0000005779321346
entidad,17,asistencia_edad,edad,18,48.349577,0.943743,Morelos,48.34957745649422,0.9437430992830229,4.564942202023303e-7,1.0000001052013343
entidad,17,asistencia_edad,edad,19,44.742847,1.171933,Morelos,44.74284711251536,1.1719332363353414,1.1251536591316835e-7,1.0000002016628438
entidad,17,asistencia_edad,edad_sexo,03|Mujeres,33.68567,1.355214,Morelos,33.6856697279501,1.3552140703265483,-2.7204990260543127e-7,1.000000051893316
entidad,17,asistencia_edad,edad_sexo,04|Mujeres,76.448158,1.258208,Morelos,76.4481583644329,1.2582083629601744,3.644328927521201e-7,1.0000002884739045
entidad,17,asistencia_edad,edad_sexo,05|Mujeres,91.083406,0.739331,Morelos,91.08340566558826,0.7393310793082846,-3.344117374126654e-7,1.0000001072703357
entidad,17,asistencia_edad,edad_sexo,06|Mujeres,96.325954,0.508038,Morelos,96.32595383890721,0.5080380479232576,-1.6109278533349425e-7,1.000000094330065
entidad,17,asistencia_edad,edad_sexo,07|Mujeres,97.398181,0.432983,Morelos,97.39818109924872,0.4329832106081544,9.924872301780852e-8,1.0000004864120633
entidad,17,asistencia_edad,edad_sexo,08|Mujeres,98.214778,0.309342,Morelos,98.21477805348773,0.3093415398502029,5.348773868263379e-8,0.9999985124884526
entidad,17,asistencia_edad,edad_sexo,09|Mujeres,98.409471,0.233578,Morelos,98.40947054978575,0.2335777051993903,-4.5021424455171655e-7,0.9999987378922257
entidad,17,asistencia_edad,edad_sexo,10|Mujeres,98.570882,0.24787,Morelos,98.57088171494193,0.24786996716339316,-2.850580642643763e-7,0.9999998675248846
entidad,17,asistencia_edad,edad_sexo,11|Mujeres,98.267164,0.26342,Morelos,98.26716385172188,0.263420260644468,-1.482781186723514e-7,1.0000009894634727
entidad,17,asistencia_edad,edad_sexo,12|Mujeres,96.97635,0.37416,Morelos,96.97635029170064,0.3741599920114595,2.9170064408390317e-7,0.9999999786494
entidad,17,asistencia_edad,edad_sexo,13|Mujeres,95.762128,0.442695,Morelos,95.76212789415656,0.44269486827686005,-1.0584344067865459e-7,0.9999997024517107
entidad,17,asistencia_edad,edad_sexo,14|Mujeres,92.955481,0.532737,Morelos,92.95548121461657,0.5327371769534125,2.146165627436858e-7,1.0000003321590438
entidad,17,asistencia_edad,edad_sexo,15|Mujeres,85.728021,0.851181,Morelos,85.72802115257497,0.8511813776824146,1.5257496954745875e-7,1.0000004437157486
entidad,17,asistencia_edad,edad_sexo,16|Mujeres,81.057502,0.925096,Morelos,81.05750165234633,0.9250958700056482,-3.476536676316755e-7,0.9999998594801492
entidad,17,asistencia_edad,edad_sexo,17|Mujeres,75.261114,1.010666,Morelos,75.26111408677022,1.0106662131359123,8.677021412495378e-8,1.0000002108865957
entidad,17,asistencia_edad,edad_sexo,18|Mujeres,51.365482,1.16049,Morelos,51.36548160905401,1.160490482569633,-3.909459920237168e-7,1.0000004158326508
entidad,17,asistencia_edad,edad_sexo,19|Mujeres,49.648983,1.376622,Morelos,49.64898313671564,1.3766216365482575,1.367156414744386e-7,0.9999997359829041
entidad,17,asistencia_edad,edad_sexo,03|Hombres,36.665314,1.512309,Morelos,36.665314401622716,1.5123089825332792,4.0162271375265846e-7,0.9999999884502964
entidad,17,asistencia_edad,edad_sexo,04|Hombres,76.760328,1.160102,Morelos,76.76032781401571,1.1601017582503266,-1.8598429107896663e-7,0.9999997916134328
entidad,17,asistencia_edad,edad_sexo,05|Hombres,89.768613,0.835035,Morelos,89.76861325358098,0.8350352019055772,2.535809784376397e-7,1.0000002417929514
entidad,17,asistencia_edad,edad_sexo,06|Hombres,96.237283,0.518353,Morelos,96.2372830640335,0.5183525873197631,6.403350027994748e-8,0.9999992038625476
entidad,17,asistencia_edad,edad_sexo,07|Hombres,98.358331,0.288755,Morelos,98.35833146780091,0.28875479811949534,4.678009020153695e-7,0.9999993008588435
entidad,17,asistencia_edad,edad_sexo,08|Hombres,98.328278,0.256837,Morelos,98.32827772160432,0.25683727924691446,-2.7839567451337643e-7,1.0000010872534506
entidad,17,asistencia_edad,edad_sexo,09|Hombres,97.953383,0.332565,Morelos,97.95338260375213,0.3325654158961567,-3.9624787007142004e-7,1.0000012505710363
entidad,17,asistencia_edad,edad_sexo,10|Hombres,98.002046,0.276959,Morelos,98.00204609737017,0.2769588027291145,9.737016171129653e-8,0.9999992877253113
entidad,17,asistencia_edad,edad_sexo,11|Hombres,96.293033,0.468077,Morelos,96.2930333423692,0.46807686997792625,3.4236920498642576e-7,0.9999997222207591
entidad,17,asistencia_edad,edad_sexo,12|Hombres,95.828636,0.436618,Morelos,95.82863585118376,0.4366183464196367,-1.4881624110785197e-7,1.0000007934158388
entidad,17,asistencia_edad,edad_sexo,13|Hombres,92.924558,0.64896,Morelos,92.92455818078166,0.6489600547132957,1.8078165453516704e-7,1.0000000843091958
entidad,17,asistencia_edad,edad_sexo,14|Hombres,90.086988,0.631481,Morelos,90.08698803914463,0.6314809922458869,3.91446235425974e-8,0.99999998772075
entidad,17,asistencia_edad,edad_sexo,15|Hombres,81.948013,0.810013,Morelos,81.94801314610099,0.8100130068965499,1.4610098730827303e-7,1.0000000085141225
entidad,17,asistencia_edad,edad_sexo,16|Hombres,73.218347,1.10054,Morelos,73.2183472327521,1.1005397728007027,2.327521002598587e-7,0.9999997935565291
entidad,17,asistencia_edad,edad_sexo,17|Hombres,67.727108,1.308466,Morelos,67.72710777791218,1.308465823816579,-2.2208782013422024e-7,0.9999998653511663
entidad,17,asistencia_edad,edad_sexo,18|Hombres,45.579845,1.22767,Morelos,45.57984522397334,1.2276701467368756,2.239733376541153e-7,1.0000001195246895
entidad,17,asistencia_edad,edad_sexo,19|Hombres,40.121353,1.552692,Morelos,40.1213526043087,1.5526917919159962,-3.9569130194649915e-7,0.9999998659850093
entidad,18,asistencia_edad,edad,03,47.863691,1.49774,Nayarit,47.86369140287148,1.497743735545074,4.028714783999021e-7,1.0000024941211918
entidad,18,asistencia_edad,edad,04,83.4583,0.999949,Nayarit,83.4582996885454,0.9999894922016026,-3.114545990001716e-7,1.0000404942668102
entidad,18,asistencia_edad,edad,05,92.533607,0.588989,Nayarit,92.53360686713815,0.5890599934873122,-1.3286185662764183e-7,1.0001205344875919
entidad,18,asistencia_edad,edad,06,96.154057,0.37519,Nayarit,96.15405716793768,0.375359292861634,1.6793768509160145e-7,1.0004512190133905
entidad,18,asistencia_edad,edad,07,97.457496,0.277913,Nayarit,97.45749573665444,0.2781130088256596,-2.6334556935125875e-7,1.0007196814314536
entidad,18,asistencia_edad,edad,08,97.562812,0.301261,Nayarit,97.56281170603181,0.3014699478374574,-2.9396818490567966e-7,1.0006935774542918
entidad,18,asistencia_edad,edad,09,97.670393,0.269895,Nayarit,97.67039271935899,0.26996503543473244,-2.806410179800878e-7,1.0002594914123362
entidad,18,asistencia_edad,edad,10,97.576489,0.229494,Nayarit,97.57648915919958,0.22973374908035102,1.591995868466256e-7,1.0010446856142252
entidad,18,asistencia_edad,edad,11,96.915732,0.24324,Nayarit,96.91573167820482,0.24358114238189824,-3.217951842771072e-7,1.0014024929365986
entidad,18,asistencia_edad,edad,12,95.525756,0.34398,Nayarit,95.52575564069818,0.34424539599547815,-3.5930182207266625e-7,1.0007715448441135
entidad,18,asistencia_edad,edad,13,94.197541,0.397036,Nayarit,94.19754147683315,0.397132619808554,4.768331507420953e-7,1.0002433527653765
entidad,18,asistencia_edad,edad,14,89.766966,0.626873,Nayarit,89.76696630170835,0.627035357562314,3.017083542999899e-7,1.0002589959406674
entidad,18,asistencia_edad,edad,15,83.819261,0.781994,Nayarit,83.81926092795564,0.7820480160225364,-7.204435803487286e-8,1.000069074727602
entidad,18,asistencia_edad,edad,16,75.884996,1.003522,Nayarit,75.88499633162142,1.0036167506984506,3.3162142187848076e-7,1.0000944181576992
entidad,18,asistencia_edad,edad,17,68.364506,1.186291,Nayarit,68.36450630709004,1.1863251540460238,3.070900334023463e-7,1.0000287906137901
entidad,18,asistencia_edad,edad,18,48.810486,1.264112,Nayarit,48.81048644507809,1.2641297917356882,4.45078093491702e-7,1.0000140744931527
entidad,18,asistencia_edad,edad,19,45.491905,1.52638,Nayarit,45.49190473832748,1.526394208933933,-2.61672525425638e-7,1.000009308909926
entidad,18,asistencia_edad,edad_sexo,03|Mujeres,47.944243,1.823895,Nayarit,47.94424270821131,1.8238966150519578,-2.917886874342912e-7,1.0000008854961266
entidad,18,asistencia_edad,edad_sexo,04|Mujeres,83.548189,1.432115,Nayarit,83.54818907305095,1.4321870529888265,7.305095550691476e-8,1.0000503122925368
entidad,18,asistencia_edad,edad_sexo,05|Mujeres,92.798191,0.804074,Nayarit,92.79819106840023,0.8041092521209556,6.840022592768946e-8,1.0000438418863882
entidad,18,asistencia_edad,edad_sexo,06|Mujeres,95.886541,0.5604,Nayarit,95.88654085207368,0.560536439661827,-1.4792631475302187e-7,1.0002434683473
entidad,18,asistencia_edad,edad_sexo,07|Mujeres,97.679144,0.32837,Nayarit,97.67914438502675,0.3284317002637522,3.850267518146211e-7,1.0001878986014319
entidad,18,asistencia_edad,edad_sexo,08|Mujeres,97.842866,0.390844,Nayarit,97.84286562438156,0.39114089324717394,-3.756184412395669e-7,1.000759620838938
entidad,18,asistencia_edad,edad_sexo,09|Mujeres,98.098257,0.288923,Nayarit,98.09825673534073,0.28893653529702384,-2.646592776045509e-7,1.0000468474196373
entidad,18,asistencia_edad,edad_sexo,10|Mujeres,98.111444,0.259486,Nayarit,98.1114435302917,0.259732284944244,-4.6970831135695335e-7,1.0009491261349128
entidad,18,asistencia_edad,edad_sexo,11|Mujeres,97.196446,0.288755,Nayarit,97.1964461994077,0.2891684803710811,1.9940770812354458e-7,1.0014319418575648
entidad,18,asistencia_edad,edad_sexo,12|Mujeres,95.985338,0.386208,Nayarit,95.98533775528016,0.38633662401873603,-2.4471984261253965e-7,1.0003330433826747
entidad,18,asistencia_edad,edad_sexo,13|Mujeres,94.856742,0.555942,Nayarit,94.85674231139927,0.5559833362684765,3.113992761427653e-7,1.0000743535629193
entidad,18,asistencia_edad,edad_sexo,14|Mujeres,91.716593,0.715182,Nayarit,91.71659286272467,0.715284364845819,-1.3727533598739683e-7,1.0001431311831381
entidad,18,asistencia_edad,edad_sexo,15|Mujeres,86.910001,0.946248,Nayarit,86.91000086288722,0.9462910641295742,-1.3711277802030963e-7,1.000045510404856
entidad,18,asistencia_edad,edad_sexo,16|Mujeres,79.896128,1.234726,Nayarit,79.89612842304061,1.2347933006985718,4.2304060343667516e-7,1.0000545065857298
entidad,18,asistencia_edad,edad_sexo,17|Mujeres,73.347701,1.450106,Nayarit,73.34770114942529,1.4501332552608623,1.494252899192361e-7,1.0000187953576238
entidad,18,asistencia_edad,edad_sexo,18|Mujeres,54.305859,1.752169,Nayarit,54.30585865368474,1.7521832045993917,-3.4631526091288833e-7,1.0000081068660567
entidad,18,asistencia_edad,edad_sexo,19|Mujeres,51.732172,1.925793,Nayarit,51.73217179902755,1.925808802156596,-2.0097245112538076e-7,1.0000082055322643
entidad,18,asistencia_edad,edad_sexo,03|Hombres,47.785601,2.03848,Nayarit,47.7856007267772,2.038482797809156,-2.732228026047778e-7,1.000001372497722
entidad,18,asistencia_edad,edad_sexo,04|Hombres,83.378658,1.357504,Nayarit,83.37865767431741,1.357512389634263,-3.256825920061601e-7,1.0000061801911913
entidad,18,asistencia_edad,edad_sexo,05|Hombres,92.291796,0.835147,Nayarit,92.2917958255838,0.8352111072233184,-1.7441620059344132e-7,1.0000767616040271
entidad,18,asistencia_edad,edad_sexo,06|Hombres,96.406483,0.491774,Nayarit,96.40648325869056,0.4918723613290334,2.5869056230476417e-7,1.0002000132764917
entidad,18,asistencia_edad,edad_sexo,07|Hombres,97.250275,0.422712,Nayarit,97.25027497250275,0.42294212559554467,-2.749725069861597e-8,1.0005444027979917
entidad,18,asistencia_edad,edad_sexo,08|Hombres,97.308934,0.448041,Nayarit,97.30893433799784,0.448096917652834,3.379978466000466e-7,1.0001248047674967
entidad,18,asistencia_edad,edad_sexo,09|Hombres,97.243628,0.447404,Nayarit,97.24362774155306,0.44749262012698826,-2.5844694562238146e-7,1.0001980762956706
entidad,18,asistencia_edad,edad_sexo,10|Hombres,97.048787,0.342374,Nayarit,97.0487872360048,0.3424972996198568,2.3600479437391186e-7,1.0003601313763801
entidad,18,asistencia_edad,edad_sexo,11|Hombres,96.652797,0.379113,Nayarit,96.65279704114656,0.3792471647232049,4.114654927889205e-8,1.000353891117437
entidad,18,asistencia_edad,edad_sexo,12|Hombres,95.088098,0.546032,Nayarit,95.08809840425532,0.546281513823042,4.0425531722121377e-7,1.0004569582424512
entidad,18,asistencia_edad,edad_sexo,13|Hombres,93.562811,0.557197,Nayarit,93.56281110267443,0.5572913041913843,1.0267443428801926e-7,1.0001692474858699
entidad,18,asistencia_edad,edad_sexo,14|Hombres,87.888926,0.983272,Nayarit,87.88892606222817,0.9834003374832078,6.222816750778293e-8,1.000130520835748
entidad,18,asistencia_edad,edad_sexo,15|Hombres,80.702975,1.157177,Nayarit,80.70297546546024,1.1572132026449646,4.654602463460833e-7,1.0000312853132793
entidad,18,asistencia_edad,edad_sexo,16|Hombres,72.098413,1.467319,Nayarit,72.09841326439651,1.4673877032257394,2.643965189008668e-7,1.000046822283184
entidad,18,asistencia_edad,edad_sexo,17|Hombres,63.683145,1.683933,Nayarit,63.68314492998144,1.6839573181214567,-7.001856516808402e-8,1.0000144412642644
entidad,18,asistencia_edad,edad_sexo,18|Hombres,43.158076,1.845192,Nayarit,43.15807649140982,1.8452023571902252,4.91409821279376e-7,1.0000056130691144
entidad,18,asistencia_edad,edad_sexo,19|Hombres,39.525424,2.080866,Nayarit,39.52542372881356,2.0808728098324405,-2.7118644396750824e-7,1.0000032725953716
entidad,19,asistencia_edad,edad,03,32.812695,0.997322,Nuevo León,32.81269508327715,0.9973222153528494,8.327715050882034e-8,1.0000002159311128
entidad,19,asistencia_edad,edad,04,83.137608,0.705026,Nuevo León,83.13760838930008,0.705026488960424,3.8930008372517477e-7,1.0000006935353078
entidad,19,asistencia_edad,edad,05,88.725924,0.624124,Nuevo León,88.7259241536069,0.6241238141561667,1.5360689076260314e-7,0.9999997022325158
entidad,19,asistencia_edad,edad,06,94.629489,0.415701,Nuevo León,94.62948874849778,0.41570068482411837,-2.515022288207547e-7,0.9999992418207279
entidad,19,asistencia_edad,edad,07,98.028858,0.220813,Nuevo León,98.02885839894577,0.22081308650309012,3.989457724173917e-7,1.0000003917481766
entidad,19,asistencia_edad,edad,08,98.115526,0.21806,Nuevo León,98.11552642359689,0.21805971438799157,4.2359688734450174e-7,0.9999986902136639
entidad,19,asistencia_edad,edad,09,98.234,0.212919,Nuevo León,98.23400032187114,0.21291870303827426,3.2187114129555994e-7,0.9999986052831089
entidad,19,asistencia_edad,edad,10,97.998397,0.239334,Nuevo León,97.99839709448011,0.23933432324696724,9.448011439872062e-8,1.0000013506103071
entidad,19,asistencia_edad,edad,11,97.704165,0.261577,Nuevo León,97.70416494306677,0.26157707887296594,-5.693323146260809e-8,1.0000003015286738
entidad,19,asistencia_edad,edad,12,97.24282,0.289029,Nuevo León,97.24282027121144,0.28902907065455385,2.7121144796637964e-7,1.000000244454895
entidad,19,asistencia_edad,edad,13,96.714694,0.288912,Nuevo León,96.71469446147557,0.28891196035124156,4.614755795273595e-7,0.9999998627652765
entidad,19,asistencia_edad,edad,14,92.977769,0.43686,Nuevo León,92.97776929682283,0.4368599447099875,2.9682283297916e-7,0.9999998734376859
entidad,19,asistencia_edad,edad,15,84.044347,0.73348,Nuevo León,84.04434701964422,0.7334804428540749,1.9644218696157623e-8,1.000000603771166
entidad,19,asistencia_edad,edad,16,78.192856,0.811443,Nuevo León,78.192856225106,0.8114429620829493,2.2510599251290841e-7,0.9999999532720713
entidad,19,asistencia_edad,edad,17,67.501863,0.855183,Nuevo León,67.50186307881327,0.8551833671936367,7.881327235281788e-8,1.0000004293743405
entidad,19,asistencia_edad,edad,18,50.169467,1.119555,Nuevo León,50.16946701494022,1.1195550935480292,1.494021972803239e-8,1.0000000835582254
entidad,19,asistencia_edad,edad,19,45.405522,1.117756,Nuevo León,45.40552246886843,1.1177564246694074,4.688684356324302e-7,1.0000003799303314
entidad,19,asistencia_edad,edad_sexo,03|Mujeres,32.200655,1.347072,Nuevo León,32.20065540710865,1.3470719792339172,4.0710865079063296e-7,0.9999999845842814
entidad,19,asistencia_edad,edad_sexo,04|Mujeres,84.421803,0.930409,Nuevo León,84.42180309116544,0.9304087160281768,9.116544674725446e-8,0.9999996947881811
entidad,19,asistencia_edad,edad_sexo,05|Mujeres,90.537499,0.754929,Nuevo León,90.53749909247114,0.7549285784273967,9.247114007848722e-8,0.9999994415731768
entidad,19,asistencia_edad,edad_sexo,06|Mujeres,94.358229,0.598313,Nuevo León,94.358228980322,0.5983128103345926,-1.9677997897815658e-8,0.9999996829996884
entidad,19,asistencia_edad,edad_sexo,07|Mujeres,98.145974,0.291739,Nuevo León,98.14597408350869,0.29173869893228666,8.350869507012249e-8,0.99999896802377
entidad,19,asistencia_edad,edad_sexo,08|Mujeres,98.101494,0.310046,Nuevo León,98.10149380230956,0.3100459897214268,-1.9769044001805014e-7,0.9999999668482316
entidad,19,asistencia_edad,edad_sexo,09|Mujeres,97.946755,0.329072,Nuevo León,97.94675482860623,0.3290717803637932,-1.7139376495833858e-7,0.9999993325588115
entidad,19,asistencia_edad,edad_sexo,10|Mujeres,98.149403,0.360461,Nuevo León,98.14940333148479,0.36046122184599405,3.314847845103941e-7,1.0000006154507535
entidad,19,asistencia_edad,edad_sexo,11|Mujeres,97.902286,0.351243,Nuevo León,97.90228597041686,0.3512429073099245,-2.9583148375422752e-8,0.999999736108405
entidad,19,asistencia_edad,edad_sexo,12|Mujeres,97.456072,0.392634,Nuevo León,97.45607240409312,0.39263418433197117,4.0409311452549446e-7,1.000000469475316
entidad,19,asistencia_edad,edad_sexo,13|Mujeres,97.143086,0.34159,Nuevo León,97.14308610810595,0.34159022337800754,1.081059508578619e-7,1.000000653936027
entidad,19,asistencia_edad,edad_sexo,14|Mujeres,93.27004,0.596731,Nuevo León,93.27003991800625,0.5967308006310418,-8.199374690320838e-8,0.9999996658981044
entidad,19,asistencia_edad,edad_sexo,15|Mujeres,85.332904,0.917719,Nuevo León,85.33290378006872,0.9177193117828697,-2.199312802986242e-7,1.0000003397367492
entidad,19,asistencia_edad,edad_sexo,16|Mujeres,79.878928,1.013439,Nuevo León,79.8789282748372,1.0134386412775518,2.7483719122756156e-7,0.9999996460344942
entidad,19,asistencia_edad,edad_sexo,17|Mujeres,70.228375,1.174187,Nuevo León,70.22837484975338,1.1741873379410233,-1.502466204783559e-7,1.0000002878085203
entidad,19,asistencia_edad,edad_sexo,18|Mujeres,53.622977,1.345259,Nuevo León,53.62297657762999,1.3452591196967914,-4.223700074135195e-7,1.000000088976763
entidad,19,asistencia_edad,edad_sexo,19|Mujeres,48.801534,1.404029,Nuevo León,48.80153403643337,1.4040293277173836,3.64333700986208e-8,1.0000002334121187
entidad,19,asistencia_edad,edad_sexo,03|Hombres,33.413319,1.343007,Nuevo León,33.413318820502674,1.3430068913821476,-1.7949732722399858e-7,0.9999999191233907
entidad,19,asistencia_edad,edad_sexo,04|Hombres,81.965222,1.000519,Nuevo León,81.96522245968525,1.0005187361845531,4.596852534177742e-7,0.9999997363214024
entidad,19,asistencia_edad,edad_sexo,05|Hombres,86.954979,0.934119,Nuevo León,86.95497882609004,0.9341185160531361,-1.7390995310506696e-7,0.9999994819216139
entidad,19,asistencia_edad,edad_sexo,06|Hombres,94.893321,0.58161,Nuevo León,94.89332086387263,0.5816102541948719,-1.361273689326481e-7,1.0000004370538194
entidad,19,asistencia_edad,edad_sexo,07|Hombres,97.911776,0.322162,Nuevo León,97.91177642942557,0.3221618843643959,4.2942556888192485e-7,0.9999996410637999
entidad,19,asistencia_edad,edad_sexo,08|Hombres,98.128655,0.301637,Nuevo León,98.12865497076024,0.3016366518881937,-2.923975728208461e-8,0.9999988459247166
entidad,19,asistencia_edad,edad_sexo,09|Hombres,98.513625,0.273826,Nuevo León,98.51362510322048,0.27382554654217484,1.0322047216959618e-7,0.9999983439928086
entidad,19,asistencia_edad,edad_sexo,10|Hombres,97.851014,0.317661,Nuevo León,97.85101435329966,0.31766094233443076,3.5329965442087996e-7,0.9999998184682122
entidad,19,asistencia_edad,edad_sexo,11|Hombres,97.51704,0.389291,Nuevo León,97.51703992210321,0.38929120129369815,-7.789678591052507e-8,1.0000005170777084
entidad,19,asistencia_edad,edad_sexo,12|Hombres,97.027461,0.391693,Nuevo León,97.02746099057187,0.3916930308004275,-9.428134717381909e-9,1.0000000786341023
entidad,19,asistencia_edad,edad_sexo,13|Hombres,96.268719,0.448288,Nuevo León,96.26871897551412,0.4482880779024571,-2.4485885319336376e-8,1.000000173777699
entidad,19,asistencia_edad,edad_sexo,14|Hombres,92.695482,0.587138,Nuevo León,92.69548182727576,0.5871376378270685,-1.7272424202019465e-7,0.9999993831553544
entidad,19,asistencia_edad,edad_sexo,15|Hombres,82.80293,0.952991,Nuevo León,82.80292997848039,0.9529907281491196,-2.1519610982068116e-8,0.9999997147392993
entidad,19,asistencia_edad,edad_sexo,16|Hombres,76.573324,1.100259,Nuevo León,76.57332381712078,1.1002589247669712,-1.82879219323695e-7,0.9999999316224372
entidad,19,asistencia_edad,edad_sexo,17|Hombres,64.924379,1.132402,Nuevo León,64.92437896716558,1.1324023387868305,-3.283442140400439e-8,1.0000002991754082
entidad,19,asistencia_edad,edad_sexo,18|Hombres,46.788416,1.394031,Nuevo León,46.788416477364194,1.3940306647133147,4.773641961719477e-7,0.9999997594840536
entidad,19,asistencia_edad,edad_sexo,19|Hombres,42.050885,1.524098,Nuevo León,42.050884670024544,1.5240980794863375,-3.2997545673651985e-7,1.0000000521530357
entidad,20,asistencia_edad,edad,03,62.90267,0.39608,Oaxaca,62.90266951783128,0.3960825115128645,-4.821687227263283e-7,1.0000063409232087
entidad,20,asistencia_edad,edad,04,85.704769,0.297257,Oaxaca,85.70476906258541,0.2972579209960773,6.258541418446839e-8,1.000003098315859
entidad,20,asistencia_edad,edad,05,93.226359,0.205321,Oaxaca,93.22635924598848,0.20532129312815398,2.4598847403467516e-7,1.0000014276579305
entidad,20,asistencia_edad,edad,06,96.839637,0.145503,Oaxaca,96.83963706799878,0.14550548403591754,6.799878349283972e-8,1.0000170720598032
entidad,20,asistencia_edad,edad,07,98.217232,0.09189,Oaxaca,98.21723247909057,0.0918913971361305,4.790905734353146e-7,1.0000152044415116
entidad,20,asistencia_edad,edad,08,98.104609,0.086487,Oaxaca,98.10460915261659,0.08651616271537382,1.5261659314091958e-7,1.000337191894433
entidad,20,asistencia_edad,edad,09,98.07787,0.099006,Oaxaca,98.07787017884532,0.09903527332889109,1.7884531189338304e-7,1.0002956722712875
entidad,20,asistencia_edad,edad,10,97.654726,0.107133,Oaxaca,97.65472647028636,0.10714453887630777,4.702863662942036e-7,1.0001077060878325
entidad,20,asistencia_edad,edad,11,97.188049,0.108781,Oaxaca,97.18804920913884,0.10878370433209449,2.091388324743093e-7,1.0000248603349342
entidad,20,asistencia_edad,edad,12,93.429123,0.159718,Oaxaca,93.42912349409308,0.15972090048059592,4.940930722341363e-7,1.0000181600107434
entidad,20,asistencia_edad,edad,13,90.321526,0.194674,Oaxaca,90.3215257429887,0.1946761250231502,-2.570113082356329e-7,1.0000109158036008
entidad,20,asistencia_edad,edad,14,85.134429,0.23612,Oaxaca,85.134429486608,0.23612603962377277,4.866080018928187e-7,1.0000255786200778
entidad,20,asistencia_edad,edad,15,73.429776,0.332645,Oaxaca,73.4297757194151,0.3326462902127389,-2.8058489931481745e-7,1.000003878647624
entidad,20,asistencia_edad,edad,16,67.500803,0.353786,Oaxaca,67.50080294926757,0.3537861923576163,-5.073243869446742e-8,1.0000005437117816
entidad,20,asistencia_edad,edad,17,61.014138,0.389052,Oaxaca,61.01413800944317,0.3890532038436571,9.443169801670592e-9,1.0000030943001375
entidad,20,asistencia_edad,edad,18,39.401963,0.439657,Oaxaca,39.40196252371269,0.43965771074797033,-4.762873118124844e-7,1.0000016165965067
entidad,20,asistencia_edad,edad,19,36.816899,0.467224,Oaxaca,36.816898999401346,0.4672243199025262,-5.986535711599572e-10,1.0000006846877005
entidad,20,asistencia_edad,edad_sexo,03|Mujeres,63.560118,0.543804,Oaxaca,63.560118322603095,0.5438050179034345,3.226030926839485e-7,1.0000018718204253
entidad,20,asistencia_edad,edad_sexo,04|Mujeres,86.289799,0.383472,Oaxaca,86.28979857050032,0.38347195470779427,-4.294996784892646e-7,0.9999998818891452
entidad,20,asistencia_edad,edad_sexo,05|Mujeres,93.56249,0.261766,Oaxaca,93.56249009979408,0.26176614769509016,9.979407877835911e-8,1.0000005642256449
entidad,20,asistencia_edad,edad_sexo,06|Mujeres,97.280066,0.171921,Oaxaca,97.28006551240055,0.17192880802797342,-4.875994505937342e-7,1.0000454163713184
entidad,20,asistencia_edad,edad_sexo,07|Mujeres,98.368752,0.109319,Oaxaca,98.36875229306014,0.10931870542132077,2.930601397110877e-7,0.9999973053295472
entidad,20,asistencia_edad,edad_sexo,08|Mujeres,98.302652,0.102653,Oaxaca,98.30265227830984,0.10266587027504902,2.783098409508966e-7,1.0001253765116365
entidad,20,asistencia_edad,edad_sexo,09|Mujeres,98.133094,0.126398,Oaxaca,98.13309413017885,0.12640801151818706,1.301788472574117e-7,1.0000792063022126
entidad,20,asistencia_edad,edad_sexo,10|Mujeres,97.806546,0.130815,Oaxaca,97.80654629314185,0.13081819015781024,2.931418521257001e-7,1.0000243867890553
entidad,20,asistencia_edad,edad_sexo,11|Mujeres,97.453064,0.141252,Oaxaca,97.45306441264262,0.14125185635118773,4.1264262051754486e-7,0.9999989830316579
entidad,20,asistencia_edad,edad_sexo,12|Mujeres,93.720839,0.194633,Oaxaca,93.72083930665973,0.1946332616276318,3.0665972872157e-7,1.0000013442100353
entidad,20,asistencia_edad,edad_sexo,13|Mujeres,91.0548,0.240797,Oaxaca,91.0548003853152,0.24080019365837832,3.8531520374363026e-7,1.0000132628661416
entidad,20,asistencia_edad,edad_sexo,14|Mujeres,86.962231,0.287767,Oaxaca,86.96223063257898,0.28777553646804166,-3.6742102338394034e-7,1.000029664513449
entidad,20,asistencia_edad,edad_sexo,15|Mujeres,75.775398,0.3958,Oaxaca,75.77539824876041,0.3958008712536135,2.4876041493371304e-7,1.0000022012471286
entidad,20,asistencia_edad,edad_sexo,16|Mujeres,71.107913,0.442331,Oaxaca,71.10791287260247,0.4423318532427767,-1.2739752719426178e-7,1.0000019289689774
entidad,20,asistencia_edad,edad_sexo,17|Mujeres,64.685173,0.484945,Oaxaca,64.68517264725796,0.4849455150373943,-3.5274204890356486e-7,1.0000010620532107
entidad,20,asistencia_edad,edad_sexo,18|Mujeres,42.09301,0.563748,Oaxaca,42.093010365279085,0.5637481310272444,3.6527908520156416e-7,1.0000002324216573
entidad,20,asistencia_edad,edad_sexo,19|Mujeres,39.94109,0.599079,Oaxaca,39.941089837997055,0.5990791376217162,-1.620029479454388e-7,1.0000002297221504
entidad,20,asistencia_edad,edad_sexo,03|Hombres,62.256863,0.538115,Oaxaca,62.256862544012584,0.538117067387489,-4.559874184906221e-7,1.0000038419064494
entidad,20,asistencia_edad,edad_sexo,04|Hombres,85.120977,0.432176,Oaxaca,85.12097737433028,0.43217759198237465,3.743302841030527e-7,1.0000036836436421
entidad,20,asistencia_edad,edad_sexo,05|Hombres,92.901149,0.306935,Oaxaca,92.90114942528736,0.30693506344634613,4.252873537780033e-7,1.0000002067093883
entidad,20,asistencia_edad,edad_sexo,06|Hombres,96.402773,0.228146,Oaxaca,96.40277334571088,0.22814606945448057,3.457108874727055e-7,1.0000003044299728
entidad,20,asistencia_edad,edad_sexo,07|Hombres,98.065862,0.131083,Oaxaca,98.06586218563213,0.13108593876118788,1.8563213188826921e-7,1.0000224190870508
entidad,20,asistencia_edad,edad_sexo,08|Hombres,97.909824,0.130381,Oaxaca,97.90982382800836,0.13039688939942526,-1.7199164403791656e-7,1.0001218689795697
entidad,20,asistencia_edad,edad_sexo,09|Hombres,98.022208,0.148606,Oaxaca,98.02220778119968,0.1486353974996194,-2.1880032363696955e-7,1.0001978217542995
entidad,20,asistencia_edad,edad_sexo,10|Hombres,97.509111,0.158976,Oaxaca,97.50911147417368,0.15898909054465155,4.7417367454727355e-7,1.0000823428986234
entidad,20,asistencia_edad,edad_sexo,11|Hombres,96.927175,0.143304,Oaxaca,96.92717486818981,0.1433097908224558,-1.3181019653529802e-7,1.0000404093567228
entidad,20,asistencia_edad,edad_sexo,12|Hombres,93.140291,0.220681,Oaxaca,93.14029111179933,0.22068531621913876,1.1179932357663347e-7,1.0000195586350378
entidad,20,asistencia_edad,edad_sexo,13|Hombres,89.620227,0.259521,Oaxaca,89.62022724946259,0.25952110817027585,2.494625874760459e-7,1.00000041680741
entidad,20,asistencia_edad,edad_sexo,14|Hombres,83.345095,0.32198,Oaxaca,83.34509527170077,0.32198154485833647,2.717007703267882e-7,1.0000047979947093
entidad,20,asistencia_edad,edad_sexo,15|Hombres,71.146539,0.44059,Oaxaca,71.146539330458,0.44058972864294305,3.304579934138019e-7,0.9999993841052749
entidad,20,asistencia_edad,edad_sexo,16|Hombres,63.827508,0.474597,Oaxaca,63.82750845546787,0.4745972494453173,4.554678696422343e-7,1.0000005255939615
entidad,20,asistencia_edad,edad_sexo,17|Hombres,57.431682,0.499092,Oaxaca,57.4316824356467,0.4990925735102017,4.3564669738316297e-7,1.000001149107182
entidad,20,asistencia_edad,edad_sexo,18|Hombres,36.791159,0.57039,Oaxaca,36.7911591514076,0.5703910572002155,1.514075975705964e-7,1.0000018534690573
entidad,20,asistencia_edad,edad_sexo,19|Hombres,33.396632,0.652095,Oaxaca,33.39663203152992,0.6520952007827269,3.1529921784567705e-8,1.0000003079041042
entidad,21,asistencia_edad,edad,03,50.093256,0.860977,Puebla,50.09325570611573,0.8609770803041097,-2.938842698085864e-7,1.0000000932709117
entidad,21,asistencia_edad,edad,04,83.21849,0.575396,Puebla,83.2184898076371,0.57539607952784,-1.9236290427215863e-7,1.0000001382140995
entidad,21,asistencia_edad,edad,05,92.116127,0.537686,Puebla,92.11612667314594,0.537685901093753,-3.268540638146078e-7,0.9999998160520323
entidad,21,asistencia_edad,edad,06,96.409724,0.457555,Puebla,96.40972449685191,0.45755535199761266,4.968519107251268e-7,1.0000007693012045
entidad,21,asistencia_edad,edad,07,98.846071,0.13555,Puebla,98.84607069505999,0.13555035643649857,-3.049400021382098e-7,1.0000026295573483
entidad,21,asistencia_edad,edad,08,98.741477,0.133817,Puebla,98.74147743991122,0.13381653948511518,4.3991121856379323e-7,0.9999965586219628
entidad,21,asistencia_edad,edad,09,98.598387,0.143846,Puebla,98.59838661916854,0.14384563474072093,-3.808314659181633e-7,0.9999974607616543
entidad,21,asistencia_edad,edad,10,98.212117,0.195983,Puebla,98.21211651815194,0.1959832324704386,-4.818480618951071e-7,1.0000011861765492
entidad,21,asistencia_edad,edad,11,97.885858,0.153494,Puebla,97.8858577645135,0.1534935873761189,-2.3548649608073902e-7,0.9999973117914636
entidad,21,asistencia_edad,edad,12,94.680025,0.253284,Puebla,94.68002540040924,0.2532844896561972,4.0040923465767264e-7,1.000001933229881
entidad,21,asistencia_edad,edad,13,92.090614,0.348085,Puebla,92.09061445971912,0.34808527087434593,4.5971911788456055e-7,1.0000007781844835
entidad,21,asistencia_edad,edad,14,87.969503,0.359826,Puebla,87.9695031252794,0.3598255676279114,1.2527939929896093e-7,0.9999987983856403
entidad,21,asistencia_edad,edad,15,79.521277,0.504552,Puebla,79.52127659574468,0.5045520229120465,-4.0425531722121377e-7,1.000000045410674
entidad,21,asistencia_edad,edad,16,75.346849,0.65347,Puebla,75.34684894400473,0.653469745222375,-5.5995272418840614e-8,0.9999996101158048
entidad,21,asistencia_edad,edad,17,67.549141,0.848488,Puebla,67.54914084873731,0.8484876074915246,-1.5126269659049285e-7,0.9999995374024436
entidad,21,asistencia_edad,edad,18,46.54632,1.160689,Puebla,46.54631966435725,1.1606894718365008,-3.3564275270236976e-7,1.0000004065141488
entidad,21,asistencia_edad,edad,19,45.312828,1.461611,Puebla,45.31282819334983,1.4616105938196353,1.9334982681584734e-7,0.9999997221009115
entidad,21,asistencia_edad,edad_sexo,03|Mujeres,51.749821,1.277828,Puebla,51.749821446791145,1.277827946276072,4.467911480787734e-7,0.9999999579568393
entidad,21,asistencia_edad,edad_sexo,04|Mujeres,83.55331,0.767609,Puebla,83.55330996081666,0.7676089610310737,-3.918333391084161e-8,0.9999999492333645
entidad,21,asistencia_edad,edad_sexo,05|Mujeres,92.282822,0.724344,Puebla,92.28282206227628,0.7243439447424791,6.22762854618486e-8,0.9999999237137038
entidad,21,asistencia_edad,edad_sexo,06|Mujeres,96.099311,0.780822,Puebla,96.09931054988758,0.7808220188060454,-4.501124237776821e-7,1.0000000240849327
entidad,21,asistencia_edad,edad_sexo,07|Mujeres,98.824426,0.248577,Puebla,98.82442639809922,0.24857740923853155,3.980992175911524e-7,1.000001646325008
entidad,21,asistencia_edad,edad_sexo,08|Mujeres,98.884982,0.110825,Puebla,98.8849815593104,0.11082535323630716,-4.40689589709109e-7,1.0000031873341497
entidad,21,asistencia_edad,edad_sexo,09|Mujeres,98.737566,0.11385,Puebla,98.73756556339302,0.11384998461784403,-4.3660698167968803e-7,0.9999998648910322
entidad,21,asistencia_edad,edad_sexo,10|Mujeres,98.049766,0.32666,Puebla,98.04976576821237,0.3266602609753347,-2.3178763797204738e-7,1.0000007989203903
entidad,21,asistencia_edad,edad_sexo,11|Mujeres,98.205096,0.130332,Puebla,98.20509624459125,0.1303320031780939,2.445912485882218e-7,1.0000000243846017
entidad,21,asistencia_edad,edad_sexo,12|Mujeres,95.349436,0.289716,Puebla,95.3494359783081,0.28971636273232537,-2.1691903384635225e-8,1.0000012520272452
entidad,21,asistencia_edad,edad_sexo,13|Mujeres,93.746574,0.398768,Puebla,93.74657431860084,0.3987677545898399,3.1860083993251465e-7,0.9999993845791033
entidad,21,asistencia_edad,edad_sexo,14|Mujeres,90.132181,0.360946,Puebla,90.13218098627351,0.36094563373895855,-1.3726491943089059e-8,0.9999989852746909
entidad,21,asistencia_edad,edad_sexo,15|Mujeres,82.811642,0.668081,Puebla,82.8116419549698,0.6680808055385992,-4.503020534230018e-8,0.9999997089254135
entidad,21,asistencia_edad,edad_sexo,16|Mujeres,78.349336,0.889293,Puebla,78.34933619882838,0.8892932872292668,1.9882838842022466e-7,1.0000003229860877
entidad,21,asistencia_edad,edad_sexo,17|Mujeres,71.207852,0.910637,Puebla,71.20785152074627,0.9106372182795027,-4.792537282582998e-7,1.0000002396997956
entidad,21,asistencia_edad,edad_sexo,18|Mujeres,51.181734,1.395074,Puebla,51.18173363691755,1.3950741498303247,-3.6308244943938917e-7,1.0000001073995535
entidad,21,asistencia_edad,edad_sexo,19|Mujeres,50.029476,1.500883,Puebla,50.02947639208961,1.500883499749294,3.920896105569227e-7,1.0000003329701874
entidad,21,asistencia_edad,edad_sexo,03|Hombres,48.403414,1.139253,Puebla,48.40341382181516,1.139252503657855,-1.7818484110421196e-7,0.9999995643266727
entidad,21,asistencia_edad,edad_sexo,04|Hombres,82.887384,0.800456,Puebla,82.8873842639801,0.8004555855090023,2.6398009822514723e-7,0.9999994821814095
entidad,21,asistencia_edad,edad_sexo,05|Hombres,91.949422,0.768597,Puebla,91.9494216593853,0.7685969001733575,-3.406147044415775e-7,0.9999998701183552
entidad,21,asistencia_edad,edad_sexo,06|Hombres,96.707489,0.546963,Puebla,96.70748881401857,0.5469628169505664,-1.8598142048631416e-7,0.999999665334888
entidad,21,asistencia_edad,edad_sexo,07|Hombres,98.868422,0.096298,Puebla,98.86842201633281,0.0962980340876835,1.6332819541275967e-8,1.00000035398122
entidad,21,asistencia_edad,edad_sexo,08|Hombres,98.603555,0.2397,Puebla,98.60355458832063,0.23970025093493605,-4.116793661523843e-7,1.000001046870822
entidad,21,asistencia_edad,edad_sexo,09|Hombres,98.461347,0.258375,Puebla,98.46134667782665,0.25837459824359216,-3.221733493319334e-7,0.999998445064701
entidad,21,asistencia_edad,edad_sexo,10|Hombres,98.362173,0.22791,Puebla,98.36217310136016,0.22791027542800146,1.0136015760053851e-7,1.0000012084945875
entidad,21,asistencia_edad,edad_sexo,11|Hombres,97.5643,0.270093,Puebla,97.5643003192596,0.2700926148759409,3.1925959831369255e-7,0.9999985741057371
entidad,21,asistencia_edad,edad_sexo,12|Hombres,94.044088,0.400053,Puebla,94.04408842143883,0.40005326733639923,4.2143882694745116e-7,1.0000006682524547
entidad,21,asistencia_edad,edad_sexo,13|Hombres,90.457628,0.531652,Puebla,90.45762767386249,0.5316518507472875,-3.2613750988730317e-7,0.9999997192661506
entidad,21,asistencia_edad,edad_sexo,14|Hombres,85.976038,0.592363,Puebla,85.97603836361081,0.592362709900059,3.636108090177004e-7,0.9999995102666086
entidad,21,asistencia_edad,edad_sexo,15|Hombres,76.337611,0.704015,Puebla,76.33761089732236,0.7040149776128597,-1.0267763173033018e-7,0.9999999682007624
entidad,21,asistencia_edad,edad_sexo,16|Hombres,72.480434,0.798161,Puebla,72.48043417112035,0.798161447975426,1.711203481136181e-7,1.0000005612594778
entidad,21,asistencia_edad,edad_sexo,17|Hombres,63.855737,1.325721,Puebla,63.85573684726808,1.3257212813432273,-1.5273191422693344e-7,1.0000002122190321
entidad,21,asistencia_edad,edad_sexo,18|Hombres,41.887449,1.33956,Puebla,41.88744923612454,1.3395604768661382,2.3612454214116951e-7,1.0000003559871435
entidad,21,asistencia_edad,edad_sexo,19|Hombres,40.380016,1.975218,Puebla,40.38001644122263,1.975217712540137,4.4122263176404886e-7,0.9999998544667662
entidad,22,asistencia_edad,edad,03,32.752805,1.625857,Querétaro,32.752805344749305,1.6258569669752976,3.44749302882974e-7,0.9999999796878185
entidad,22,asistencia_edad,edad,04,81.478287,1.473578,Querétaro,81.47828683276383,1.4735777599842081,-1.672361662485855e-7,0.9999998371204022
entidad,22,asistencia_edad,edad,05,88.013,1.261535,Querétaro,88.01300044319693,1.2615348216000983,4.431969244933498e-7,0.9999998585850557
entidad,22,asistencia_edad,edad,06,94.958962,0.699912,Querétaro,94.95896213926397,0.69991179045917,1.3926397457453277e-7,0.9999997006183206
entidad,22,asistencia_edad,edad,07,98.40799,0.385808,Querétaro,98.40798998530452,0.38580842404822013,-1.4695473282699822e-8,1.0000010991172297
entidad,22,asistencia_edad,edad,08,98.629471,0.265345,Querétaro,98.62947122861586,0.26534536662278935,2.2861586046474258e-7,1.0000013816834286
entidad,22,asistencia_edad,edad,09,98.180944,0.389959,Querétaro,98.1809439858963,0.38995874396951746,-1.4103690659794665e-8,0.9999993434425606
entidad,22,asistencia_edad,edad,10,98.567526,0.243785,Querétaro,98.56752583442214,0.24378540993386075,-1.6557785897930444e-7,1.0000016815384898
entidad,22,asistencia_edad,edad,11,97.447971,0.524266,Querétaro,97.44797086368366,0.5242658426466911,-1.3631633066779614e-7,0.999999699859787
entidad,22,asistencia_edad,edad,12,96.937986,0.367949,Querétaro,96.93798625961145,0.3679491762589529,2.596114541120187e-7,1.0000004790309334
entidad,22,asistencia_edad,edad,13,95.71551,0.453211,Querétaro,95.71550985432734,0.4532114644855059,-1.4567265793630213e-7,1.0000010248769469
entidad,22,asistencia_edad,edad,14,92.354004,0.539528,Querétaro,92.35400361228176,0.5395282600666939,-3.877182450651162e-7,1.0000004820263153
entidad,22,asistencia_edad,edad,15,82.575741,0.924748,Querétaro,82.57574083486178,0.9247481475512718,-1.6513821776698023e-7,1.0000001595583572
entidad,22,asistencia_edad,edad,16,77.301288,1.092498,Querétaro,77.30128847705436,1.0924975565760255,4.770543569065921e-7,0.9999995941191888
entidad,22,asistencia_edad,edad,17,70.261599,1.209615,Querétaro,70.26159921026654,1.2096149849133944,2.1026653485023417e-7,0.9999999875277623
entidad,22,asistencia_edad,edad,18,47.164801,1.533136,Querétaro,47.16480061186768,1.5331356563734975,-3.881323138443804e-7,0.9999997758669142
entidad,22,asistencia_edad,edad,19,44.100891,1.525494,Querétaro,44.10089095244071,1.525494421738809,-4.7559289839682606e-8,1.0000002764604836
entidad,22,asistencia_edad,edad_sexo,03|Mujeres,33.779287,2.310144,Querétaro,33.77928692699491,2.310143863210915,-7.300508997332145e-8,0.9999999407876369
entidad,22,asistencia_edad,edad_sexo,04|Mujeres,81.447124,1.760597,Querétaro,81.44712430426716,1.7605974364197696,3.0426716080000915e-7,1.0000002478816956
entidad,22,asistencia_edad,edad_sexo,05|Mujeres,87.905148,1.898574,Querétaro,87.90514775977121,1.8985737277774444,-2.4022878619689436e-7,0.9999998566173582
entidad,22,asistencia_edad,edad_sexo,06|Mujeres,94.644861,1.126292,Querétaro,94.64486131152799,1.1262917636152525,3.115279838539209e-7,0.9999997901212585
entidad,22,asistencia_edad,edad_sexo,07|Mujeres,98.356962,0.582542,Querétaro,98.35696230354985,0.5825416660555064,3.035498536974046e-7,0.9999994267460653
entidad,22,asistencia_edad,edad_sexo,08|Mujeres,98.836914,0.261545,Querétaro,98.8369140129006,0.2615453149035227,1.2900613910460379e-8,1.0000012040127804
entidad,22,asistencia_edad,edad_sexo,09|Mujeres,98.362307,0.487429,Querétaro,98.3623065507738,0.48742873827409106,-4.492262064559327e-7,0.9999994630481384
entidad,22,asistencia_edad,edad_sexo,10|Mujeres,98.679065,0.396273,Querétaro,98.67906533142585,0.3962733576731473,3.3142585209589015e-7,1.0000009025927765
entidad,22,asistencia_edad,edad_sexo,11|Mujeres,97.03302,0.854746,Querétaro,97.03301962035412,0.8547457218581203,-3.796458685201287e-7,0.9999996745911888
entidad,22,asistencia_edad,edad_sexo,12|Mujeres,97.810595,0.308253,Querétaro,97.81059540553213,0.30825284970489214,4.0553211988481053e-7,0.999999512429375
entidad,22,asistencia_edad,edad_sexo,13|Mujeres,95.953073,0.720009,Querétaro,95.95307339675654,0.7200086097121412,3.96756533405096e-7,0.9999994579403052
entidad,22,asistencia_edad,edad_sexo,14|Mujeres,94.305945,0.609764,Querétaro,94.3059448296209,0.6097643086772513,-1.7037909572081844e-7,1.0000005062241315
entidad,22,asistencia_edad,edad_sexo,15|Mujeres,84.360751,1.274019,Querétaro,84.3607514134598,1.274019404488569,4.1345980150708783e-7,1.0000003174902172
entidad,22,asistencia_edad,edad_sexo,16|Mujeres,81.37638,1.499978,Querétaro,81.37637979876916,1.4999781753725798,-2.0123083288581256e-7,1.000000116916768
entidad,22,asistencia_edad,edad_sexo,17|Mujeres,74.792347,1.480638,Querétaro,74.79234717685488,1.4806383070534133,1.7685486852769827e-7,1.0000002073791254
entidad,22,asistencia_edad,edad_sexo,18|Mujeres,50.587359,2.158387,Querétaro,50.587358639431926,2.158387113374325,-3.6056807317663697e-7,1.0000000525273387
entidad,22,asistencia_edad,edad_sexo,19|Mujeres,49.16597,2.080758,Querétaro,49.165969591103675,2.0807581433596636,-4.0889632657581387e-7,1.0000000688978072
entidad,22,asistencia_edad,edad_sexo,03|Hombres,31.814514,2.259337,Querétaro,31.814513625923396,2.259337202615713,-3.7407660258281794e-7,1.000000089679279
entidad,22,asistencia_edad,edad_sexo,04|Hombres,81.507377,1.83498,Querétaro,81.50737652341245,1.8349802092408205,-4.765875587509072e-7,1.0000001140289378
entidad,22,asistencia_edad,edad_sexo,05|Hombres,88.119102,1.490393,Querétaro,88.11910204560108,1.4903934632247846,4.560108379791927e-8,1.0000003108071391
entidad,22,asistencia_edad,edad_sexo,06|Hombres,95.267328,0.886481,Querétaro,95.26732777165644,0.8864814617397051,-2.283435662775446e-7,1.0000005208681348
entidad,22,asistencia_edad,edad_sexo,07|Hombres,98.458055,0.510208,Querétaro,98.45805477679535,0.5102079074519199,-2.2320465120628796e-7,0.9999998186071561
entidad,22,asistencia_edad,edad_sexo,08|Hombres,98.439174,0.445702,Querétaro,98.43917439314168,0.4457021818920142,3.931416898694806e-7,1.0000004081023066
entidad,22,asistencia_edad,edad_sexo,09|Hombres,97.996661,0.61957,Querétaro,97.9966611018364,0.619569749594321,1.0183639176375436e-7,0.9999995958395678
entidad,22,asistencia_edad,edad_sexo,10|Hombres,98.456805,0.27994,Querétaro,98.45680473372781,0.27993952574382447,-2.662721954038716e-7,0.9999983058649156
entidad,22,asistencia_edad,edad_sexo,11|Hombres,97.845464,0.639434,Querétaro,97.84546426934243,0.6394343402448492,2.6934242214338155e-7,1.0000005321031558
entidad,22,asistencia_edad,edad_sexo,12|Hombres,96.115432,0.652976,Querétaro,96.11543220788403,0.6529755922700899,2.078840282138117e-7,0.9999993755820887
entidad,22,asistencia_edad,edad_sexo,13|Hombres,95.50498,0.580292,Querétaro,95.50497990564389,0.5802918971809258,-9.435611048047576e-8,0.9999998228149376
entidad,22,asistencia_edad,edad_sexo,14|Hombres,90.321094,0.863866,Querétaro,90.32109387002612,0.8638655442744031,-1.2997388409985433e-7,0.9999994724580005
entidad,22,asistencia_edad,edad_sexo,15|Hombres,80.897046,1.15398,Querétaro,80.89704558123579,1.1539797034226515,-4.187642161923577e-7,0.9999997429961105
entidad,22,asistencia_edad,edad_sexo,16|Hombres,73.216821,1.466699,Querétaro,73.216820874333,1.4666991588951244,-1.2566700036131806e-7,1.0000001083351966
entidad,22,asistencia_edad,edad_sexo,17|Hombres,66.066027,1.748657,Querétaro,66.06602713680753,1.7486566624937594,1.368075288610271e-7,0.9999998069911706
entidad,22,asistencia_edad,edad_sexo,18|Hombres,43.945578,1.873676,Querétaro,43.945578231292515,1.8736760082231296,2.3129251758291502e-7,1.0000000043887682
entidad,22,asistencia_edad,edad_sexo,19|Hombres,38.827989,1.982017,Querétaro,38.82798893555988,1.9820173757704598,-6.444012257134091e-8,1.0000001895899278
entidad,23,asistencia_edad,edad,03,24.144056,2.494274,Quintana Roo,24.14405562693674,2.4942743296702607,-3.730632585075e-7,1.0000001321708285
entidad,23,asistencia_edad,edad,04,68.061577,2.831607,Quintana Roo,68.06157689764126,2.8316067650175616,-1.0235874015052104e-7,0.9999999170144591
entidad,23,asistencia_edad,edad,05,84.94545,1.387959,Quintana Roo,84.9454497072911,1.3879592804673921,-2.9270889001509204e-7,1.0000002020718135
entidad,23,asistencia_edad,edad,06,92.068248,0.948019,Quintana Roo,92.06824776081746,0.9480185386094594,-2.3918254044019704e-7,0.9999995133108719
entidad,23,asistencia_edad,edad,07,96.026556,1.002808,Quintana Roo,96.02655601659751,1.002807588233388,1.659751092120132e-8,0.9999995893863911
entidad,23,asistencia_edad,edad,08,95.41459,1.338742,Quintana Roo,95.41458994109651,1.338742317611602,-5.8903495414597273e-8,1.0000002372463117
entidad,23,asistencia_edad,edad,09,97.36962,0.651188,Quintana Roo,97.36962041799596,0.6511875380711105,4.1799596317559917e-7,0.9999992906366679
entidad,23,asistencia_edad,edad,10,95.598859,0.830996,Quintana Roo,95.59885906219178,0.8309956436590934,6.21917735088573e-8,0.9999995711881807
entidad,23,asistencia_edad,edad,11,96.731295,0.707057,Quintana Roo,96.73129464432667,0.7070574223900729,-3.556733361165243e-7,1.0000005973918267
entidad,23,asistencia_edad,edad,12,97.003053,0.629894,Quintana Roo,97.00305318977985,0.6298943847784745,1.8977985405399522e-7,1.0000006108622634
entidad,23,asistencia_edad,edad,13,95.026501,0.794634,Quintana Roo,95.02650067792432,0.7946341369719325,-3.2207567812747584e-7,1.0000001723710947
entidad,23,asistencia_edad,edad,14,93.552497,0.786937,Quintana Roo,93.55249665972718,0.7869369713270307,-3.4027281969883916e-7,0.9999999635638313
entidad,23,asistencia_edad,edad,15,88.175331,1.649497,Quintana Roo,88.17533129459734,1.6494969969856974,2.945973420764858e-7,0.9999999981725929
entidad,23,asistencia_edad,edad,16,79.92655,2.331825,Quintana Roo,79.92655013380401,2.331824809031763,1.338040078735503e-7,0.9999999181035297
entidad,23,asistencia_edad,edad,17,75.155617,1.994287,Quintana Roo,75.15561716817527,1.9942871193224119,1.681752621607302e-7,1.0000000598321164
entidad,23,asistencia_edad,edad,18,47.127685,2.701368,Quintana Roo,47.1276845440676,2.7013684619700222,-4.5593240116659217e-7,1.0000001710133615
entidad,23,asistencia_edad,edad,19,43.256712,2.517072,Quintana Roo,43.25671214103283,2.5170719197825653,1.410328280826434e-7,0.9999999681306554
entidad,23,asistencia_edad,edad_sexo,03|Mujeres,26.05373,2.018975,Quintana Roo,26.0537304025841,2.0189745685306604,4.0258409939042394e-7,0.9999997862928764
entidad,23,asistencia_edad,edad_sexo,04|Mujeres,67.912955,2.849369,Quintana Roo,67.91295457864757,2.849368681071705,-4.2135242495078273e-7,0.9999998880705535
entidad,23,asistencia_edad,edad_sexo,05|Mujeres,83.601971,1.743889,Quintana Roo,83.60197149327294,1.743889279431284,4.932729353868126e-7,1.0000001602345585
entidad,23,asistencia_edad,edad_sexo,06|Mujeres,92.158051,1.259026,Quintana Roo,92.15805102721048,1.2590255945913338,2.7210475650463195e-8,0.9999996779981778
entidad,23,asistencia_edad,edad_sexo,07|Mujeres,97.26597,0.949529,Quintana Roo,97.26596950989038,0.9495293984102984,-4.901096133380634e-7,1.0000004195872885
entidad,23,asistencia_edad,edad_sexo,08|Mujeres,96.27022,1.04286,Quintana Roo,96.27021994646806,1.0428599420835971,-5.353193444079807e-8,0.9999999444638755
entidad,23,asistencia_edad,edad_sexo,09|Mujeres,98.284777,0.524395,Quintana Roo,98.28477739941985,0.5243946680099224,3.9941984653069085e-7,0.9999993669083849
entidad,23,asistencia_edad,edad_sexo,10|Mujeres,96.052632,1.015737,Quintana Roo,96.05263157894737,1.0157372514695153,-4.2105263275971083e-7,1.000000247573452
entidad,23,asistencia_edad,edad_sexo,11|Mujeres,96.733315,0.887007,Quintana Roo,96.73331455927907,0.8870069256826787,-4.407209388546107e-7,0.9999999162156316
entidad,23,asistencia_edad,edad_sexo,12|Mujeres,97.129786,0.7784,Quintana Roo,97.12978595937041,0.7783999301233627,-4.0629586806062434e-8,0.9999999102304249
entidad,23,asistencia_edad,edad_sexo,13|Mujeres,95.997387,0.779102,Quintana Roo,95.99738701823148,0.7791020760984034,1.8231474996355246e-8,1.0000000976745067
entidad,23,asistencia_edad,edad_sexo,14|Mujeres,92.660034,1.526929,Quintana Roo,92.66003379012577,1.5269286168135798,-2.098742299949663e-7,0.9999997490476504
entidad,23,asistencia_edad,edad_sexo,15|Mujeres,89.985956,1.364962,Quintana Roo,89.98595591378152,1.3649623297171711,-8.621847769063606e-8,1.0000002415577658
entidad,23,asistencia_edad,edad_sexo,16|Mujeres,80.798298,4.01669,Quintana Roo,80.7982981582041,4.016689896540602,1.58204102262971e-7,0.9999999742426233
entidad,23,asistencia_edad,edad_sexo,17|Mujeres,78.563523,1.970539,Quintana Roo,78.5635230383876,1.970539489071816,3.8387597101063875e-8,1.0000002481918988
entidad,23,asistencia_edad,edad_sexo,18|Mujeres,49.146484,3.109727,Quintana Roo,49.146484254637336,3.1097274126226067,2.546373352174669e-7,1.0000001326877268
entidad,23,asistencia_edad,edad_sexo,19|Mujeres,49.260069,3.919274,Quintana Roo,49.260068685607244,3.9192737834923865,-3.143927571613858e-7,0.999999944758235
entidad,23,asistencia_edad,edad_sexo,03|Hombres,22.383615,3.872428,Quintana Roo,22.383615367855327,3.872428050566275,3.67855328420319e-7,1.0000000130580284
entidad,23,asistencia_edad,edad_sexo,04|Hombres,68.212067,3.911289,Quintana Roo,68.21206743566992,3.9112885871690937,4.356699179197676e-7,0.9999998944514439
entidad,23,asistencia_edad,edad_sexo,05|Hombres,86.285714,1.808337,Quintana Roo,86.28571428571429,1.8083365393515276,2.857142931134149e-7,0.999999745264034
entidad,23,asistencia_edad,edad_sexo,06|Hombres,91.970803,1.240878,Quintana Roo,91.97080291970804,1.2408783594747785,-8.02919686293535e-8,1.000000289693893
entidad,23,asistencia_edad,edad_sexo,07|Hombres,94.64599,1.847106,Quintana Roo,94.6459897551049,1.847106240986244,-2.448950908728875e-7,1.0000001304669273
entidad,23,asistencia_edad,edad_sexo,08|Hombres,94.49086,2.866505,Quintana Roo,94.49085997864188,2.8665046255293807,-2.135811882908456e-8,0.9999998693633468
entidad,23,asistencia_edad,edad_sexo,09|Hombres,96.393001,1.028898,Quintana Roo,96.39300134589503,1.0288976455185368,3.458950317281051e-7,0.9999996554746309
entidad,23,asistencia_edad,edad_sexo,10|Hombres,95.172877,1.092857,Quintana Roo,95.17287715127397,1.0928570323519946,1.51273965798282e-7,1.0000000296031362
entidad,23,asistencia_edad,edad_sexo,11|Hombres,96.729521,0.926296,Quintana Roo,96.72952086553323,0.9262961951603575,-1.3446677371575788e-7,1.000000210688978
entidad,23,asistencia_edad,edad_sexo,12|Hombres,96.880434,0.783819,Quintana Roo,96.88043420983296,0.7838192277115371,2.0983296167287335e-7,1.0000002905154597
entidad,23,asistencia_edad,edad_sexo,13|Hombres,93.979376,1.456162,Quintana Roo,93.97937616089158,1.456161836418849,1.608915738415817e-7,0.9999998876628076
entidad,23,asistencia_edad,edad_sexo,14|Hombres,94.432786,1.166757,Quintana Roo,94.4327860757931,1.166756808384219,7.579311045446957e-8,0.999999835770618
entidad,23,asistencia_edad,edad_sexo,15|Hombres,86.428698,2.688421,Quintana Roo,86.42869764976145,2.688420730031784,-3.5023855105009716e-7,0.9999998995811237
entidad,23,asistencia_edad,edad_sexo,16|Hombres,79.024503,1.85975,Quintana Roo,79.02450327289579,1.859750283416369,2.7289578952149895e-7,1.0000001523948752
entidad,23,asistencia_edad,edad_sexo,17|Hombres,72.17409,2.763453,Quintana Roo,72.17409030679849,2.7634533572520206,3.067984835070092e-7,1.0000001292774006
entidad,23,asistencia_edad,edad_sexo,18|Hombres,45.293162,3.017562,Quintana Roo,45.29316234529876,3.0175621070690584,3.4529875847510993e-7,1.0000000354819747
entidad,23,asistencia_edad,edad_sexo,19|Hombres,37.28171,2.245651,Quintana Roo,37.28171027282332,2.2456513229748762,2.728233212678788e-7,1.000000143822382
entidad,24,asistencia_edad,edad,03,59.12015,1.077211,San Luis Potosí,59.120150435471096,1.0772105751676815,4.354710938514472e-7,0.9999996056182879
entidad,24,asistencia_edad,edad,04,89.168931,0.672294,San Luis Potosí,89.16893071996896,0.6722940615256979,-2.8003104546314717e-7,1.0000000915160598
entidad,24,asistencia_edad,edad,05,92.740142,0.539633,San Luis Potosí,92.7401420406992,0.5396326006237614,4.0699191572457494e-8,0.9999992599113867
entidad,24,asistencia_edad,edad,06,95.135072,0.630209,San Luis Potosí,95.13507246376811,0.6302087123001319,4.6376811724258005e-7,0.9999995434849897
entidad,24,asistencia_edad,edad,07,99.182973,0.101763,San Luis Potosí,99.18297288019224,0.10176296520337393,-1.1980776548625727e-7,0.9999996580621043
entidad,24,asistencia_edad,edad,08,98.869097,0.175273,San Luis Potosí,98.86909748247432,0.17527343008129,4.824743200515513e-7,1.0000024537794754
entidad,24,asistencia_edad,edad,09,98.98135,0.174006,San Luis Potosí,98.98135020176683,0.17400616571299563,2.0176682369310583e-7,1.0000009523406987
entidad,24,asistencia_edad,edad,10,98.781249,0.168114,San Luis Potosí,98.78124937048005,0.16811408375755268,3.704800519699347e-7,1.000000498218784
entidad,24,asistencia_edad,edad,11,98.587093,0.136039,San Luis Potosí,98.587093139167,0.13603870127629514,1.3916699970195623e-7,0.9999978041318677
entidad,24,asistencia_edad,edad,12,97.418116,0.182942,San Luis Potosí,97.4181156490093,0.18294246937474298,-3.5099070316846337e-7,1.0000025657024794
entidad,24,asistencia_edad,edad,13,95.337167,0.347732,San Luis Potosí,95.33716675378986,0.3477317138868604,-2.462101349465229e-7,0.9999991772021569
entidad,24,asistencia_edad,edad,14,91.440642,0.483791,San Luis Potosí,91.44064249985053,0.4837910064430829,4.998505289677269e-7,1.0000000133179057
entidad,24,asistencia_edad,edad,15,79.916883,0.665429,San Luis Potosí,79.91688311688311,0.665428683303351,1.1688311474244983e-7,0.9999995240714652
entidad,24,asistencia_edad,edad,16,74.305437,0.847282,San Luis Potosí,74.30543719106869,0.8472821789648397,1.9106869331153575e-7,1.0000002112222846
entidad,24,asistencia_edad,edad,17,65.773031,0.990641,San Luis Potosí,65.77303124064278,0.9906411485524995,2.406427768164576e-7,1.0000001499559372
entidad,24,asistencia_edad,edad,18,42.125531,1.060503,San Luis Potosí,42.125530985747744,1.0605026551488022,-1.4252258040414745e-8,0.999999674822987
entidad,24,asistencia_edad,edad,19,39.384477,1.200386,San Luis Potosí,39.38447708939512,1.2003864973112923,8.939512241568082e-8,1.0000004142928127
entidad,24,asistencia_edad,edad_sexo,03|Mujeres,60.80402,1.536492,San Luis Potosí,60.80402010050251,1.5364918575607718,1.00502511202194e-7,0.9999999072958218
entidad,24,asistencia_edad,edad_sexo,04|Mujeres,89.850316,0.859986,San Luis Potosí,89.85031577900443,0.8599856551858326,-2.209955738408098e-7,0.9999995990467665
entidad,24,asistencia_edad,edad_sexo,05|Mujeres,92.943052,0.798611,San Luis Potosí,92.94305173163309,0.7986113245893474,-2.683669038106018e-7,1.0000004064423698
entidad,24,asistencia_edad,edad_sexo,06|Mujeres,94.366711,1.045862,San Luis Potosí,94.36671072421494,1.0458619655225752,-2.7578505523706554e-7,0.9999999670344415
entidad,24,asistencia_edad,edad_sexo,07|Mujeres,99.295262,0.112209,San Luis Potosí,99.29526234427571,0.1122085201088393,3.4427571904416254e-7,0.9999957232382367
entidad,24,asistencia_edad,edad_sexo,08|Mujeres,98.584199,0.329786,San Luis Potosí,98.5841993011753,0.3297862812610177,3.0117530513962265e-7,1.0000008528591804
entidad,24,asistencia_edad,edad_sexo,09|Mujeres,99.145374,0.175913,San Luis Potosí,99.14537406319849,0.17591310513445343,6.319848466773692e-8,1.0000005976502784
entidad,24,asistencia_edad,edad_sexo,10|Mujeres,98.758637,0.296415,San Luis Potosí,98.75863731319299,0.29641519044777415,3.1319299864662753e-7,1.0000006425038348
entidad,24,asistencia_edad,edad_sexo,11|Mujeres,98.595555,0.193483,San Luis Potosí,98.5955547777389,0.19348341180870135,-2.222611072966174e-7,1.000002128397334
entidad,24,asistencia_edad,edad_sexo,12|Mujeres,97.672835,0.244097,San Luis Potosí,97.67283505567572,0.2440974077107862,5.5675712928859866e-8,1.0000016702818395
entidad,24,asistencia_edad,edad_sexo,13|Mujeres,95.890872,0.533829,San Luis Potosí,95.89087234759178,0.53382933173638,3.475917793593908e-7,1.0000006214281727
entidad,24,asistencia_edad,edad_sexo,14|Mujeres,93.023727,0.522911,San Luis Potosí,93.02372661753988,0.5229112736341274,-3.8246011513365374e-7,1.0000005232900577
entidad,24,asistencia_edad,edad_sexo,15|Mujeres,82.327952,0.864673,San Luis Potosí,82.32795242141037,0.8646726533583879,4.2141037681631133e-7,0.9999995991067003
entidad,24,asistencia_edad,edad_sexo,16|Mujeres,76.791898,0.97232,San Luis Potosí,76.79189750692521,0.9723199157651402,-4.930747934395185e-7,0.9999999133671428
entidad,24,asistencia_edad,edad_sexo,17|Mujeres,68.73431,1.158534,San Luis Potosí,68.73431047048344,1.1585342269791392,4.7048344242739404e-7,1.0000001959192732
entidad,24,asistencia_edad,edad_sexo,18|Mujeres,45.206837,1.32157,San Luis Potosí,45.20683675997027,1.321570339272166,-2.4002972764947117e-7,1.0000002567190283
entidad,24,asistencia_edad,edad_sexo,19|Mujeres,43.991346,1.602843,San Luis Potosí,43.991345656366114,1.6028431944747166,-3.4363388579095044e-7,1.0000001213311076
entidad,24,asistencia_edad,edad_sexo,03|Hombres,57.518706,1.357243,San Luis Potosí,57.51870625150857,1.3572430190817701,2.5150856686195766e-7,1.0000000140592142
entidad,24,asistencia_edad,edad_sexo,04|Hombres,88.520009,1.050821,San Luis Potosí,88.52000947193937,1.050821153381032,4.719393729146759e-7,1.0000001459630443
entidad,24,asistencia_edad,edad_sexo,05|Hombres,92.541201,0.767668,San Luis Potosí,92.54120098503505,0.7676682531694717,-1.4964953720664198e-8,1.0000003297903153
entidad,24,asistencia_edad,edad_sexo,06|Hombres,95.930891,0.751015,San Luis Potosí,95.9308912386707,0.7510146437618368,2.386706938750649e-7,0.9999995256577257
entidad,24,asistencia_edad,edad_sexo,07|Hombres,99.069167,0.169612,San Luis Potosí,99.06916731947837,0.16961167695441903,3.194783744220331e-7,0.9999980953848726
entidad,24,asistencia_edad,edad_sexo,08|Hombres,99.138264,0.129544,San Luis Potosí,99.13826366559485,0.12954405403150432,-3.3440515778693225e-7,1.0000004170899797
entidad,24,asistencia_edad,edad_sexo,09|Hombres,98.818829,0.29558,San Luis Potosí,98.81882925134619,0.2955803982483236,2.5134619363598176e-7,1.0000013473452993
entidad,24,asistencia_edad,edad_sexo,10|Hombres,98.803992,0.160974,San Luis Potosí,98.8039920804881,0.16097406461889296,8.048810684613272e-8,1.00000040142441
entidad,24,asistencia_edad,edad_sexo,11|Hombres,98.578789,0.174478,San Luis Potosí,98.57878917990554,0.17447797789794212,1.7990554113112012e-7,0.999999873324672
entidad,24,asistencia_edad,edad_sexo,12|Hombres,97.158488,0.265507,San Luis Potosí,97.15848779292888,0.26550698138513573,-2.07071124691538e-7,0.9999999298893654
entidad,24,asistencia_edad,edad_sexo,13|Hombres,94.790845,0.483023,San Luis Potosí,94.79084451460142,0.48302312175441,-4.853985871022815e-7,1.0000002520675206
entidad,24,asistencia_edad,edad_sexo,14|Hombres,89.906205,0.798429,San Luis Potosí,89.90620462305246,0.7984291585981682,-3.769475398485156e-7,1.000000198637785
entidad,24,asistencia_edad,edad_sexo,15|Hombres,77.608298,0.940379,San Luis Potosí,77.60829774252593,0.9403790488708631,-2.5747407050857873e-7,1.0000000519693264
entidad,24,asistencia_edad,edad_sexo,16|Hombres,71.894931,1.331206,San Luis Potosí,71.8949311849614,1.331205919709838,1.849613937565664e-7,0.9999999396861479
entidad,24,asistencia_edad,edad_sexo,17|Hombres,62.893255,1.431623,San Luis Potosí,62.893255108871124,1.4316228250036371,1.0887112011914724e-7,0.999999877763655
entidad,24,asistencia_edad,edad_sexo,18|Hombres,39.27206,1.59354,San Luis Potosí,39.272059948004284,1.5935404278011867,-5.199571972980266e-8,1.0000002684596476
entidad,24,asistencia_edad,edad_sexo,19|Hombres,34.723015,1.616946,San Luis Potosí,34.72301541976014,1.6169462609122258,4.197601413125085e-7,1.0000001613611251
entidad,25,asistencia_edad,edad,03,41.216319,1.609784,Sinaloa,41.216319074440555,1.6097838049500115,7.444055682981343e-8,0.999999878834683
entidad,25,asistencia_edad,edad,04,89.607044,0.848004,Sinaloa,89.60704369794142,0.8480038867342674,-3.0205858081444603e-7,0.9999998664325491
entidad,25,asistencia_edad,edad,05,90.329603,1.021033,Sinaloa,90.32960272578852,1.0210334743849192,-2.742114872944512e-7,1.0000004646127199
entidad,25,asistencia_edad,edad,06,95.256574,0.690416,Sinaloa,95.25657414170927,0.6904158945454744,1.41709264767087e-7,0.9999998472594411
entidad,25,asistencia_edad,edad,07,99.060899,0.133557,Sinaloa,99.06089926010245,0.13355679644608617,2.601024391424289e-7,0.99999847590232
entidad,25,asistencia_edad,edad,08,98.679452,0.240664,Sinaloa,98.67945194155696,0.24066366222518154,-5.84430353001153e-8,0.9999985964879731
entidad,25,asistencia_edad,edad,09,98.807401,0.281148,Sinaloa,98.80740080249666,0.28114800416043795,-1.975033399048698e-7,1.000000014798035
entidad,25,asistencia_edad,edad,10,98.557566,0.261612,Sinaloa,98.5575656450338,0.26161175200499553,-3.5496618977504113e-7,0.9999990520503476
entidad,25,asistencia_edad,edad,11,98.535011,0.233138,Sinaloa,98.53501057553156,0.23313770455034136,-4.244684390641851e-7,0.999998732726288
entidad,25,asistencia_edad,edad,12,97.825609,0.297723,Sinaloa,97.82560904930352,0.29772281150434243,4.930352304199914e-8,0.9999993668757282
entidad,25,asistencia_edad,edad,13,96.241108,0.327068,Sinaloa,96.24110788399209,0.32706800208897385,-1.1600791083310469e-7,1.000000006386971
entidad,25,asistencia_edad,edad,14,93.57789,0.582887,Sinaloa,93.57788984950368,0.5828868444525169,-1.5049631940655672e-7,0.9999997331429881
entidad,25,asistencia_edad,edad,15,89.098828,0.751255,Sinaloa,89.09882841644652,0.7512547877577993,4.1644652526429127e-7,0.999999717483144
entidad,25,asistencia_edad,edad,16,85.681502,0.91242,Sinaloa,85.68150237904753,0.9124195322487437,3.7904753469319985e-7,0.9999994873509389
entidad,25,asistencia_edad,edad,17,80.564446,0.913093,Sinaloa,80.56444573756183,0.9130930833001852,-2.6243817785598367e-7,1.000000091228588
entidad,25,asistencia_edad,edad,18,62.761889,1.413502,Sinaloa,62.761888770731886,1.413501757871843,-2.2926811027446092e-7,0.9999998287033502
entidad,25,asistencia_edad,edad,19,58.089372,1.307062,Sinaloa,58.08937171015791,1.3070621661959894,-2.8984208455540283e-7,1.0000001271523382
entidad,25,asistencia_edad,edad_sexo,03|Mujeres,41.838121,2.091878,Sinaloa,41.838120629810355,2.091878242833024,-3.701896460484022e-7,1.000000116083741
entidad,25,asistencia_edad,edad_sexo,04|Mujeres,90.457101,1.064397,Sinaloa,90.45710120783006,1.0643971185034293,2.0783006959845807e-7,1.0000001113338626
entidad,25,asistencia_edad,edad_sexo,05|Mujeres,89.193105,1.635233,Sinaloa,89.19310517112166,1.6352327830118467,1.711216555122519e-7,0.9999998673044433
entidad,25,asistencia_edad,edad_sexo,06|Mujeres,95.03432,1.043642,Sinaloa,95.03431952662721,1.0436422575760889,-4.733727791972342e-7,1.000000246805024
entidad,25,asistencia_edad,edad_sexo,07|Mujeres,99.423818,0.123803,Sinaloa,99.42381839448944,0.12380252454621621,3.9448944733067037e-7,0.9999961595940019
entidad,25,asistencia_edad,edad_sexo,08|Mujeres,98.667352,0.40649,Sinaloa,98.6673522732142,0.4064901166448605,2.732142121431025e-7,1.0000002869562854
entidad,25,asistencia_edad,edad_sexo,09|Mujeres,98.506681,0.518515,Sinaloa,98.50668063924547,0.5185145208877145,-3.607545266959278e-7,0.9999990759914652
entidad,25,asistencia_edad,edad_sexo,10|Mujeres,98.906284,0.245552,Sinaloa,98.90628445424477,0.2455523214856258,4.542447697986063e-7,1.000001309236438
entidad,25,asistencia_edad,edad_sexo,11|Mujeres,99.124868,0.154394,Sinaloa,99.12486757864677,0.1543940821951509,-4.213532349695015e-7,1.0000005323727017
entidad,25,asistencia_edad,edad_sexo,12|Mujeres,97.905362,0.435336,Sinaloa,97.90536227258218,0.43533639783584044,2.725821843796439e-7,1.000000913859273
entidad,25,asistencia_edad,edad_sexo,13|Mujeres,97.110962,0.380163,Sinaloa,97.11096245505477,0.380163452412439,4.550547743065181e-7,1.000001190048582
entidad,25,asistencia_edad,edad_sexo,14|Mujeres,94.547451,0.792618,Sinaloa,94.54745059770676,0.7926183997349161,-4.0229323872154055e-7,1.0000005043222788
entidad,25,asistencia_edad,edad_sexo,15|Mujeres,91.480047,0.997601,Sinaloa,91.48004714598417,0.9976014444986749,1.4598417408251407e-7,1.0000004455675917
entidad,25,asistencia_edad,edad_sexo,16|Mujeres,87.62891,1.098846,Sinaloa,87.62890955198648,1.0988457303136683,-4.4801352316881093e-7,0.9999997545731324
entidad,25,asistencia_edad,edad_sexo,17|Mujeres,83.346503,1.187047,Sinaloa,83.34650335835639,1.1870471080277787,3.583563881193186e-7,1.0000000910054772
entidad,25,asistencia_edad,edad_sexo,18|Mujeres,66.360432,1.854619,Sinaloa,66.36043242387044,1.854618786915567,4.2387043208691466e-7,0.9999998851060876
entidad,25,asistencia_edad,edad_sexo,19|Mujeres,66.027422,1.765267,Sinaloa,66.02742181199032,1.7652665598135417,-1.8800967893639609e-7,0.9999997506402951
entidad,25,asistencia_edad,edad_sexo,03|Hombres,40.583568,2.186257,Sinaloa,40.58356795495265,2.18625748166032,-4.504735073851407e-8,1.000000220312763
entidad,25,asistencia_edad,edad_sexo,04|Hombres,88.820952,1.207892,Sinaloa,88.82095228924943,1.2078918306483792,2.892494279649327e-7,0.9999998597957261
entidad,25,asistencia_edad,edad_sexo,05|Hombres,91.352032,1.265813,Sinaloa,91.35203164329377,1.2658129280480834,-3.567062236697893e-7,0.9999999431575465
entidad,25,asistencia_edad,edad_sexo,06|Hombres,95.463563,0.940887,Sinaloa,95.46356302076445,0.9408874946829097,2.0764460373356997e-8,1.0000005257622961
entidad,25,asistencia_edad,edad_sexo,07|Hombres,98.690208,0.237105,Sinaloa,98.6902075313067,0.23710507562766486,-4.6869330105892004e-7,1.0000003189627584
entidad,25,asistencia_edad,edad_sexo,08|Hombres,98.690723,0.263684,Sinaloa,98.69072329554527,0.2636843456718343,2.9554526292940864e-7,1.0000013109321548
entidad,25,asistencia_edad,edad_sexo,09|Hombres,99.121049,0.207556,Sinaloa,99.12104927589034,0.20755600942279642,2.7589034345965047e-7,1.000000045398815
entidad,25,asistencia_edad,edad_sexo,10|Hombres,98.211866,0.461227,Sinaloa,98.21186551829668,0.46122723953701217,-4.817033243398328e-7,1.0000005193473327
entidad,25,asistencia_edad,edad_sexo,11|Hombres,97.983106,0.422688,Sinaloa,97.98310636097224,0.4226876867825731,3.609722369901647e-7,0.9999992589867068
entidad,25,asistencia_edad,edad_sexo,12|Hombres,97.745565,0.400078,Sinaloa,97.74556521042726,0.40007833780789753,2.104272596170631e-7,1.0000008443550945
entidad,25,asistencia_edad,edad_sexo,13|Hombres,95.359383,0.535338,Sinaloa,95.35938294626209,0.5353375124734023,-5.3737906569040206e-8,0.9999990893106829
entidad,25,asistencia_edad,edad_sexo,14|Hombres,92.638134,0.838429,Sinaloa,92.63813352250335,0.8384290827045213,-4.774966413378934e-7,1.000000098642248
entidad,25,asistencia_edad,edad_sexo,15|Hombres,86.909232,1.05749,Sinaloa,86.90923166247339,1.0574904296490089,-3.375266146576905e-7,1.0000004062913208
entidad,25,asistencia_edad,edad_sexo,16|Hombres,83.748637,1.268785,Sinaloa,83.74863663058981,1.2687845002524498,-3.6941018777270074e-7,0.9999996061211709
entidad,25,asistencia_edad,edad_sexo,17|Hombres,77.881501,1.365554,Sinaloa,77.88150123833111,1.3655543146460423,2.3833111129079043e-7,1.0000002304164042
entidad,25,asistencia_edad,edad_sexo,18|Hombres,59.55623,1.91399,Sinaloa,59.556229716382106,1.9139897524747576,-2.836178936149736e-7,0.9999998706757911
entidad,25,asistencia_edad,edad_sexo,19|Hombres,50.154521,1.969571,Sinaloa,50.1545214314507,1.9695708293561185,4.314507009439694e-7,0.999999913359873
entidad,26,asistencia_edad,edad,03,27.943752,1.314636,Sonora,27.94375151531478,1.3146358105341043,-4.846852199591467e-7,0.9999998558795776
entidad,26,asistencia_edad,edad,04,70.704959,1.309388,Sonora,70.70495941800809,1.3093876345272915,4.1800808503467124e-7,0.9999997208828029
entidad,26,asistencia_edad,edad,05,91.57498,0.647316,Sonora,91.5749803981081,0.6473161939991727,3.981080993753494e-7,1.000000299697787
entidad,26,asistencia_edad,edad,06,93.309859,0.960648,Sonora,93.30985915492957,0.9606478618705153,1.5492956606522057e-7,0.9999998562121769
entidad,26,asistencia_edad,edad,07,98.584091,0.252476,Sonora,98.58409065410075,0.252476203012301,-3.458992523519555e-7,1.0000008040855408
entidad,26,asistencia_edad,edad,08,98.526154,0.304263,Sonora,98.52615437042085,0.3042625949657064,3.704208495491912e-7,0.9999986688020114
entidad,26,asistencia_edad,edad,09,98.370894,0.360148,Sonora,98.37089447938504,0.36014840652311275,4.793850365558683e-7,1.00000112876682
entidad,26,asistencia_edad,edad,10,98.461203,0.310677,Sonora,98.46120287929564,0.31067673907199694,-1.207043567319488e-7,0.99999916013093
entidad,26,asistencia_edad,edad,11,98.759626,0.23333,Sonora,98.75962624499435,0.2333304449309857,2.449943536930732e-7,1.0000019068743227
entidad,26,asistencia_edad,edad,12,98.101652,0.235129,Sonora,98.10165219274926,0.2351294226469401,1.9274925477930083e-7,1.0000017975108986
entidad,26,asistencia_edad,edad,13,96.240786,0.438091,Sonora,96.24078577757669,0.4380911281993271,-2.2242330999233673e-7,1.0000002926317297
entidad,26,asistencia_edad,edad,14,93.275095,0.676521,Sonora,93.27509510678127,0.6765208891125208,1.0678127182472963e-7,0.9999998360915933
entidad,26,asistencia_edad,edad,15,90.076585,0.683841,Sonora,90.07658531604207,0.6838410927629324,3.160420760650595e-7,1.0000001356498547
entidad,26,asistencia_edad,edad,16,84.297731,0.852126,Sonora,84.29773132806525,0.8521261958995793,3.2806525496198446e-7,1.000000229895085
entidad,26,asistencia_edad,edad,17,76.811781,1.127309,Sonora,76.81178094799816,1.1273085364355215,-5.200183750275755e-8,0.9999995887866784
entidad,26,asistencia_edad,edad,18,58.111607,1.399188,Sonora,58.11160650079103,1.3991882891455099,-4.992089728261817e-7,1.0000002066523654
entidad,26,asistencia_edad,edad,19,54.755718,1.54422,Sonora,54.75571777120981,1.5442199574863433,-2.2879019212496132e-7,0.9999999724691712
entidad,26,asistencia_edad,edad_sexo,03|Mujeres,30.504529,1.971819,Sonora,30.50452912302009,1.971819317885331,1.2302009011477821e-7,1.0000001612142548
entidad,26,asistencia_edad,edad_sexo,04|Mujeres,70.728759,1.858482,Sonora,70.72875892240387,1.858481659576042,-7.759612685731554e-8,0.9999998168268738
entidad,26,asistencia_edad,edad_sexo,05|Mujeres,90.979287,0.994653,Sonora,90.97928731674232,0.9946531413527885,3.167423159311511e-7,1.000000142112665
entidad,26,asistencia_edad,edad_sexo,06|Mujeres,92.428289,1.341717,Sonora,92.42828882294758,1.3417169374157034,-1.77052427829949e-7,0.9999999533550692
entidad,26,asistencia_edad,edad_sexo,07|Mujeres,98.386,0.451991,Sonora,98.38599990932583,0.45199067088419076,-9.067416328889522e-8,0.9999992718531803
entidad,26,asistencia_edad,edad_sexo,08|Mujeres,98.762146,0.403695,Sonora,98.76214617659484,0.4036949822086642,1.765948383081195e-7,0.9999999559287683
entidad,26,asistencia_edad,edad_sexo,09|Mujeres,98.690985,0.447467,Sonora,98.69098525176717,0.4474668356984861,2.517671759960649e-7,0.999999632818702
entidad,26,asistencia_edad,edad_sexo,10|Mujeres,98.506299,0.410685,Sonora,98.50629898641718,0.4106851842450348,-1.3582820201918366e-8,1.0000004486285956
entidad,26,asistencia_edad,edad_sexo,11|Mujeres,98.656046,0.398558,Sonora,98.656045751634,0.39855771879166496,-2.483660068719473e-7,0.9999992944356026
entidad,26,asistencia_edad,edad_sexo,12|Mujeres,98.225478,0.390874,Sonora,98.22547822547823,0.3908741684234703,2.2547823164131842e-7,1.0000004308894177
entidad,26,asistencia_edad,edad_sexo,13|Mujeres,96.745082,0.604385,Sonora,96.74508175055696,0.604384543610127,-2.4944303333995776e-7,0.999999244868961
entidad,26,asistencia_edad,edad_sexo,14|Mujeres,93.896632,0.988365,Sonora,93.89663156974967,0.9883651870934977,-4.30250324257031e-7,1.0000001892959562
entidad,26,asistencia_edad,edad_sexo,15|Mujeres,90.923614,0.978624,Sonora,90.92361373859671,0.9786236473052599,-2.614032865722038e-7,0.9999996396013788
entidad,26,asistencia_edad,edad_sexo,16|Mujeres,86.341286,1.145668,Sonora,86.34128647428663,1.145667653883446,4.742866366314047e-7,0.9999996978910524
entidad,26,asistencia_edad,edad_sexo,17|Mujeres,80.109204,1.345173,Sonora,80.10920436817473,1.345173467371349,3.681747244854705e-7,1.0000003474433021
entidad,26,asistencia_edad,edad_sexo,18|Mujeres,62.444322,1.612731,Sonora,62.444321737529904,1.6127314907492598,-2.62470095435674e-7,1.000000304297034
entidad,26,asistencia_edad,edad_sexo,19|Mujeres,57.205363,2.07935,Sonora,57.20536287732819,2.0793496593419567,-1.2267180693470436e-7,0.999999836170898
entidad,26,asistencia_edad,edad_sexo,03|Hombres,25.028802,1.716284,Sonora,25.02880184331797,1.7162841519845138,-1.566820273524172e-7,1.0000000885544083
entidad,26,asistencia_edad,edad_sexo,04|Hombres,70.683721,1.931663,Sonora,70.68372116915806,1.9316632984373503,1.6915805645112414e-7,1.0000001544976274
entidad,26,asistencia_edad,edad_sexo,05|Hombres,92.135493,0.790159,Sonora,92.13549337260677,0.7901593874880012,3.726067774323383e-7,1.0000004903924415
entidad,26,asistencia_edad,edad_sexo,06|Hombres,94.148936,1.025672,Sonora,94.14893617021278,1.02567229073876,1.7021277187723172e-7,1.0000002834617305
entidad,26,asistencia_edad,edad_sexo,07|Hombres,98.778212,0.231743,Sonora,98.7782121912209,0.23174263615557406,1.9122090577639028e-7,0.9999984299658417
entidad,26,asistencia_edad,edad_sexo,08|Hombres,98.28623,0.455245,Sonora,98.28622970535177,0.4552447770649423,-2.9464823114722094e-7,0.9999995102965267
entidad,26,asistencia_edad,edad_sexo,09|Hombres,98.050188,0.571178,Sonora,98.05018798636006,0.5711780805771746,-1.3639947837873478e-8,1.0000001410719155
entidad,26,asistencia_edad,edad_sexo,10|Hombres,98.419033,0.467801,Sonora,98.41903300076747,0.46780137523506626,7.674714197491994e-10,1.0000008021254043
entidad,26,asistencia_edad,edad_sexo,11|Hombres,98.86434,0.242658,Sonora,98.86434028494735,0.24265849459548247,2.8494734749529016e-7,1.0000020382409913
entidad,26,asistencia_edad,edad_sexo,12|Hombres,97.985579,0.27873,Sonora,97.9855785738812,0.2787302528609662,-4.2611880246568035e-7,1.0000009071896323
entidad,26,asistencia_edad,edad_sexo,13|Hombres,95.737952,0.644533,Sonora,95.73795180722891,0.644532563728921,-1.927710968629981e-7,0.9999993231206485
entidad,26,asistencia_edad,edad_sexo,14|Hombres,92.744103,0.768771,Sonora,92.74410271722903,0.768771489540191,-2.827709693065117e-7,1.0000006367828536
entidad,26,asistencia_edad,edad_sexo,15|Hombres,89.276352,0.9206,Sonora,89.27635237111764,0.9206002623062138,3.71117636177587e-7,1.0000002849296261
entidad,26,asistencia_edad,edad_sexo,16|Hombres,82.361477,1.192049,Sonora,82.36147706877458,1.1920489491479398,6.877458247345203e-8,0.9999999573406294
entidad,26,asistencia_edad,edad_sexo,17|Hombres,73.572237,1.52787,Sonora,73.57223661642885,1.5278703924843051,-3.8357114817699767e-7,1.0000002568833115
entidad,26,asistencia_edad,edad_sexo,18|Hombres,53.975895,2.033018,Sonora,53.97589514740504,2.033018441343365,1.474050392857862e-7,1.0000002170877804
entidad,26,asistencia_edad,edad_sexo,19|Hombres,52.362652,2.003923,Sonora,52.362652445002155,2.003923003154314,4.4500215778953134e-7,1.0000000015740695
entidad,27,asistencia_edad,edad,03,69.793823,1.134456,Tabasco,69.79382345221778,1.1344560069771497,4.52217776114594e-7,1.0000000061502163
entidad,27,asistencia_edad,edad,04,88.354925,0.816173,Tabasco,88.35492488438227,0.8161732476094455,-1.1561772339518939e-7,1.0000003033786287
entidad,27,asistencia_edad,edad,05,92.283363,0.641725,Tabasco,92.2833631885356,0.6417250284739797,1.88535608458551e-7,1.0000000443709995
entidad,27,asistencia_edad,edad,06,97.883847,0.387396,Tabasco,97.88384669644957,0.3873957640148704,-3.0355043634244794e-7,0.9999993908426271
entidad,27,asistencia_edad,edad,07,98.745417,0.176959,Tabasco,98.74541732133505,0.1769592591558332,3.2133505101228366e-7,1.0000014644964832
entidad,27,asistencia_edad,edad,08,98.331799,0.228791,Tabasco,98.33179935572942,0.22879118887117328,3.557294121492305e-7,1.0000008255183694
entidad,27,asistencia_edad,edad,09,98.335259,0.227521,Tabasco,98.33525902520691,0.22752129719298542,2.5206915665876295e-8,1.0000013062222186
entidad,27,asistencia_edad,edad,10,98.334758,0.275888,Tabasco,98.33475750818033,0.2758875611717772,-4.918196623293625e-7,0.999998409397209
entidad,27,asistencia_edad,edad,11,98.204655,0.233697,Tabasco,98.20465545056464,0.23369692273862486,4.505646415964293e-7,0.9999996693950922
entidad,27,asistencia_edad,edad,12,96.58854,0.31295,Tabasco,96.58854002147956,0.3129495970710238,2.1479564793480677e-8,0.9999987124813031
entidad,27,asistencia_edad,edad,13,95.609966,0.339132,Tabasco,95.60996563573883,0.33913189516994635,-3.642611687837416e-7,0.9999996908871659
entidad,27,asistencia_edad,edad,14,93.166976,0.439312,Tabasco,93.16697615222516,0.4393121646893038,1.5222515514778934e-7,1.0000003748800483
entidad,27,asistencia_edad,edad,15,87.278607,0.758965,Tabasco,87.27860675487172,0.7589647169280991,-2.4512827678790927e-7,0.9999996270290449
entidad,27,asistencia_edad,edad,16,84.309206,0.781582,Tabasco,84.30920615220957,0.7815822780295446,1.5220956584016676e-7,1.0000003557266475
entidad,27,asistencia_edad,edad,17,75.90989,0.865903,Tabasco,75.90988996679471,0.8659027197248915,-3.320529629036173e-8,0.9999996763204326
entidad,27,asistencia_edad,edad,18,51.704715,1.144077,Tabasco,51.70471458338104,1.1440767085876027,-4.1661895977540553e-7,0.9999997452860276
entidad,27,asistencia_edad,edad,19,49.278371,1.197769,Tabasco,49.27837139818706,1.197768787361944,3.9818706198957443e-7,0.999999822471565
entidad,27,asistencia_edad,edad_sexo,03|Mujeres,72.368421,1.364825,Tabasco,72.36842105263158,1.3648252420212204,5.2631577318607015e-8,1.0000001773276577
entidad,27,asistencia_edad,edad_sexo,04|Mujeres,87.63649,1.334959,Tabasco,87.63648968744585,1.334958598847168,-3.125541496729056e-7,0.9999996995017585
entidad,27,asistencia_edad,edad_sexo,05|Mujeres,92.07509,0.81231,Tabasco,92.07508992805755,0.8123097357622681,-7.194245199571014e-8,0.9999996747082617
entidad,27,asistencia_edad,edad_sexo,06|Mujeres,98.255353,0.383745,Tabasco,98.25535289452814,0.3837449172673103,-1.0547185524956149e-7,0.9999997844071201
entidad,27,asistencia_edad,edad_sexo,07|Mujeres,98.896247,0.23652,Tabasco,98.89624724061811,0.23652040780566141,2.4061810677267204e-7,1.0000017241910257
entidad,27,asistencia_edad,edad_sexo,08|Mujeres,98.479826,0.288621,Tabasco,98.47982572456905,0.28862104001581135,-2.7543094915927213e-7,1.0000001386448365
entidad,27,asistencia_edad,edad_sexo,09|Mujeres,98.584038,0.303463,Tabasco,98.58403824935638,0.30346255793991594,2.4935637554790446e-7,0.9999985432817706
entidad,27,asistencia_edad,edad_sexo,10|Mujeres,98.128171,0.368505,Tabasco,98.1281712360892,0.36850526694380503,2.3608920685092016e-7,1.0000007243966975
entidad,27,asistencia_edad,edad_sexo,11|Mujeres,98.060646,0.368149,Tabasco,98.06064552134686,0.36814931626434694,-4.78653149116326e-7,1.0000008590661578
entidad,27,asistencia_edad,edad_sexo,12|Mujeres,97.143475,0.370098,Tabasco,97.14347543821683,0.37009809992119724,4.3821682993439026e-7,1.0000002699857802
entidad,27,asistencia_edad,edad_sexo,13|Mujeres,96.313364,0.476217,Tabasco,96.31336405529954,0.47621664862268553,5.5299537393693754e-8,0.9999992621487379
entidad,27,asistencia_edad,edad_sexo,14|Mujeres,93.097391,0.62557,Tabasco,93.09739063370324,0.625569622353843,-3.6629676003485656e-7,0.999999396316708
entidad,27,asistencia_edad,edad_sexo,15|Mujeres,87.327763,0.995897,Tabasco,87.32776343991951,0.9958969831902219,4.399195034920922e-7,0.9999999831209672
entidad,27,asistencia_edad,edad_sexo,16|Mujeres,85.683742,0.921033,Tabasco,85.6837416481069,0.9210333323279467,-3.518930924428787e-7,1.0000003608208898
entidad,27,asistencia_edad,edad_sexo,17|Mujeres,77.20054,1.152229,Tabasco,77.20053952921725,1.1522287352550418,-4.707827514494056e-7,0.9999997702323425
entidad,27,asistencia_edad,edad_sexo,18|Mujeres,53.397204,1.571055,Tabasco,53.39720448023697,1.5710551565611761,4.802369701906173e-7,1.0000000996535297
entidad,27,asistencia_edad,edad_sexo,19|Mujeres,52.388204,1.58475,Tabasco,52.38820364448505,1.5847499485461496,-3.55514949035296e-7,0.9999999675318817
entidad,27,asistencia_edad,edad_sexo,03|Hombres,67.300075,1.562239,Tabasco,67.3000746311499,1.562239020141222,-3.688501095666652e-7,1.0000000128925357
entidad,27,asistencia_edad,edad_sexo,04|Hombres,89.065356,0.842098,Tabasco,89.06535648994516,0.8420980395239693,4.89945165327299e-7,1.0000000469351185
entidad,27,asistencia_edad,edad_sexo,05|Hombres,92.489964,0.845755,Tabasco,92.4899643175736,0.8457553143755234,3.1757359408857155e-7,1.00000037170992
entidad,27,asistencia_edad,edad_sexo,06|Hombres,97.520917,0.670319,Tabasco,97.52091726061357,0.6703194986784045,2.606135751648253e-7,1.000000743941921
entidad,27,asistencia_edad,edad_sexo,07|Hombres,98.60321,0.255326,Tabasco,98.60320984228296,0.2553262914615701,-1.5771703942846216e-7,1.0000011415271852
entidad,27,asistencia_edad,edad_sexo,08|Hombres,98.191908,0.335854,Tabasco,98.19190834228428,0.3358544591027689,3.422842809186477e-7,1.00000136697127
entidad,27,asistencia_edad,edad_sexo,09|Hombres,98.073292,0.34719,Tabasco,98.0732923464201,0.34719030161287506,3.464201085989771e-7,1.0000008687256978
entidad,27,asistencia_edad,edad_sexo,10|Hombres,98.53229,0.293393,Tabasco,98.53228962818004,0.293393018537446,-3.718199650393217e-7,1.0000000631829866
entidad,27,asistencia_edad,edad_sexo,11|Hombres,98.346126,0.286528,Tabasco,98.34612573099415,0.2865279892782022,-2.690058522603067e-7,0.9999999625802791
entidad,27,asistencia_edad,edad_sexo,12|Hombres,96.062669,0.446191,Tabasco,96.06266918218358,0.44619055042816197,1.8218358377453114e-7,0.9999989924228906
entidad,27,asistencia_edad,edad_sexo,13|Hombres,94.97257,0.479298,Tabasco,94.9725702120691,0.4792982744743763,2.1206909650572925e-7,1.0000005726591312
entidad,27,asistencia_edad,edad_sexo,14|Hombres,93.233022,0.580114,Tabasco,93.23302155347703,0.5801140440412991,-4.4652297503944283e-7,1.0000000759183523
entidad,27,asistencia_edad,edad_sexo,15|Hombres,87.23265,0.916552,Tabasco,87.23265039054513,0.9165518091670712,3.9054512512848305e-7,0.9999997917925783
entidad,27,asistencia_edad,edad_sexo,16|Hombres,82.94813,0.991782,Tabasco,82.94812985179958,0.991781540532163,-1.482004279296234e-7,0.9999995367249688
entidad,27,asistencia_edad,edad_sexo,17|Hombres,74.625444,1.144675,Tabasco,74.62544383822637,1.1446745576569375,-1.6177362738289958e-7,0.9999996135644942
entidad,27,asistencia_edad,edad_sexo,18|Hombres,50.047582,1.477055,Tabasco,50.047582362804185,1.477054913768922,3.628041866932108e-7,0.9999999416195889
entidad,27,asistencia_edad,edad_sexo,19|Hombres,46.182994,1.50249,Tabasco,46.18299398777346,1.5024896364433853,-1.2226543333326845e-8,0.9999997580305927
entidad,28,asistencia_edad,edad,03,24.540732,1.113446,Tamaulipas,24.540731734276555,1.113445819103389,-2.6572344324904407e-7,0.9999998375344552
entidad,28,asistencia_edad,edad,04,66.546201,1.416346,Tamaulipas,66.54620065751125,1.416345585336826,-3.4248874669629004e-7,0.9999997072303137
entidad,28,asistencia_edad,edad,05,90.670209,0.695484,Tamaulipas,90.67020905247644,0.695484489887263,5.2476437417681154e-8,1.000000704383225
entidad,28,asistencia_edad,edad,06,95.55624,0.51831,Tamaulipas,95.55623953984956,0.518310056140765,-4.6015044574687636e-7,1.0000001083150334
entidad,28,asistencia_edad,edad,07,98.658131,0.246534,Tamaulipas,98.65813146205815,0.24653364342341225,4.620581535164092e-7,0.9999985536413324
entidad,28,asistencia_edad,edad,08,97.533001,0.42399,Tamaulipas,97.53300071800726,0.4239900665735934,-2.819927402697431e-7,1.0000001570168953
entidad,28,asistencia_edad,edad,09,98.568922,0.253804,Tamaulipas,98.56892153492663,0.2538038534387601,-4.6507337003731664e-7,0.9999994225416469
entidad,28,asistencia_edad,edad,10,97.582041,0.429693,Tamaulipas,97.58204078992058,0.42969256045648574,-2.100794205261991e-7,0.9999989770754603
entidad,28,asistencia_edad,edad,11,97.400109,0.413481,Tamaulipas,97.40010946907499,0.41348135756325594,4.6907499040571565e-7,1.0000008647634497
entidad,28,asistencia_edad,edad,12,96.221141,0.412854,Tamaulipas,96.2211405643623,0.41285445905360485,-4.3563770191212825e-7,1.000001111903009
entidad,28,asistencia_edad,edad,13,95.296599,0.497322,Tamaulipas,95.296598821639,0.49732243623207656,-1.7836100596468896e-7,1.0000008771622342
entidad,28,asistencia_edad,edad,14,92.044601,0.674322,Tamaulipas,92.04460097815019,0.6743216448320808,-2.184981440223055e-8,0.9999994732962603
entidad,28,asistencia_edad,edad,15,85.474706,0.746557,Tamaulipas,85.47470570037612,0.7465574864125085,-2.996238777086546e-7,1.000000651541019
entidad,28,asistencia_edad,edad,16,80.275927,0.867359,Tamaulipas,80.27592657547059,0.8673594814048888,-4.245294036309133e-7,1.0000005550238007
entidad,28,asistencia_edad,edad,17,74.580168,1.051841,Tamaulipas,74.58016760687384,1.051840579328189,-3.931261574052769e-7,0.9999996000614058
entidad,28,asistencia_edad,edad,18,54.206161,1.107875,Tamaulipas,54.20616113744076,1.1078748729201915,1.3744075744170914e-7,0.9999998852940915
entidad,28,asistencia_edad,edad,19,51.04189,1.149796,Tamaulipas,51.041889673874266,1.1497958945481508,-3.261257361941716e-7,0.9999999082864706
entidad,28,asistencia_edad,edad_sexo,03|Mujeres,26.89649,1.596729,Tamaulipas,26.89649021094412,1.596728813323773,2.1094411906119603e-7,0.9999998830883468
entidad,28,asistencia_edad,edad_sexo,04|Mujeres,65.561668,1.844567,Tamaulipas,65.5616683124089,1.8445670233929536,3.1240890052686154e-7,1.000000012682084
entidad,28,asistencia_edad,edad_sexo,05|Mujeres,92.285087,0.870416,Tamaulipas,92.28508737559751,0.8704157744875058,3.755975086505714e-7,0.9999997409141214
entidad,28,asistencia_edad,edad_sexo,06|Mujeres,95.886175,0.700822,Tamaulipas,95.88617504305621,0.7008221013895743,4.305621814637561e-8,1.0000001446723625
entidad,28,asistencia_edad,edad_sexo,07|Mujeres,98.876761,0.301208,Tamaulipas,98.87676126215518,0.30120784178465726,2.6215518289518513e-7,0.999999474730609
entidad,28,asistencia_edad,edad_sexo,08|Mujeres,97.136426,0.742627,Tamaulipas,97.13642569836526,0.7426273386462872,-3.0163474207256513e-7,1.0000004560112776
entidad,28,asistencia_edad,edad_sexo,09|Mujeres,98.604116,0.355849,Tamaulipas,98.60411570010073,0.35584918576431573,-2.998992698621805e-7,1.000000522031299
entidad,28,asistencia_edad,edad_sexo,10|Mujeres,98.058728,0.427259,Tamaulipas,98.05872756933115,0.42725870224783113,-4.3066884813924844e-7,0.9999993031108324
entidad,28,asistencia_edad,edad_sexo,11|Mujeres,97.542878,0.517061,Tamaulipas,97.54287844891871,0.5170605499636759,4.4891871198160516e-7,0.999999129626245
entidad,28,asistencia_edad,edad_sexo,12|Mujeres,96.604579,0.550623,Tamaulipas,96.60457896779201,0.5506232045668585,-3.220799271730357e-8,1.0000003715189132
entidad,28,asistencia_edad,edad_sexo,13|Mujeres,97.05123,0.4613,Tamaulipas,97.0512297866558,0.4613003814582818,-2.133442080776149e-7,1.0000008269201859
entidad,28,asistencia_edad,edad_sexo,14|Mujeres,93.744983,0.752125,Tamaulipas,93.74498260636874,0.7521247462239979,-3.9363126802527404e-7,0.9999996625879979
entidad,28,asistencia_edad,edad_sexo,15|Mujeres,89.233867,0.881192,Tamaulipas,89.23386669492423,0.8811924412557518,-3.0507577264415886e-7,1.0000005007487038
entidad,28,asistencia_edad,edad_sexo,16|Mujeres,82.889642,1.088017,Tamaulipas,82.88964181994191,1.0880171500312785,-1.800580804456331e-7,1.0000001378942411
entidad,28,asistencia_edad,edad_sexo,17|Mujeres,77.217507,1.491889,Tamaulipas,77.21750707272425,1.4918885676590505,7.272424795701227e-8,0.9999997102056859
entidad,28,asistencia_edad,edad_sexo,18|Mujeres,57.384264,1.582631,Tamaulipas,57.38426446493398,1.5826305620847347,4.649339757634152e-7,0.9999997232991992
entidad,28,asistencia_edad,edad_sexo,19|Mujeres,56.682787,1.634571,Tamaulipas,56.68278742580787,1.6345707085007253,4.2580786896451173e-7,0.9999998216661896
entidad,28,asistencia_edad,edad_sexo,03|Hombres,22.225145,1.342483,Tamaulipas,22.225144660704892,1.34248324488616,-3.392951093417196e-7,1.0000001824128575
entidad,28,asistencia_edad,edad_sexo,04|Hombres,67.514568,1.855344,Tamaulipas,67.51456849505134,1.8553437630055978,4.950513385892918e-7,0.9999998722639024
entidad,28,asistencia_edad,edad_sexo,05|Hombres,89.087698,1.085793,Tamaulipas,89.08769774228229,1.0857933636169188,-2.5771771561267087e-7,1.0000003348860407
entidad,28,asistencia_edad,edad_sexo,06|Hombres,95.237375,0.711691,Tamaulipas,95.23737469264233,0.7116905695302144,-3.073576664291977e-7,0.9999993951451043
entidad,28,asistencia_edad,edad_sexo,07|Hombres,98.464086,0.352238,Tamaulipas,98.46408567301934,0.35223768061041216,-3.269806541084108e-7,0.9999990932562988
entidad,28,asistencia_edad,edad_sexo,08|Hombres,97.927842,0.450137,Tamaulipas,97.92784186935116,0.4501365327929596,-1.3064884285540757e-7,0.999998962078122
entidad,28,asistencia_edad,edad_sexo,09|Hombres,98.533319,0.363596,Tamaulipas,98.53331877570332,0.3635963677538794,-2.2429668433687766e-7,1.0000010114354376
entidad,28,asistencia_edad,edad_sexo,10|Hombres,97.113442,0.72028,Tamaulipas,97.11344173963245,0.720280311367145,-2.6036755684799573e-7,1.0000004322862566
entidad,28,asistencia_edad,edad_sexo,11|Hombres,97.263308,0.578555,Tamaulipas,97.26330832440158,0.5785548330853649,3.2440158292956767e-7,0.9999997114973769
entidad,28,asistencia_edad,edad_sexo,12|Hombres,95.824411,0.567438,Tamaulipas,95.82441113490364,0.5674377907203386,1.3490364381141262e-7,0.9999996311849728
entidad,28,asistencia_edad,edad_sexo,13|Hombres,93.592451,0.882569,Tamaulipas,93.59245083806256,0.8825687553945922,-1.619374359052017e-7,0.999999722848403
entidad,28,asistencia_edad,edad_sexo,14|Hombres,90.350848,0.945507,Tamaulipas,90.35084796588146,0.9455067311330987,-3.411854265777947e-8,0.9999997156373234
entidad,28,asistencia_edad,edad_sexo,15|Hombres,82.260013,1.091241,Tamaulipas,82.26001329064218,1.0912407874256873,2.906421769921508e-7,0.9999998051994815
entidad,28,asistencia_edad,edad_sexo,16|Hombres,77.833069,1.217133,Tamaulipas,77.83306944130287,1.2171328357882603,4.4130287335519824e-7,0.9999998650831587
entidad,28,asistencia_edad,edad_sexo,17|Hombres,72.047684,1.471806,Tamaulipas,72.04768448975678,1.4718061365830062,4.897567720263396e-7,1.0000000927995987
entidad,28,asistencia_edad,edad_sexo,18|Hombres,51.209983,1.493828,Tamaulipas,51.20998273616622,1.4938284797000454,-2.638337832649995e-7,1.0000003211213375
entidad,28,asistencia_edad,edad_sexo,19|Hombres,45.688156,1.61424,Tamaulipas,45.68815633910564,1.6142397618194975,3.3910563956851547e-7,0.9999998524503776
entidad,29,asistencia_edad,edad,03,37.560741,0.67266,Tlaxcala,37.56074117584237,0.6726602439685067,1.758423664455222e-7,1.0000003626921574
entidad,29,asistencia_edad,edad,04,89.704367,0.430183,Tlaxcala,89.70436669378898,0.43018256235732194,-3.062110209839375e-7,0.9999989826592914
entidad,29,asistencia_edad,edad,05,94.2065,0.297929,Tlaxcala,94.20650002436291,0.29792921310105347,2.4362904582631018e-8,1.000000715274624
entidad,29,asistencia_edad,edad,06,98.089259,0.167941,Tlaxcala,98.08925890541832,0.16794056179449368,-9.458167937737016e-8,0.9999973907175358
entidad,29,asistencia_edad,edad,07,99.056689,0.109202,Tlaxcala,99.05668934240363,0.1092021168974371,3.42403623676546e-7,1.000001070469745
entidad,29,asistencia_edad,edad,08,99.099289,0.108958,Tlaxcala,99.09928869060145,0.10895847802185317,-3.0939854411826673e-7,1.000004387212074
entidad,29,asistencia_edad,edad,09,99.084885,0.108137,Tlaxcala,99.08488482171032,0.10813730240674549,-1.7828968168487336e-7,1.000002796515027
entidad,29,asistencia_edad,edad,10,98.893637,0.122508,Tlaxcala,98.89363741662339,0.12250777324997972,4.1662339356207667e-7,0.9999981491003013
entidad,29,asistencia_edad,edad,11,98.766591,0.133544,Tlaxcala,98.76659069580373,0.1335441034500279,-3.041962770566897e-7,1.0000007746512602
entidad,29,asistencia_edad,edad,12,97.86648,0.1611,Tlaxcala,97.86648046859847,0.16110036884478204,4.685984720254055e-7,1.000002289539305
entidad,29,asistencia_edad,edad,13,96.553668,0.219913,Tlaxcala,96.55366776713102,0.21991258637242458,-2.3286898453989124e-7,0.999998119130859
entidad,29,asistencia_edad,edad,14,94.228166,0.289639,Tlaxcala,94.22816589408049,0.28963894860021067,-1.0591951138394506e-7,0.9999998225384381
entidad,29,asistencia_edad,edad,15,86.605081,0.395617,Tlaxcala,86.60508083140877,0.39561662688453875,-1.6859122808909888e-7,0.9999990568770775
entidad,29,asistencia_edad,edad,16,82.34544,0.472081,Tlaxcala,82.34544033565054,0.472080702191524,3.356505402507537e-7,0.9999993691580978
entidad,29,asistencia_edad,edad,17,74.392413,0.510073,Tlaxcala,74.39241256668643,0.5100734317163379,-4.333135734668758e-7,1.0000008463814747
entidad,29,asistencia_edad,edad,18,51.263648,0.604716,Tlaxcala,51.26364816370162,0.6047164583715207,1.6370161404211103e-7,1.0000007579946961
entidad,29,asistencia_edad,edad,19,47.182503,0.627725,Tlaxcala,47.182502561361304,0.6277249968403463,-4.3863869336746575e-7,0.9999999949665003
entidad,29,asistencia_edad,edad_sexo,03|Mujeres,39.421855,0.943699,Tlaxcala,39.42185514612452,0.9436993696634994,1.461245204836814e-7,1.0000003917175917
entidad,29,asistencia_edad,edad_sexo,04|Mujeres,89.931574,0.583545,Tlaxcala,89.93157380254154,0.583544819265004,-1.9745846202567918e-7,0.9999996902809621
entidad,29,asistencia_edad,edad_sexo,05|Mujeres,93.871226,0.444315,Tlaxcala,93.87122575484904,0.44431468005913677,-2.4515095731203473e-7,0.9999992799233354
entidad,29,asistencia_edad,edad_sexo,06|Mujeres,98.232801,0.218159,Tlaxcala,98.23280137048057,0.2181585586735181,3.704805777715592e-7,0.999997977042057
entidad,29,asistencia_edad,edad_sexo,07|Mujeres,99.160526,0.134721,Tlaxcala,99.16052607032925,0.13472082871909444,7.032924997929513e-8,0.9999987286250431
entidad,29,asistencia_edad,edad_sexo,08|Mujeres,99.129332,0.14733,Tlaxcala,99.12933220625528,0.1473299795712394,2.0625527952233824e-7,0.9999998613401168
entidad,29,asistencia_edad,edad_sexo,09|Mujeres,99.284254,0.132868,Tlaxcala,99.2842535787321,0.1328682417870203,-4.212678987869367e-7,1.0000018197535923
entidad,29,asistencia_edad,edad_sexo,10|Mujeres,99.089758,0.149577,Tlaxcala,99.08975779642235,0.14957653362531023,-2.0357765606604517e-7,0.9999968820427623
entidad,29,asistencia_edad,edad_sexo,11|Mujeres,98.900394,0.175555,Tlaxcala,98.9003940254742,0.17555546063967126,2.5474193421359814e-8,1.0000026239051651
entidad,29,asistencia_edad,edad_sexo,12|Mujeres,98.076459,0.216536,Tlaxcala,98.0764587525151,0.21653569225041155,-2.4748490545789537e-7,0.9999985787601672
entidad,29,asistencia_edad,edad_sexo,13|Mujeres,96.970958,0.27439,Tlaxcala,96.9709578097695,0.27439005002279143,-1.90230494467869e-7,1.0000001823054463
entidad,29,asistencia_edad,edad_sexo,14|Mujeres,95.53616,0.337365,Tlaxcala,95.53615960099751,0.33736509242207224,-3.990024879385601e-7,1.000000273952758
entidad,29,asistencia_edad,edad_sexo,15|Mujeres,89.261745,0.48571,Tlaxcala,89.26174496644296,0.48570978943511395,-3.355704336627241e-8,0.999999566480233
entidad,29,asistencia_edad,edad_sexo,16|Mujeres,86.420174,0.546079,Tlaxcala,86.42017379451354,0.5460793592637186,-2.054864580713911e-7,1.0000006578969685
entidad,29,asistencia_edad,edad_sexo,17|Mujeres,78.641946,0.662447,Tlaxcala,78.64194558150734,0.6624467009473177,-4.184926609696049e-7,0.99999954856361
entidad,29,asistencia_edad,edad_sexo,18|Mujeres,54.464423,0.801066,Tlaxcala,54.46442292915322,0.8010655001588174,-7.0846773780886e-8,0.9999993760299619
entidad,29,asistencia_edad,edad_sexo,19|Mujeres,51.433121,0.865531,Tlaxcala,51.433121019108285,0.8655314004375445,1.910828473228321e-8,1.0000004626495693
entidad,29,asistencia_edad,edad_sexo,03|Hombres,35.667349,0.883416,Tlaxcala,35.66734891737585,0.8834162707008854,-8.262415462922945e-8,1.0000003064251557
entidad,29,asistencia_edad,edad_sexo,04|Hombres,89.477677,0.592358,Tlaxcala,89.47767663632423,0.5923576989023128,-3.6367576683460356e-7,0.9999994916964281
entidad,29,asistencia_edad,edad_sexo,05|Hombres,94.525235,0.389117,Tlaxcala,94.52523524379812,0.3891165965670771,2.4379812657571165e-7,0.9999989632092072
entidad,29,asistencia_edad,edad_sexo,06|Hombres,97.943067,0.251872,Tlaxcala,97.94306703397612,0.2518722812507668,3.397612147182372e-8,1.0000011166416547
entidad,29,asistencia_edad,edad_sexo,07|Hombres,98.958425,0.167324,Tlaxcala,98.95842528025422,0.1673237758316689,2.802542127255947e-7,0.9999986602738932
entidad,29,asistencia_edad,edad_sexo,08|Hombres,99.069495,0.147527,Tlaxcala,99.06949450917931,0.14752715581931267,-4.908206960863026e-7,1.00000105620878
entidad,29,asistencia_edad,edad_sexo,09|Hombres,98.897155,0.169239,Tlaxcala,98.89715536105032,0.1692387569424636,3.610503256368247e-7,0.9999985638207718
entidad,29,asistencia_edad,edad_sexo,10|Hombres,98.693864,0.17925,Tlaxcala,98.69386438764815,0.17924975369080684,3.876481429188061e-7,0.9999986258901359
entidad,29,asistencia_edad,edad_sexo,11|Hombres,98.639218,0.192402,Tlaxcala,98.63921842288904,0.19240239950530416,4.228890446711375e-7,1.0000020764093105
entidad,29,asistencia_edad,edad_sexo,12|Hombres,97.67111,0.225808,Tlaxcala,97.67110977984125,0.22580818076967826,-2.2015875345005043e-7,1.0000008005459429
entidad,29,asistencia_edad,edad_sexo,13|Hombres,96.162546,0.323062,Tlaxcala,96.16254582325871,0.32306177072647746,-1.7674129537681438e-7,0.9999992903110779
entidad,29,asistencia_edad,edad_sexo,14|Hombres,92.953754,0.420504,Tlaxcala,92.95375394832753,0.42050366612170553,-5.1672472523023316e-8,0.9999992060044745
entidad,29,asistencia_edad,edad_sexo,15|Hombres,84.123501,0.578929,Tlaxcala,84.1235012930021,0.5789290162405402,2.930021025804308e-7,1.0000000280527321
entidad,29,asistencia_edad,edad_sexo,16|Hombres,78.541319,0.689705,Tlaxcala,78.54131869879902,0.6897051466443757,-3.01200984154093e-7,1.0000002126189829
entidad,29,asistencia_edad,edad_sexo,17|Hombres,70.270901,0.726313,Tlaxcala,70.27090144792153,0.7263128778119062,4.4792153630623943e-7,0.9999998317693698
entidad,29,asistencia_edad,edad_sexo,18|Hombres,48.103187,0.813049,Tlaxcala,48.10318664643399,0.8130485251382836,-3.53566008470807e-7,0.9999994159494491
entidad,29,asistencia_edad,edad_sexo,19|Hombres,42.871243,0.847164,Tlaxcala,42.871242709735306,0.8471641346484208,-2.9026469405835087e-7,1.000000158940206
entidad,30,asistencia_edad,edad,03,34.588135,0.454423,Veracruz de Ignacio de la Llave,34.588135323171706,0.45442299467673497,3.231717045082405e-7,0.9999999882856611
entidad,30,asistencia_edad,edad,04,76.031647,0.38721,Veracruz de Ignacio de la Llave,76.03164736991815,0.38721027665336116,3.699181405636409e-7,1.0000007144788645
entidad,30,asistencia_edad,edad,05,90.665413,0.283475,Veracruz de Ignacio de la Llave,90.66541312023044,0.2834745615202314,1.2023043893805152e-7,0.9999984531977474
entidad,30,asistencia_edad,edad,06,96.639898,0.183595,Veracruz de Ignacio de la Llave,96.63989756818589,0.18359496174507176,-4.318141151316013e-7,0.9999997916341499
entidad,30,asistencia_edad,edad,07,98.219292,0.117596,Veracruz de Ignacio de la Llave,98.21929191741168,0.11759566739556856,-8.258831485363771e-8,0.9999971716348223
entidad,30,asistencia_edad,edad,08,98.063231,0.110057,Veracruz de Ignacio de la Llave,98.06323058292035,0.11005680467088451,-4.1707964726356295e-7,0.9999982252004371
entidad,30,asistencia_edad,edad,09,98.13789,0.100391,Veracruz de Ignacio de la Llave,98.13788989261974,0.10039099605160832,-1.0738025935097539e-7,0.9999999606698642
entidad,30,asistencia_edad,edad,10,97.814402,0.129579,Veracruz de Ignacio de la Llave,97.81440205412177,0.12957877868899167,5.412177017660724e-8,0.999998292076584
entidad,30,asistencia_edad,edad,11,97.259045,0.106628,Veracruz de Ignacio de la Llave,97.25904523011954,0.10662803102733283,2.3011953942386754e-7,1.000000290986728
entidad,30,asistencia_edad,edad,12,94.447912,0.177815,Veracruz de Ignacio de la Llave,94.44791154249968,0.17781491961957224,-4.575003202944572e-7,0.9999995479547409
entidad,30,asistencia_edad,edad,13,92.40426,0.19583,Veracruz de Ignacio de la Llave,92.40426024197099,0.19582971348349015,2.41970994352414e-7,0.9999985369120673
entidad,30,asistencia_edad,edad,14,88.118989,0.231264,Veracruz de Ignacio de la Llave,88.11898904048311,0.23126411598843763,4.048311552651285e-8,1.0000005015412585
entidad,30,asistencia_edad,edad,15,81.927332,0.30769,Veracruz de Ignacio de la Llave,81.92733183033609,0.30769052427295845,-1.6966392024642118e-7,1.000001703899894
entidad,30,asistencia_edad,edad,16,77.413317,0.350473,Veracruz de Ignacio de la Llave,77.41331711197417,0.35047296168557324,1.119741597221946e-7,0.9999998906779503
entidad,30,asistencia_edad,edad,17,69.557849,0.383298,Veracruz de Ignacio de la Llave,69.55784886360198,0.3832980691709041,-1.3639802887155383e-7,1.0000001804624705
entidad,30,asistencia_edad,edad,18,47.271667,0.49056,Veracruz de Ignacio de la Llave,47.27166662828808,0.4905605641066647,-3.71711919910922e-7,1.0000011499238926
entidad,30,asistencia_edad,edad,19,44.689422,0.534393,Veracruz de Ignacio de la Llave,44.689421811638965,0.5343929556430489,-1.883610352138021e-7,0.999999916995636
entidad,30,asistencia_edad,edad_sexo,03|Mujeres,35.204443,0.632024,Veracruz de Ignacio de la Llave,35.20444263384721,0.6320242627809656,-3.6615278986573685e-7,1.000000415776878
entidad,30,asistencia_edad,edad_sexo,04|Mujeres,76.163858,0.526878,Veracruz de Ignacio de la Llave,76.16385765815174,0.5268777523795376,-3.418482634742759e-7,0.9999995300231508
entidad,30,asistencia_edad,edad_sexo,05|Mujeres,90.750737,0.391559,Veracruz de Ignacio de la Llave,90.7507374927254,0.3915595070306261,4.927254053654906e-7,1.0000012949022397
entidad,30,asistencia_edad,edad_sexo,06|Mujeres,96.92917,0.256602,Veracruz de Ignacio de la Llave,96.92917001492366,0.25660199266705247,1.492365697686182e-8,0.9999999714228747
entidad,30,asistencia_edad,edad_sexo,07|Mujeres,98.311323,0.179512,Veracruz de Ignacio de la Llave,98.31132319757334,0.1795116138563467,1.9757334257519688e-7,0.9999978489256801
entidad,30,asistencia_edad,edad_sexo,08|Mujeres,98.410506,0.118516,Veracruz de Ignacio de la Llave,98.41050570049661,0.11851630523998964,-2.995033838715244e-7,1.0000025755171424
entidad,30,asistencia_edad,edad_sexo,09|Mujeres,98.259428,0.131582,Veracruz de Ignacio de la Llave,98.25942809780356,0.1315823775892187,9.780356435840076e-8,1.000002869611487
entidad,30,asistencia_edad,edad_sexo,10|Mujeres,97.884182,0.200139,Veracruz de Ignacio de la Llave,97.8841817396728,0.20013887734982558,-2.6032719802060456e-7,0.9999993871750412
entidad,30,asistencia_edad,edad_sexo,11|Mujeres,97.460855,0.152366,Veracruz de Ignacio de la Llave,97.46085484553534,0.15236572505486068,-1.5446465795321274e-7,0.9999981954954562
entidad,30,asistencia_edad,edad_sexo,12|Mujeres,94.775505,0.234524,Veracruz de Ignacio de la Llave,94.77550540667607,0.23452413332426966,4.0667607947852957e-7,1.0000005684888098
entidad,30,asistencia_edad,edad_sexo,13|Mujeres,93.218485,0.267862,Veracruz de Ignacio de la Llave,93.2184850970741,0.267861766809561,9.707409276416001e-8,0.9999991294381472
entidad,30,asistencia_edad,edad_sexo,14|Mujeres,89.672476,0.281716,Veracruz de Ignacio de la Llave,89.67247555280142,0.28171625621637053,-4.4719858749431296e-7,1.0000009094846247
entidad,30,asistencia_edad,edad_sexo,15|Mujeres,83.698379,0.38109,Veracruz de Ignacio de la Llave,83.69837870908535,0.38108984542916335,-2.9091465592046006e-7,0.9999995943980775
entidad,30,asistencia_edad,edad_sexo,16|Mujeres,80.630943,0.42238,Veracruz de Ignacio de la Llave,80.63094263585417,0.4223798910862885,-3.64145833486873e-7,0.9999997421428299
entidad,30,asistencia_edad,edad_sexo,17|Mujeres,72.864744,0.475475,Veracruz de Ignacio de la Llave,72.86474419742515,0.4754756064894434,1.9742515178222675e-7,1.0000012755443366
entidad,30,asistencia_edad,edad_sexo,18|Mujeres,49.898683,0.602203,Veracruz de Ignacio de la Llave,49.89868287740628,0.6022027905589095,-1.2259371828804433e-7,0.9999996522084902
entidad,30,asistencia_edad,edad_sexo,19|Mujeres,48.84245,0.674979,Veracruz de Ignacio de la Llave,48.84244995686696,0.6749792792337725,-4.3133042026965995e-8,1.0000004136925336
entidad,30,asistencia_edad,edad_sexo,03|Hombres,33.983076,0.614985,Veracruz de Ignacio de la Llave,33.98307582200143,0.61498501797156,-1.779985652206051e-7,1.0000000292227615
entidad,30,asistencia_edad,edad_sexo,04|Hombres,75.899735,0.507192,Veracruz de Ignacio de la Llave,75.89973481500189,0.5071924326246957,-1.8499811460515048e-7,1.0000008529801254
entidad,30,asistencia_edad,edad_sexo,05|Hombres,90.580635,0.402118,Veracruz de Ignacio de la Llave,90.58063486999521,0.4021184530653076,-1.300047927088599e-7,1.0000011266974063
entidad,30,asistencia_edad,edad_sexo,06|Hombres,96.35966,0.266618,Veracruz de Ignacio de la Llave,96.35965969120127,0.26661772267979916,-3.087987323624475e-7,0.9999989598594211
entidad,30,asistencia_edad,edad_sexo,07|Hombres,98.129543,0.144551,Veracruz de Ignacio de la Llave,98.12954311790912,0.14455118829556315,1.179091242420327e-7,1.0000013026237324
entidad,30,asistencia_edad,edad_sexo,08|Hombres,97.728002,0.18211,Veracruz de Ignacio de la Llave,97.7280016204446,0.1821104727979813,-3.7955540221901174e-7,1.000002596221961
entidad,30,asistencia_edad,edad_sexo,09|Hombres,98.019452,0.141499,Veracruz de Ignacio de la Llave,98.01945211011645,0.1414994322255906,1.1011644573954982e-7,1.0000030546194008
entidad,30,asistencia_edad,edad_sexo,10|Hombres,97.749056,0.169023,Veracruz de Ignacio de la Llave,97.74905649074462,0.16902315844176374,4.907446253810122e-7,1.0000009373976544
entidad,30,asistencia_edad,edad_sexo,11|Hombres,97.066935,0.146869,Veracruz de Ignacio de la Llave,97.06693523396343,0.14686924768924287,2.3396343351578253e-7,1.0000016864637389
entidad,30,asistencia_edad,edad_sexo,12|Hombres,94.120669,0.222452,Veracruz de Ignacio de la Llave,94.12066865286116,0.22245190550272326,-3.4713885099790787e-7,0.9999995752014963
entidad,30,asistencia_edad,edad_sexo,13|Hombres,91.617882,0.249176,Veracruz de Ignacio de la Llave,91.61788224246959,0.24917612867652403,2.4246959640095156e-7,1.0000005164081773
entidad,30,asistencia_edad,edad_sexo,14|Hombres,86.606736,0.317317,Veracruz de Ignacio de la Llave,86.60673562169876,0.31731668405823016,-3.783012374469763e-7,0.9999990043339315
entidad,30,asistencia_edad,edad_sexo,15|Hombres,80.227796,0.409574,Veracruz de Ignacio de la Llave,80.22779645095478,0.40957435248616775,4.5095478640178044e-7,1.000000860616562
entidad,30,asistencia_edad,edad_sexo,16|Hombres,74.254273,0.483583,Veracruz de Ignacio de la Llave,74.25427343822447,0.4835825751595695,4.3822447537422704e-7,0.9999991214736033
entidad,30,asistencia_edad,edad_sexo,17|Hombres,66.318706,0.540417,Veracruz de Ignacio de la Llave,66.31870600569117,0.5404170088422245,5.6911630963440984e-9,1.0000000163618548
entidad,30,asistencia_edad,edad_sexo,18|Hombres,44.644529,0.689992,Veracruz de Ignacio de la Llave,44.64452939099464,0.6899923917497696,3.909946428848343e-7,1.0000005677598718
entidad,30,asistencia_edad,edad_sexo,19|Hombres,40.393371,0.76102,Veracruz de Ignacio de la Llave,40.39337097067929,0.7610202265967145,-2.932070941596976e-8,1.0000002977539546
entidad,31,asistencia_edad,edad,03,60.553428,1.606043,Yucatán,60.55342847198051,1.6060434738591285,4.719805133390764e-7,1.0000002950475972
entidad,31,asistencia_edad,edad,04,89.2554,0.979117,Yucatán,89.25539990338831,0.9791172119049693,-9.661168576258206e-8,1.0000002164245634
entidad,31,asistencia_edad,edad,05,94.124135,0.864269,Yucatán,94.12413455057902,0.8642688541567701,-4.4942098043065926e-7,0.9999998312525038
entidad,31,asistencia_edad,edad,06,97.406566,0.577548,Yucatán,97.40656629377295,0.5775479737073695,2.937729561836022e-7,0.9999999544754196
entidad,31,asistencia_edad,edad,07,98.58419,0.378339,Yucatán,98.58419012304061,0.3783393109008562,1.2304060703627329e-7,1.0000008217520695
entidad,31,asistencia_edad,edad,08,99.003488,0.248498,Yucatán,99.00348779272547,0.24849837702688912,-2.072745388659314e-7,1.0000015172230325
entidad,31,asistencia_edad,edad,09,99.030031,0.126566,Yucatán,99.03003068829462,0.1265662049490553,-3.1170537795333075e-7,1.0000016193057795
entidad,31,asistencia_edad,edad,10,98.361063,0.377625,Yucatán,98.361062825925,0.37762483049371715,-1.7407499797172932e-7,0.9999995511253682
entidad,31,asistencia_edad,edad,11,98.434442,0.265059,Yucatán,98.43444227005871,0.2650589394118354,2.700587060644466e-7,0.9999997714163088
entidad,31,asistencia_edad,edad,12,96.525001,0.481227,Yucatán,96.52500062097916,0.48122740361149724,-3.790208467080447e-7,1.000000838713325
entidad,31,asistencia_edad,edad,13,95.315913,0.487529,Yucatán,95.31591295202654,0.48752937857763956,-4.797345809492981e-8,1.0000007765233239
entidad,31,asistencia_edad,edad,14,92.862623,0.521154,Yucatán,92.86262268193963,0.5211538774105909,-3.180603727059861e-7,0.9999997647731591
entidad,31,asistencia_edad,edad,15,86.838604,0.725971,Yucatán,86.83860403234061,0.7259707193250846,3.2340608413505834e-8,0.9999996133799898
entidad,31,asistencia_edad,edad,16,83.549445,0.701867,Yucatán,83.54944539915638,0.7018666744517643,3.99156377284271e-7,0.9999995361681975
entidad,31,asistencia_edad,edad,17,74.424212,1.05754,Yucatán,74.4242119804094,1.0575403262580827,-1.9590601141317165e-8,1.0000003085066123
entidad,31,asistencia_edad,edad,18,55.894258,1.521863,Yucatán,55.89425781517986,1.5218632008663258,-1.8482013786069729e-7,1.0000001319871274
entidad,31,asistencia_edad,edad,19,52.602553,1.677583,Yucatán,52.60255252690402,1.6775830224374753,-4.730959801690915e-7,1.0000000133748823
entidad,31,asistencia_edad,edad_sexo,03|Mujeres,61.299536,2.221201,Yucatán,61.299535880042846,2.2212012384667466,-1.1995715709645083e-7,1.000000107359373
entidad,31,asistencia_edad,edad_sexo,04|Mujeres,88.463416,1.604917,Yucatán,88.46341633535607,1.6049173782640955,3.353560771302e-7,1.0000002356907527
entidad,31,asistencia_edad,edad_sexo,05|Mujeres,94.297465,1.08523,Yucatán,94.297464857897,1.0852297647788716,-1.421030049186811e-7,0.9999997832522798
entidad,31,asistencia_edad,edad_sexo,06|Mujeres,97.24653,0.844912,Yucatán,97.24653029374059,0.844911564664353,2.93740583856561e-7,0.9999994847562267
entidad,31,asistencia_edad,edad_sexo,07|Mujeres,98.650169,0.499768,Yucatán,98.65016872890888,0.4997677786756174,-2.71091124659506e-7,0.9999995571457504
entidad,31,asistencia_edad,edad_sexo,08|Mujeres,98.803523,0.519147,Yucatán,98.80352262374734,0.5191470188985127,-3.7625265747465164e-7,1.0000000364030084
entidad,31,asistencia_edad,edad_sexo,09|Mujeres,99.104266,0.152201,Yucatán,99.10426566169643,0.15220137222498226,-3.3830356471753475e-7,1.000002445614564
entidad,31,asistencia_edad,edad_sexo,10|Mujeres,98.279794,0.621919,Yucatán,98.2797937735475,0.6219189545174387,-2.2645249941888324e-7,0.9999999268673875
entidad,31,asistencia_edad,edad_sexo,11|Mujeres,98.775625,0.208174,Yucatán,98.77562482448751,0.2081743456425545,-1.7551249698044558e-7,1.0000016603541004
entidad,31,asistencia_edad,edad_sexo,12|Mujeres,95.914056,0.764789,Yucatán,95.91405605935697,0.7647892754870191,5.935696378855937e-8,1.0000003602131033
entidad,31,asistencia_edad,edad_sexo,13|Mujeres,95.639874,0.70066,Yucatán,95.63987352304876,0.7006600669111411,-4.769512429447786e-7,1.0000000954973043
entidad,31,asistencia_edad,edad_sexo,14|Mujeres,93.484704,0.613959,Yucatán,93.48470413888008,0.6139593810286615,1.388800825452563e-7,1.000000620609294
entidad,31,asistencia_edad,edad_sexo,15|Mujeres,88.372706,0.719093,Yucatán,88.37270618013078,0.7190927914179202,1.8013078317835607e-7,0.9999997099372684
entidad,31,asistencia_edad,edad_sexo,16|Mujeres,84.813817,0.876712,Yucatán,84.81381662174799,0.8767124336708683,-3.7825201104624284e-7,1.0000004946560195
entidad,31,asistencia_edad,edad_sexo,17|Mujeres,76.231971,1.433774,Yucatán,76.23197115384616,1.4337736283189648,1.53846158923443e-7,0.9999997407673488
entidad,31,asistencia_edad,edad_sexo,18|Mujeres,57.595522,2.053755,Yucatán,57.595522249976874,2.0537552055494057,2.499768712027617e-7,1.0000001000846768
entidad,31,asistencia_edad,edad_sexo,19|Mujeres,52.707209,2.173469,Yucatán,52.70720941638057,2.1734694066549665,4.16380572687558e-7,1.0000001870995017
entidad,31,asistencia_edad,edad_sexo,03|Hombres,59.843803,2.423205,Yucatán,59.84380305602717,2.423204870123646,5.6027168682248885e-8,0.999999946403068
entidad,31,asistencia_edad,edad_sexo,04|Hombres,90.030727,1.326612,Yucatán,90.03072721065209,1.3266119880074896,2.106520895495123e-7,0.9999999909600469
entidad,31,asistencia_edad,edad_sexo,05|Hombres,93.95144,1.111419,Yucatán,93.95144027888203,1.1114186911460968,2.788820268051495e-7,0.999999722108491
entidad,31,asistencia_edad,edad_sexo,06|Hombres,97.568543,0.781245,Yucatán,97.56854338260183,0.7812447751411337,3.8260182577687374e-7,0.9999997121788091
entidad,31,asistencia_edad,edad_sexo,07|Hombres,98.518352,0.5772,Yucatán,98.51835222808396,0.5771999061445168,2.2808396238360729e-7,0.9999998373952126
entidad,31,asistencia_edad,edad_sexo,08|Hombres,99.170948,0.127984,Yucatán,99.1709475611617,0.12798425900004873,-4.388382990327955e-7,1.0000020236908422
entidad,31,asistencia_edad,edad_sexo,09|Hombres,98.955298,0.191894,Yucatán,98.95529774014406,0.1918940575469548,-2.5985593765653903e-7,1.0000002998892867
entidad,31,asistencia_edad,edad_sexo,10|Hombres,98.442631,0.444435,Yucatán,98.4426311075729,0.4444354371321061,1.0757288748663996e-7,1.0000009835681394
entidad,31,asistencia_edad,edad_sexo,11|Hombres,98.122884,0.466915,Yucatán,98.12288439839983,0.46691545257701844,3.983998340117978e-7,1.0000009692920948
entidad,31,asistencia_edad,edad_sexo,12|Hombres,97.093665,0.601957,Yucatán,97.09366457244258,0.6019566377638361,-4.275574241319191e-7,0.9999993982358144
entidad,31,asistencia_edad,edad_sexo,13|Hombres,95.009446,0.671144,Yucatán,95.00944584382871,0.671144251423957,-1.561712821285255e-7,1.0000003746199877
entidad,31,asistencia_edad,edad_sexo,14|Hombres,92.240969,0.794183,Yucatán,92.24096895329772,0.7941826098213678,-4.6702282929800276e-8,0.9999995087043765
entidad,31,asistencia_edad,edad_sexo,15|Hombres,85.392644,1.195143,Yucatán,85.39264413518886,1.1951433653539658,1.3518885566554673e-7,1.0000003056989546
entidad,31,asistencia_edad,edad_sexo,16|Hombres,82.412855,1.105588,Yucatán,82.41285537700865,1.1055881088351938,3.7700866073464567e-7,1.000000098441005
entidad,31,asistencia_edad,edad_sexo,17|Hombres,72.605432,1.48204,Yucatán,72.60543155136796,1.4820399281424623,-4.486320364094354e-7,0.9999999515144411
entidad,31,asistencia_edad,edad_sexo,18|Hombres,54.230926,2.020032,Yucatán,54.230925783546645,2.020031941156546,-2.1645335124276244e-7,0.9999999708700387
entidad,31,asistencia_edad,edad_sexo,19|Hombres,52.498907,2.355457,Yucatán,52.49890718344747,2.35545672677018,1.8344746877119178e-7,0.9999998840013551
entidad,32,asistencia_edad,edad,03,46.455299,0.828346,Zacatecas,46.45529894584372,0.8283460958623288,-5.415627413185575e-8,1.0000001157273999
entidad,32,asistencia_edad,edad,04,86.297739,0.568683,Zacatecas,86.29773904662463,0.5686825009821473,4.66246206087817e-8,0.9999991225026021
entidad,32,asistencia_edad,edad,05,93.308455,0.383886,Zacatecas,93.3084549811583,0.38388637880336285,-1.884168909782602e-8,1.000000986760035
entidad,32,asistencia_edad,edad,06,97.574873,0.226966,Zacatecas,97.57487318462928,0.2269660853630602,1.8462928608187212e-7,1.0000003761050562
entidad,32,asistencia_edad,edad,07,98.776737,0.146825,Zacatecas,98.77673727495767,0.14682454787399815,2.7495767085383704e-7,0.9999969206470161
entidad,32,asistencia_edad,edad,08,98.754391,0.161297,Zacatecas,98.75439052946533,0.16129651540813408,-4.7053467255864234e-7,0.9999969956548113
entidad,32,asistencia_edad,edad,09,99.086804,0.102983,Zacatecas,99.08680449468717,0.10298344245558896,4.946871712263601e-7,1.0000042963944433
entidad,32,asistencia_edad,edad,10,98.649839,0.16716,Zacatecas,98.64983949140806,0.1671601692496109,4.914080591333914e-7,1.0000010125006635
entidad,32,asistencia_edad,edad,11,98.122378,0.205325,Zacatecas,98.12237832079366,0.20532498236548988,3.207936600801986e-7,0.9999999141141599
entidad,32,asistencia_edad,edad,12,96.065594,0.268571,Zacatecas,96.06559402118526,0.2685707385521042,2.1185257992328843e-8,0.9999990265222389
entidad,32,asistencia_edad,edad,13,94.347812,0.303561,Zacatecas,94.34781241153713,0.30356089771055217,4.1153712970753986e-7,0.9999996630349489
entidad,32,asistencia_edad,edad,14,88.29356,0.449036,Zacatecas,88.29356008655634,0.4490356687602641,8.655634076148999e-8,0.999999262331448
entidad,32,asistencia_edad,edad,15,77.337685,0.603141,Zacatecas,77.33768497100668,0.6031406777226056,-2.8993312639613578e-8,0.999999465668236
entidad,32,asistencia_edad,edad,16,71.505252,0.684657,Zacatecas,71.50525164838805,0.6846568217779719,-3.5161194489319314e-7,0.9999997396915127
entidad,32,asistencia_edad,edad,17,65.781326,0.704013,Zacatecas,65.7813263809679,0.7040127550908013,3.8096789012342924e-7,0.9999996521240393
entidad,32,asistencia_edad,edad,18,44.070249,0.90602,Zacatecas,44.07024862900784,0.9060199867367258,-3.7099215433045174e-7,0.9999999853609476
entidad,32,asistencia_edad,edad,19,41.800768,0.972892,Zacatecas,41.80076776920392,0.9728917574276632,-2.3079607558429416e-7,0.9999997506687929
entidad,32,asistencia_edad,edad_sexo,03|Mujeres,47.540984,1.124256,Zacatecas,47.540983606557376,1.1242557085455336,-3.934426260343571e-7,0.9999997407579179
entidad,32,asistencia_edad,edad_sexo,04|Mujeres,86.75102,0.785285,Zacatecas,86.75102040816327,0.7852850892278431,4.081632738461849e-7,1.0000001136247898
entidad,32,asistencia_edad,edad_sexo,05|Mujeres,92.738589,0.567929,Zacatecas,92.73858921161826,0.567929183082633,2.1161825713988947e-7,1.0000003223688751
entidad,32,asistencia_edad,edad_sexo,06|Mujeres,96.895866,0.388806,Zacatecas,96.8958658900412,0.3888059819399836,-1.0995880472819408e-7,0.9999999535500574
entidad,32,asistencia_edad,edad_sexo,07|Mujeres,98.689655,0.241043,Zacatecas,98.6896551724138,0.24104334689996612,1.7241379168808635e-7,1.0000014391621665
entidad,32,asistencia_edad,edad_sexo,08|Mujeres,99.068851,0.178725,Zacatecas,99.06885067627267,0.17872454404585963,-3.237273205058955e-7,0.9999974488508023
entidad,32,asistencia_edad,edad_sexo,09|Mujeres,99.081619,0.151323,Zacatecas,99.08161856097225,0.15132302387510518,-4.3902775814785855e-7,1.0000001577757853
entidad,32,asistencia_edad,edad_sexo,10|Mujeres,98.731434,0.232903,Zacatecas,98.7314336711927,0.23290284893141402,-3.2880728895179345e-7,0.9999993513669383
entidad,32,asistencia_edad,edad_sexo,11|Mujeres,98.337932,0.257971,Zacatecas,98.33793194061226,0.2579708043992095,-5.938773028901778e-8,0.9999992417721739
entidad,32,asistencia_edad,edad_sexo,12|Mujeres,96.955776,0.297612,Zacatecas,96.95577606272204,0.2976124494943543,6.272203734170034e-8,1.0000015103367952
entidad,32,asistencia_edad,edad_sexo,13|Mujeres,95.389752,0.389583,Zacatecas,95.38975215102093,0.3895832478316976,1.5102092731922312e-7,1.0000006361460783
entidad,32,asistencia_edad,edad_sexo,14|Mujeres,90.373768,0.575666,Zacatecas,90.37376805305894,0.5756655178818779,5.3058940352457284e-8,0.9999991625037399
entidad,32,asistencia_edad,edad_sexo,15|Mujeres,81.346335,0.768788,Zacatecas,81.34633532557409,0.7687879596633582,3.2557409213040955e-7,0.9999999475321651
entidad,32,asistencia_edad,edad_sexo,16|Mujeres,76.760753,0.880302,Zacatecas,76.76075268817203,0.8803023271878284,-3.118279607861041e-7,1.0000003716767978
entidad,32,asistencia_edad,edad_sexo,17|Mujeres,70.332217,0.899897,Zacatecas,70.3322173577131,0.8998972299677773,3.5771310535892553e-7,1.0000002555489989
entidad,32,asistencia_edad,edad_sexo,18|Mujeres,48.75305,1.213513,Zacatecas,48.753049606939555,1.2135127441972888,-3.930604464130738e-7,0.9999997892048036
entidad,32,asistencia_edad,edad_sexo,19|Mujeres,44.857228,1.242648,Zacatecas,44.85722828524443,1.2426480577485515,2.852444325185388e-7,1.0000000464721719
entidad,32,asistencia_edad,edad_sexo,03|Hombres,45.323031,1.152972,Zacatecas,45.32303139898077,1.1529715476326556,3.989807666471279e-7,0.9999996076510579
entidad,32,asistencia_edad,edad_sexo,04|Hombres,85.858825,0.800386,Zacatecas,85.8588253892973,0.8003858846679602,3.892972983976506e-7,0.9999998559044764
entidad,32,asistencia_edad,edad_sexo,05|Hombres,93.864277,0.475409,Zacatecas,93.86427693864276,0.47540909473943527,-6.135724106570706e-8,1.0000001992798522
entidad,32,asistencia_edad,edad_sexo,06|Hombres,98.224973,0.229023,Zacatecas,98.22497279651795,0.229022935891947,-2.03482059646376e-7,0.9999997200802845
entidad,32,asistencia_edad,edad_sexo,07|Hombres,98.864187,0.16509,Zacatecas,98.8641872705866,0.16509023144319246,2.705865966845522e-7,1.0000014019213306
entidad,32,asistencia_edad,edad_sexo,08|Hombres,98.465856,0.261938,Zacatecas,98.46585594013096,0.2619375429877253,-5.986903772736696e-8,0.9999982552654648
entidad,32,asistencia_edad,edad_sexo,09|Hombres,99.09182,0.135184,Zacatecas,99.09181969949915,0.1351844883669433,-3.0050084376398445e-7,1.000003612609061
entidad,32,asistencia_edad,edad_sexo,10|Hombres,98.570274,0.241294,Zacatecas,98.57027413439423,0.24129364300550593,1.3439422730243678e-7,0.9999985204999127
entidad,32,asistencia_edad,edad_sexo,11|Hombres,97.900918,0.293564,Zacatecas,97.90091792656588,0.29356418114904215,-7.343412278260075e-8,1.0000006170683127
entidad,32,asistencia_edad,edad_sexo,12|Hombres,95.160386,0.439732,Zacatecas,95.16038617253191,0.43973202827612856,1.725319123124791e-7,1.0000000643030948
entidad,32,asistencia_edad,edad_sexo,13|Hombres,93.347309,0.450076,Zacatecas,93.34730871200443,0.4500755746964829,-2.879955616208463e-7,0.9999990550406663
entidad,32,asistencia_edad,edad_sexo,14|Hombres,86.281329,0.642092,Zacatecas,86.2813286964864,0.6420923573918539,-3.0351360180702613e-7,1.0000005566053678
entidad,32,asistencia_edad,edad_sexo,15|Hombres,73.269918,0.858348,Zacatecas,73.26991828396324,0.858348204369457,2.839632315954077e-7,1.0000002380962698
entidad,32,asistencia_edad,edad_sexo,16|Hombres,66.394353,0.95904,Zacatecas,66.39435331024116,0.9590401143422559,3.102411625377499e-7,1.0000001192257424
entidad,32,asistencia_edad,edad_sexo,17|Hombres,61.116611,1.002411,Zacatecas,61.116610572163935,1.0024115002428524,-4.2783606346574743e-7,1.0000004990396678
entidad,32,asistencia_edad,edad_sexo,18|Hombres,39.453464,1.161149,Zacatecas,39.453464288100484,1.161149283331662,2.8810048746663597e-7,1.0000002440097369
entidad,32,asistencia_edad,edad_sexo,19|Hombres,38.506164,1.242361,Zacatecas,38.506163886874546,1.242360650617107,-1.1312545211694669e-7,0.9999997187750638
nacional,00,escolaridad_promedio_15mas,total,total,10.265,0.011964,Nacional,10.264999563338627,0.01196396129509888,-4.3666137372611047e-7,0.9999967648862319
nacional,00,nivel_sin_escolaridad_15mas,total,total,3.899979,0.016491,Nacional,3.899979187261434,0.01649107494380416,1.8726143391489813e-7,1.0000045445275703
nacional,00,escolaridad_promedio_15mas,sexo,Mujeres,10.19451,0.011793,Nacional,10.194510274471734,0.011793498453183822,2.744717342295644e-7,1.0000422668688054
nacional,00,nivel_sin_escolaridad_15mas,sexo,Mujeres,4.350823,0.019358,Nacional,4.350823300876438,0.019358521275609462,3.0087643754228566e-7,1.000026928174887
nacional,00,escolaridad_promedio_15mas,sexo,Hombres,10.343221,0.012533,Nacional,10.34322110819488,0.012533279293809575,1.081948806103128e-7,1.0000222846732287
nacional,00,nivel_sin_escolaridad_15mas,sexo,Hombres,3.399565,0.016688,Nacional,3.3995645345892487,0.016687802732355553,-4.654107512713779e-7,0.9999881790721208
entidad,01,escolaridad_promedio_15mas,total,total,10.955332,0.136567,Aguascalientes,10.955332456377718,0.13656677361224492,4.5637771783901826e-7,0.9999983422953197
entidad,01,nivel_sin_escolaridad_15mas,total,total,1.560778,0.097353,Aguascalientes,1.5607780366005517,0.0973525197976995,3.660055170051635e-8,0.9999950674113741
entidad,01,escolaridad_promedio_15mas,sexo,Mujeres,10.959261,0.136064,Aguascalientes,10.959260895671187,0.13606400172974312,-1.0432881225597157e-7,1.000000012712717
entidad,01,nivel_sin_escolaridad_15mas,sexo,Mujeres,1.584716,0.12386,Aguascalientes,1.584716405563311,0.12386036885228241,4.0556331093455356e-7,1.0000029779774133
entidad,01,escolaridad_promedio_15mas,sexo,Hombres,10.950948,0.140684,Aguascalientes,10.950947806515243,0.14068417980257214,-1.9348475710501134e-7,1.0000012780598515
entidad,01,nivel_sin_escolaridad_15mas,sexo,Hombres,1.534052,0.111976,Aguascalientes,1.5340516533808124,0.11197571747248802,-3.4661918757450394e-7,0.9999974768922628
entidad,02,escolaridad_promedio_15mas,total,total,10.599056,0.079028,Baja California,10.599055579043632,0.07902876039936146,-4.209563666535132e-7,1.0000096218980798
entidad,02,nivel_sin_escolaridad_15mas,total,total,2.065474,0.091574,Baja California,2.065474403005978,0.09157408291085407,4.0300597792253257e-7,1.000000905397319
entidad,02,escolaridad_promedio_15mas,sexo,Mujeres,10.561839,0.081829,Baja California,10.561839365641402,0.08182980284976904,3.6564140160066927e-7,1.000009811311015
entidad,02,nivel_sin_escolaridad_15mas,sexo,Mujeres,2.193786,0.11851,Baja California,2.193785642021193,0.1185096954201567,-3.579788065977141e-7,0.9999974299228478
entidad,02,escolaridad_promedio_15mas,sexo,Hombres,10.637369,0.08072,Baja California,10.637368511911982,0.08072120104069576,-4.88088018002486e-7,1.0000148790968255
entidad,02,nivel_sin_escolaridad_15mas,sexo,Hombres,1.933373,0.109468,Baja California,1.9333728970568558,0.10946848455185691,-1.0294314423120454e-7,1.0000044264246803
entidad,03,escolaridad_promedio_15mas,total,total,10.833713,0.07311,Baja California Sur,10.833713459109138,0.07311047559532231,4.5910913826219257e-7,1.0000065052020561
entidad,03,nivel_sin_escolaridad_15mas,total,total,2.376137,0.09552,Baja California Sur,2.376137378992392,0.09551972663832053,3.7899239213601277e-7,0.9999971381733725
entidad,03,escolaridad_promedio_15mas,sexo,Mujeres,10.939525,0.074431,Baja California Sur,10.93952459687495,0.07443109054144786,-4.031250497860128e-7,1.0000012164480911
entidad,03,nivel_sin_escolaridad_15mas,sexo,Mujeres,2.461423,0.112386,Baja California Sur,2.461422896046806,0.11238575273716214,-1.0395319405276382e-7,0.9999977998786517
entidad,03,escolaridad_promedio_15mas,sexo,Hombres,10.728028,0.075027,Baja California Sur,10.728028462569862,0.07502698584095757,4.625698615257079e-7,0.9999998112807066
entidad,03,nivel_sin_escolaridad_15mas,sexo,Hombres,2.290946,0.12166,Baja California Sur,2.290945599619541,0.12165959325588967,-4.00380459009142e-7,0.9999966567145295
entidad,04,escolaridad_promedio_15mas,total,total,10.098473,0.06337,Campeche,10.098472535580244,0.06336989811323504,-4.6441975598554563e-7,0.9999983921924419
entidad,04,nivel_sin_escolaridad_15mas,total,total,5.842725,0.18846,Campeche,5.842725085475497,0.18846026749457004,8.547549690263168e-8,1.0000014193705298
entidad,04,escolaridad_promedio_15mas,sexo,Mujeres,10.024349,0.063782,Campeche,10.024349497149446,0.06378170682338337,4.971494451666558e-7,0.9999954034583952
entidad,04,nivel_sin_escolaridad_15mas,sexo,Mujeres,6.312758,0.19663,Campeche,6.312758379281623,0.19663029954178385,3.79281622997496e-7,1.0000015233778359
entidad,04,escolaridad_promedio_15mas,sexo,Hombres,10.179302,0.066789,Campeche,10.179302193672411,0.06678941241574993,1.9367241144152558e-7,1.0000061749052978
entidad,04,nivel_sin_escolaridad_15mas,sexo,Hombres,5.330056,0.199469,Campeche,5.330056042783133,0.1994691684062885,4.2783133480384095e-8,1.0000008442729873
entidad,05,escolaridad_promedio_15mas,total,total,10.917558,0.059244,Coahuila de Zaragoza,10.917558166781266,0.05924363670463882,1.6678126613101085e-7,0.9999938678117417
entidad,05,nivel_sin_escolaridad_15mas,total,total,1.42488,0.05621,Coahuila de Zaragoza,1.424880283873635,0.05620978153381014,2.838736350430082e-7,0.9999961133928151
entidad,05,escolaridad_promedio_15mas,sexo,Mujeres,10.869007,0.05964,Coahuila de Zaragoza,10.869007196927546,0.05964019717616608,1.9692754626987607e-7,1.0000033061060711
entidad,05,nivel_sin_escolaridad_15mas,sexo,Mujeres,1.358803,0.062097,Coahuila de Zaragoza,1.3588028994385501,0.062096579216689894,-1.0056144983394688e-7,0.9999932237739326
entidad,05,escolaridad_promedio_15mas,sexo,Hombres,10.968272,0.061655,Coahuila de Zaragoza,10.96827244325277,0.06165509494091866,4.4325276959966686e-7,1.0000015398737923
entidad,05,nivel_sin_escolaridad_15mas,sexo,Hombres,1.493967,0.071841,Coahuila de Zaragoza,1.493966583068222,0.07184083150097792,-4.1693177799118075e-7,0.9999976545562829
entidad,06,escolaridad_promedio_15mas,total,total,10.635747,0.065443,Colima,10.635747326008296,0.06544328107997802,3.2600829591444835e-7,1.0000042950350383
entidad,06,nivel_sin_escolaridad_15mas,total,total,3.050134,0.101742,Colima,3.050133756068562,0.10174175224231487,-2.4393143771561654e-7,0.9999975648435736
entidad,06,escolaridad_promedio_15mas,sexo,Mujeres,10.701182,0.065366,Colima,10.701181955983651,0.0653661601169331,-4.4016347899855646e-8,1.0000024495446118
entidad,06,nivel_sin_escolaridad_15mas,sexo,Mujeres,3.022546,0.115795,Colima,3.0225455565615476,0.11579541060231321,-4.434384526241786e-7,1.0000035459416488
entidad,06,escolaridad_promedio_15mas,sexo,Hombres,10.565406,0.06955,Colima,10.565406167279727,0.06954995398970508,1.6727972784735812e-7,0.999999338457298
entidad,06,nivel_sin_escolaridad_15mas,sexo,Hombres,3.07978,0.120237,Colima,3.0797796535847404,0.1202369085637792,-3.4641525958889474e-7,0.9999992395334149
entidad,07,escolaridad_promedio_15mas,total,total,8.234525,0.035695,Chiapas,8.234525463543587,0.03569551703433876,4.635435875144367e-7,1.0000144847832682
entidad,07,nivel_sin_escolaridad_15mas,total,total,11.750428,0.108722,Chiapas,11.750428168020619,0.10872506551967355,1.6802061963971937e-7,1.0000281959462993
entidad,07,escolaridad_promedio_15mas,sexo,Mujeres,7.993708,0.03712,Chiapas,7.993708213612083,0.037121067168475165,2.1361208357717487e-7,1.0000287491507318
entidad,07,nivel_sin_escolaridad_15mas,sexo,Mujeres,13.556098,0.128485,Chiapas,13.556097736357229,0.12848890926214485,-2.636427716140588e-7,1.0000304258251536
entidad,07,escolaridad_promedio_15mas,sexo,Hombres,8.506935,0.035719,Chiapas,8.506935398733779,0.035719757512834543,3.98733778439464e-7,1.0000212075599693
entidad,07,nivel_sin_escolaridad_15mas,sexo,Hombres,9.707835,0.10187,Chiapas,9.70783518179024,0.10187168604500443,1.8179024152686907e-7,1.0000165509473293
entidad,08,escolaridad_promedio_15mas,total,total,10.506033,0.074313,Chihuahua,10.50603348170448,0.0743126035291015,4.817044789717784e-7,0.9999946648513921
entidad,08,nivel_sin_escolaridad_15mas,total,total,2.451518,0.085908,Chihuahua,2.4515176374077114,0.08590876459322444,-3.625922886385524e-7,1.0000089001399688
entidad,08,escolaridad_promedio_15mas,sexo,Mujeres,10.548475,0.074585,Chihuahua,10.548474781803966,0.07458552497085626,-2.1819603368555818e-7,1.000007038558105
entidad,08,nivel_sin_escolaridad_15mas,sexo,Mujeres,2.488393,0.102091,Chihuahua,2.488393237802178,0.1020913720810782,2.378021779492201e-7,1.000003644602151
entidad,08,escolaridad_promedio_15mas,sexo,Hombres,10.460732,0.078113,Chihuahua,10.460732185349617,0.07811277955425087,1.8534961654381732e-7,0.9999971778609306
entidad,08,nivel_sin_escolaridad_15mas,sexo,Hombres,2.412134,0.106815,Chihuahua,2.4121338216503023,0.10681505484894252,-1.7834969767704933e-7,1.0000005134947576
entidad,09,escolaridad_promedio_15mas,total,total,11.960577,0.056871,Ciudad de México,11.960576534495276,0.05687138055619996,-4.6550472454498504e-7,1.0000066915686372
entidad,09,nivel_sin_escolaridad_15mas,total,total,1.397055,0.047577,Ciudad de México,1.3970554955265078,0.04757737261862227,4.955265078265825e-7,1.0000078319066412
entidad,09,escolaridad_promedio_15mas,sexo,Mujeres,11.808453,0.054331,Ciudad de México,11.80845310700934,0.05433129327157205,1.0700934005569707e-7,1.0000053978681058
entidad,09,nivel_sin_escolaridad_15mas,sexo,Mujeres,1.683076,0.05841,Ciudad de México,1.6830761504890053,0.05840999878677902,1.504890052572705e-7,0.9999999792292249
entidad,09,escolaridad_promedio_15mas,sexo,Hombres,12.133871,0.061164,Ciudad de México,12.133870990238433,0.06116431000313776,-9.761565777921533e-9,1.0000050683921549
entidad,09,nivel_sin_escolaridad_15mas,sexo,Hombres,1.071076,0.046557,Ciudad de México,1.07107646157934,0.046557258364487875,4.6157934008306256e-7,1.000005549423027
entidad,10,escolaridad_promedio_15mas,total,total,10.336028,0.083241,Durango,10.336028483003643,0.08324128523615008,4.830036424152695e-7,1.0000034266305076
entidad,10,nivel_sin_escolaridad_15mas,total,total,2.139425,0.070912,Durango,2.139424708997503,0.0709158359873749,-2.910024972102576e-7,1.0000540950385675
entidad,10,escolaridad_promedio_15mas,sexo,Mujeres,10.421465,0.085239,Durango,10.421465493965407,0.08523870411397733,4.939654072444455e-7,0.9999965287483116
entidad,10,nivel_sin_escolaridad_15mas,sexo,Mujeres,2.090446,0.082343,Durango,2.0904464049966767,0.08234913067462118,4.04996676639513e-7,1.0000744528936423
entidad,10,escolaridad_promedio_15mas,sexo,Hombres,10.240778,0.084305,Durango,10.240778387559294,0.08430473294437371,3.87559293102413e-7,0.9999968322682369
entidad,10,nivel_sin_escolaridad_15mas,sexo,Hombres,2.194053,0.082817,Durango,2.194052672351513,0.08281888904991729,-3.276484870085028e-7,1.0000228099293296
entidad,11,escolaridad_promedio_15mas,total,total,9.577754,0.062716,Guanajuato,9.577754130736734,0.06271571388209989,1.307367334391074e-7,0.999995437880284
entidad,11,nivel_sin_escolaridad_15mas,total,total,4.908496,0.107867,Guanajuato,4.908496303155057,0.10786668420168383,3.0315505661349107e-7,0.9999970723361531
entidad,11,escolaridad_promedio_15mas,sexo,Mujeres,9.527741,0.058404,Guanajuato,9.527740682009307,0.05840373126804181,-3.1799069333260377e-7,0.9999953987405282
entidad,11,nivel_sin_escolaridad_15mas,sexo,Mujeres,5.169633,0.119321,Guanajuato,5.169633044002448,0.11932088396396487,4.400244790758734e-8,0.999999027530484
entidad,11,escolaridad_promedio_15mas,sexo,Hombres,9.634636,0.069638,Guanajuato,9.634636323120406,0.06963808337541916,3.2312040509907547e-7,1.0000011972690077
entidad,11,nivel_sin_escolaridad_15mas,sexo,Hombres,4.611455,0.115116,Guanajuato,4.61145463392166,0.1151157501271688,-3.660783400860623e-7,0.9999978293822649
entidad,12,escolaridad_promedio_15mas,total,total,8.983112,0.049498,Guerrero,8.98311213998882,0.0494989593409311,1.3998882053556372e-7,1.0000193814079579
entidad,12,nivel_sin_escolaridad_15mas,total,total,9.631574,0.136856,Guerrero,9.631574047336139,0.13686089959373066,4.733613856444663e-8,1.0000358010882289
entidad,12,escolaridad_promedio_15mas,sexo,Mujeres,8.893291,0.051456,Guerrero,8.893290539485463,0.05145691350046788,-4.6051453672646403e-7,1.0000177530408092
entidad,12,nivel_sin_escolaridad_15mas,sexo,Mujeres,10.819703,0.163122,Guerrero,10.819703096207107,0.1631265511110935,9.620710628155393e-8,1.000027900044712
entidad,12,escolaridad_promedio_15mas,sexo,Hombres,9.088075,0.049597,Guerrero,9.08807524462728,0.04959718846394333,2.446272802103522e-7,1.0000037999061098
entidad,12,nivel_sin_escolaridad_15mas,sexo,Hombres,8.24332,0.130586,Guerrero,8.243320116852509,0.13059043708344809,1.1685250811410697e-7,1.0000339782476535
entidad,13,escolaridad_promedio_15mas,total,total,9.97396,0.032485,Hidalgo,9.973960298534124,0.03248479446622111,2.9853412364388987e-7,0.9999936729635557
entidad,13,nivel_sin_escolaridad_15mas,total,total,4.766908,0.062294,Hidalgo,4.766907979269587,0.0622935673530039,-2.0730412941816212e-8,0.9999930547565399
entidad,13,escolaridad_promedio_15mas,sexo,Mujeres,9.953687,0.031564,Hidalgo,9.953686814285202,0.031564010021537414,-1.8571479820650438e-7,1.0000003174989676
entidad,13,nivel_sin_escolaridad_15mas,sexo,Mujeres,5.432805,0.073015,Hidalgo,5.432805369283785,0.07301451023473997,3.692837848845443e-7,0.9999932922651507
entidad,13,escolaridad_promedio_15mas,sexo,Hombres,9.997503,0.034877,Hidalgo,9.997503363146715,0.034876687698908546,3.63146714477125e-7,0.9999910456435057
entidad,13,nivel_sin_escolaridad_15mas,sexo,Hombres,3.993353,0.06089,Hidalgo,3.9933528645062917,0.060889960724093556,-1.3549370825316487e-7,0.9999993549695115
entidad,14,escolaridad_promedio_15mas,total,total,10.291086,0.067852,Jalisco,10.291085693288796,0.0678522143390662,-3.0671120399006213e-7,1.0000031589203886
entidad,14,nivel_sin_escolaridad_15mas,total,total,2.627983,0.059878,Jalisco,2.6279825580964933,0.0598781563609404,-4.419035066760557e-7,1.0000026113253682
entidad,14,escolaridad_promedio_15mas,sexo,Mujeres,10.268737,0.066517,Jalisco,10.268737086467814,0.06651705413729929,8.646781424204164e-8,1.0000008138866647
entidad,14,nivel_sin_escolaridad_15mas,sexo,Mujeres,2.726414,0.067123,Jalisco,2.7264144347746018,0.06712263787519898,4.3477460165419757e-7,0.9999946050563738
entidad,14,escolaridad_promedio_15mas,sexo,Hombres,10.315382,0.070677,Jalisco,10.315381970686259,0.0706767547297293,-2.9313740768088792e-8,0.9999965297017318
entidad,14,nivel_sin_escolaridad_15mas,sexo,Hombres,2.520929,0.067319,Jalisco,2.5209289214140793,0.06731907049251433,-7.858592088183514e-8,1.000001047141436
entidad,15,escolaridad_promedio_15mas,total,total,10.599244,0.032278,México,10.599243664590984,0.03227825830281899,-3.354090161167278e-7,1.0000080024418796
entidad,15,nivel_sin_escolaridad_15mas,total,total,2.528218,0.03824,México,2.5282178610289643,0.038240330845569305,-1.3897103556814727e-7,1.000008651819281
entidad,15,escolaridad_promedio_15mas,sexo,Mujeres,10.47162,0.031477,México,10.47162027393359,0.03147685586507472,2.7393359047778176e-7,0.9999954209446491
entidad,15,nivel_sin_escolaridad_15mas,sexo,Mujeres,3.087802,0.048615,México,3.087802457328216,0.048614617519216974,4.5732821618571506e-7,0.9999921324532958
entidad,15,escolaridad_promedio_15mas,sexo,Hombres,10.741516,0.034056,México,10.741515774017733,0.03405631908395607,-2.2598226756542772e-7,1.0000093693903003
entidad,15,nivel_sin_escolaridad_15mas,sexo,Hombres,1.904297,0.036384,México,1.904297424715472,0.03638438092552831,4.2471547212485916e-7,1.0000104695890586
entidad,16,escolaridad_promedio_15mas,total,total,9.230312,0.083265,Michoacán de Ocampo,9.23031153104745,0.08326536577564655,-4.6895254968148947e-7,1.0000043929099447
entidad,16,nivel_sin_escolaridad_15mas,total,total,6.119636,0.101547,Michoacán de Ocampo,6.119635773991024,0.10154651607612478,-2.2600897597868652e-7,0.9999952344837837
entidad,16,escolaridad_promedio_15mas,sexo,Mujeres,9.268243,0.08347,Michoacán de Ocampo,9.268243384439968,0.083469682126946,3.84439967859862e-7,0.999996191768851
entidad,16,nivel_sin_escolaridad_15mas,sexo,Mujeres,6.107656,0.110494,Michoacán de Ocampo,6.107655689978323,0.11049446700417201,-3.1002167766303046e-7,1.0000042265115936
entidad,16,escolaridad_promedio_15mas,sexo,Hombres,9.187298,0.084365,Michoacán de Ocampo,9.187297685301283,0.08436511090081125,-3.146987168634041e-7,1.000001314535782
entidad,16,nivel_sin_escolaridad_15mas,sexo,Hombres,6.133226,0.104337,Michoacán de Ocampo,6.1332259060447365,0.1043366494148903,-9.395526312516722e-8,0.9999966398774194
entidad,17,escolaridad_promedio_15mas,total,total,10.351195,0.049514,Morelos,10.35119482564807,0.049525313332099564,-1.7435193022663498e-7,1.0002284875408887
entidad,17,nivel_sin_escolaridad_15mas,total,total,3.923576,0.080158,Morelos,3.923576214800163,0.08015753758906133,2.148001629898033e-7,0.9999942312565351
entidad,17,escolaridad_promedio_15mas,sexo,Mujeres,10.329994,0.050311,Morelos,10.329994143501949,0.05032062285967062,1.4350194987855502e-7,1.0001912675095033
entidad,17,nivel_sin_escolaridad_15mas,sexo,Mujeres,4.260628,0.092047,Morelos,4.260627680808596,0.09204693981386756,-3.19191403974628e-7,0.999999346136947
entidad,17,escolaridad_promedio_15mas,sexo,Hombres,10.37538,0.050833,Morelos,10.375379935107354,0.0508451102241164,-6.489264592346444e-8,1.0002382354792436
entidad,17,nivel_sin_escolaridad_15mas,sexo,Hombres,3.539204,0.085736,Morelos,3.5392039347208715,0.08573585684628346,-6.527912832510196e-8,0.9999983302962986
entidad,18,escolaridad_promedio_15mas,total,total,10.310156,0.052344,Nayarit,10.310156321418777,0.05234599575093759,3.2141877781555195e-7,1.0000381275970043
entidad,18,nivel_sin_escolaridad_15mas,total,total,3.66816,0.09598,Nayarit,3.6681602117567422,0.09599384943850656,2.1175674236317832e-7,1.0001442950459112
entidad,18,escolaridad_promedio_15mas,sexo,Mujeres,10.493751,0.054879,Nayarit,10.493750722502297,0.05488080905355104,-2.774977030384207e-7,1.0000329644044361
entidad,18,nivel_sin_escolaridad_15mas,sexo,Mujeres,3.561861,0.114807,Nayarit,3.5618610831315234,0.114822794764097,8.313152344285868e-8,1.0001375766642886
entidad,18,escolaridad_promedio_15mas,sexo,Hombres,10.112526,0.05407,Nayarit,10.112525863105345,0.05407136433919208,-1.36894655611286e-7,1.0000252328313683
entidad,18,nivel_sin_escolaridad_15mas,sexo,Hombres,3.782652,0.104443,Nayarit,3.782651759333871,0.10445133627000561,-2.406661292475576e-7,1.0000798164549622
entidad,19,escolaridad_promedio_15mas,total,total,11.28159,0.059603,Nuevo León,11.281589921954668,0.05960310414524493,-7.804533197486307e-8,1.0000017473154863
entidad,19,nivel_sin_escolaridad_15mas,total,total,1.252809,0.04334,Nuevo León,1.2528092756662945,0.0433400635575624,2.756662944580768e-7,1.000001466487365
entidad,19,escolaridad_promedio_15mas,sexo,Mujeres,11.173726,0.059838,Nuevo León,11.173726289112542,0.05983829359511551,2.891125419068885e-7,1.0000049064994738
entidad,19,nivel_sin_escolaridad_15mas,sexo,Mujeres,1.351928,0.053779,Nuevo León,1.3519278655203584,0.053778568812939034,-1.344796416447025e-7,0.9999919822410055
entidad,19,escolaridad_promedio_15mas,sexo,Hombres,11.392958,0.060749,Nuevo León,11.392958446178747,0.06074898124354456,4.4617874728203333e-7,0.99999969124668
entidad,19,nivel_sin_escolaridad_15mas,sexo,Hombres,1.150451,0.04423,Nuevo León,1.1504512302676158,0.04422979573331947,2.3026761586386613e-7,0.9999953817164701
entidad,20,escolaridad_promedio_15mas,total,total,8.744115,0.024181,Oaxaca,8.744114908643802,0.024181345442905643,-9.135619905009662e-8,1.0000142857162915
entidad,20,nivel_sin_escolaridad_15mas,total,total,8.202591,0.062294,Oaxaca,8.202591071987312,0.06229434642027149,7.198731211133236e-8,1.0000055610535765
entidad,20,escolaridad_promedio_15mas,sexo,Mujeres,8.594357,0.024468,Oaxaca,8.594357155817686,0.02446836026440531,1.55817685865145e-7,1.000014723900822
entidad,20,nivel_sin_escolaridad_15mas,sexo,Mujeres,9.780392,0.073719,Oaxaca,9.780391826475844,0.07371944083138095,-1.7352415682125866e-7,1.000005979888237
entidad,20,escolaridad_promedio_15mas,sexo,Hombres,8.920865,0.024979,Oaxaca,8.920865034492987,0.024979188045566994,3.449298802138401e-8,1.0000075281463225
entidad,20,nivel_sin_escolaridad_15mas,sexo,Hombres,6.340644,0.058388,Oaxaca,6.340643999596793,0.05838793170703911,-4.0320724536968555e-10,0.9999988303596477
entidad,21,escolaridad_promedio_15mas,total,total,9.740051,0.075207,Puebla,9.74005053719693,0.07520652537739055,-4.628030687570117e-7,0.9999936891165789
entidad,21,nivel_sin_escolaridad_15mas,total,total,5.089891,0.105687,Puebla,5.089890700884257,0.10568745104147538,-2.991157428411384e-7,1.0000042677100816
entidad,21,escolaridad_promedio_15mas,sexo,Mujeres,9.632918,0.073415,Puebla,9.632918051867023,0.07341454634235711,5.186702267678811e-8,0.9999938206409742
entidad,21,nivel_sin_escolaridad_15mas,sexo,Mujeres,5.940815,0.13026,Puebla,5.940815456569571,0.13025988209222464,4.5656957148310084e-7,0.9999990948274577
entidad,21,escolaridad_promedio_15mas,sexo,Hombres,9.864804,0.078989,Puebla,9.864803627880466,0.07898905424691262,-3.721195334094318e-7,1.0000006867654054
entidad,21,nivel_sin_escolaridad_15mas,sexo,Hombres,4.098402,0.08882,Puebla,4.098401673802827,0.08881987093367268,-3.261971732726465e-7,0.9999985468776478
entidad,22,escolaridad_promedio_15mas,total,total,10.90522,0.074124,Querétaro,10.905220024075582,0.07412419590836494,2.4075582416571706e-8,1.0000026429815572
entidad,22,nivel_sin_escolaridad_15mas,total,total,3.159665,0.096156,Querétaro,3.159665345321869,0.09615555702615974,3.4532186887759053e-7,0.9999953931752541
entidad,22,escolaridad_promedio_15mas,sexo,Mujeres,10.78551,0.075464,Querétaro,10.785509807780134,0.07546355517789932,-1.922198666903796e-7,0.9999941055059276
entidad,22,nivel_sin_escolaridad_15mas,sexo,Mujeres,3.710512,0.12251,Querétaro,3.7105116244734497,0.12251033262709968,-3.755265503002647e-7,1.0000027151016218
entidad,22,escolaridad_promedio_15mas,sexo,Hombres,11.036989,0.076064,Querétaro,11.0369892420383,0.0760637022187357,2.4203830051305886e-7,0.9999960851222087
entidad,22,nivel_sin_escolaridad_15mas,sexo,Hombres,2.552622,0.092292,Querétaro,2.5526220254408005,0.09229225165138136,2.544080057731435e-8,1.0000027266868348
entidad,23,escolaridad_promedio_15mas,total,total,10.638413,0.128211,Quintana Roo,10.638413308333162,0.12821060370863,3.0833316166933855e-7,0.9999969090688786
entidad,23,nivel_sin_escolaridad_15mas,total,total,2.934559,0.177718,Quintana Roo,2.934559291406263,0.17771776080017035,2.914062626757641e-7,0.9999986540483821
entidad,23,escolaridad_promedio_15mas,sexo,Mujeres,10.56114,0.128607,Quintana Roo,10.561140170409331,0.1286066805044031,1.7040933109058187e-7,0.9999975157215634
entidad,23,nivel_sin_escolaridad_15mas,sexo,Mujeres,3.273745,0.210292,Quintana Roo,3.273744746095545,0.21029236463845324,-2.5390445479445134e-7,1.000001733962553
entidad,23,escolaridad_promedio_15mas,sexo,Hombres,10.716159,0.130462,Quintana Roo,10.71615931575363,0.13046171485112226,3.157536312414777e-7,0.9999978143146837
entidad,23,nivel_sin_escolaridad_15mas,sexo,Hombres,2.593125,0.205711,Quintana Roo,2.5931250053252546,0.20571094982411395,5.32525445962051e-9,0.9999997560855469
entidad,24,escolaridad_promedio_15mas,total,total,10.073433,0.059225,San Luis Potosí,10.073432769200156,0.05922492966246127,-2.3079984323715053e-7,0.9999988123674338
entidad,24,nivel_sin_escolaridad_15mas,total,total,3.911381,0.078217,San Luis Potosí,3.911380781346259,0.07821672711517888,-2.186537408910283e-7,0.9999965111827209
entidad,24,escolaridad_promedio_15mas,sexo,Mujeres,10.116727,0.05823,San Luis Potosí,10.116726637160562,0.05823030375143985,-3.6283943671833185e-7,1.0000052164080346
entidad,24,nivel_sin_escolaridad_15mas,sexo,Mujeres,4.004592,0.089165,San Luis Potosí,4.004591563973987,0.0891650297430524,-4.360260126290427e-7,1.000000333573178
entidad,24,escolaridad_promedio_15mas,sexo,Hombres,10.024914,0.063015,San Luis Potosí,10.024913585573804,0.06301490401709899,-4.1442619647114043e-7,0.9999984768245495
entidad,24,nivel_sin_escolaridad_15mas,sexo,Hombres,3.806899,0.084463,San Luis Potosí,3.806898670444266,0.08446275002009722,-3.2955573381343584e-7,0.9999970403620191
entidad,25,escolaridad_promedio_15mas,total,total,10.869802,0.054429,Sinaloa,10.869801543623272,0.054429315757445924,-4.563767284082587e-7,1.0000058012722248
entidad,25,nivel_sin_escolaridad_15mas,total,total,2.62,0.067553,Sinaloa,2.620000338928548,0.06755331100824444,3.389285478938575e-7,1.0000046039146215
entidad,25,escolaridad_promedio_15mas,sexo,Mujeres,10.975916,0.055639,Sinaloa,10.975916096427774,0.05563890583314246,9.642777420992843e-8,0.9999983075386413
entidad,25,nivel_sin_escolaridad_15mas,sexo,Mujeres,2.344996,0.076581,Sinaloa,2.3449961134631065,0.07658131284046699,1.1346310646587199e-7,1.0000040850924772
entidad,25,escolaridad_promedio_15mas,sexo,Hombres,10.754095,0.057459,Sinaloa,10.754095193707926,0.0574586790236595,1.937079261438157e-7,0.9999944138195843
entidad,25,nivel_sin_escolaridad_15mas,sexo,Hombres,2.919885,0.084431,Sinaloa,2.9198852541171996,0.08443075176659791,2.541171997272329e-7,0.9999970599258318
entidad,26,escolaridad_promedio_15mas,total,total,10.931432,0.058339,Sonora,10.931432311513788,0.058339466125117596,3.1151378898641724e-7,1.000007989940136
entidad,26,nivel_sin_escolaridad_15mas,total,total,1.848837,0.0538,Sonora,1.8488373360111923,0.05379973387134515,3.360111922035003e-7,0.9999950533707277
entidad,26,escolaridad_promedio_15mas,sexo,Mujeres,10.991264,0.057475,Sonora,10.991263602544652,0.05747511407186168,-3.974553468566455e-7,1.0000019847213863
entidad,26,nivel_sin_escolaridad_15mas,sexo,Mujeres,1.784533,0.06495,Sonora,1.7845329600635604,0.06495020439213992,-3.993643948874137e-8,1.0000031469151642
entidad,26,escolaridad_promedio_15mas,sexo,Hombres,10.868231,0.062561,Sonora,10.868230630325359,0.06256108510698892,-3.696746411208096e-7,1.0000013603840878
entidad,26,nivel_sin_escolaridad_15mas,sexo,Hombres,1.916792,0.068052,Sonora,1.916792450065212,0.06805184047984604,4.5006521198764915e-7,0.9999976559079239
entidad,27,escolaridad_promedio_15mas,total,total,10.204933,0.059246,Tabasco,10.204932766509222,0.059246118368493604,-2.3349077871159807e-7,1.0000019979153631
entidad,27,nivel_sin_escolaridad_15mas,total,total,3.552225,0.096007,Tabasco,3.5522248662500937,0.09600680011174975,-1.337499062614711e-7,0.9999979179825405
entidad,27,escolaridad_promedio_15mas,sexo,Mujeres,10.076573,0.059398,Tabasco,10.07657273520498,0.059397908247837014,-2.647950196887905e-7,0.9999984552987814
entidad,27,nivel_sin_escolaridad_15mas,sexo,Mujeres,4.017933,0.111757,Tabasco,4.017933276618229,0.1117568432669516,2.7661822876723363e-7,0.9999985975549773
entidad,27,escolaridad_promedio_15mas,sexo,Hombres,10.348184,0.061595,Tabasco,10.348184017768329,0.061595326591019385,1.7768329030332097e-8,1.0000053022326387
entidad,27,nivel_sin_escolaridad_15mas,sexo,Hombres,3.032254,0.103342,Tabasco,3.0322541590309995,0.10334195259288372,1.5903099948033628e-7,0.9999995412599303
entidad,28,escolaridad_promedio_15mas,total,total,10.537694,0.039004,Tamaulipas,10.53769448580677,0.039003928763045356,4.858067690349799e-7,0.9999981735987427
entidad,28,nivel_sin_escolaridad_15mas,total,total,2.56232,0.066718,Tamaulipas,2.5623199501243374,0.06671785449084619,-4.987566271097421e-8,0.9999978190420304
entidad,28,escolaridad_promedio_15mas,sexo,Mujeres,10.528154,0.039507,Tamaulipas,10.528153678590671,0.03950654424599918,-3.214093293735232e-7,0.9999884639683898
entidad,28,nivel_sin_escolaridad_15mas,sexo,Mujeres,2.658933,0.081525,Tamaulipas,2.658932544536136,0.08152465246455502,-4.5546386440165065e-7,0.9999957370690589
entidad,28,escolaridad_promedio_15mas,sexo,Hombres,10.547964,0.041325,Tamaulipas,10.54796409749574,0.041324850585140634,9.74957394817011e-8,0.9999963843954176
entidad,28,nivel_sin_escolaridad_15mas,sexo,Hombres,2.458345,0.078329,Tamaulipas,2.458344594841377,0.07832880144611253,-4.0515862309575823e-7,0.9999974651292948
entidad,29,escolaridad_promedio_15mas,total,total,10.342271,0.026236,Tlaxcala,10.342270990193265,0.02623619808597375,-9.806734979633802e-9,1.0000075501590848
entidad,29,nivel_sin_escolaridad_15mas,total,total,2.596724,0.044095,Tlaxcala,2.5967238030136794,0.0440950777379882,-1.969863205886213e-7,1.0000017629660551
entidad,29,escolaridad_promedio_15mas,sexo,Mujeres,10.29124,0.026542,Tlaxcala,10.291240059152434,0.026541756503498607,5.9152434062070824e-8,0.9999908259927137
entidad,29,nivel_sin_escolaridad_15mas,sexo,Mujeres,3.040707,0.052358,Tlaxcala,3.0407068993817368,0.0523583096224497,-1.0061826305474142e-7,1.0000059135652566
entidad,29,escolaridad_promedio_15mas,sexo,Hombres,10.400194,0.027359,Tlaxcala,10.400194111308638,0.0273591298362439,1.1130863697417226e-7,1.0000047456502028
entidad,29,nivel_sin_escolaridad_15mas,sexo,Hombres,2.092758,0.048166,Tlaxcala,2.092758314847269,0.04816560719700268,3.1484726914499106e-7,0.9999918448075962
entidad,30,escolaridad_promedio_15mas,total,total,9.31783,0.024675,Veracruz de Ignacio de la Llave,9.317830166705487,0.02467574982072482,1.6670548674824204e-7,1.0000303878713201
entidad,30,nivel_sin_escolaridad_15mas,total,total,6.783229,0.053875,Veracruz de Ignacio de la Llave,6.783229159279286,0.053875394850532395,1.5927928576076056e-7,1.0000073290122022
entidad,30,escolaridad_promedio_15mas,sexo,Mujeres,9.255777,0.024613,Veracruz de Ignacio de la Llave,9.25577678917209,0.024613796335255306,-2.1082790979676247e-7,1.0000323542540652
entidad,30,nivel_sin_escolaridad_15mas,sexo,Mujeres,7.484986,0.061863,Veracruz de Ignacio de la Llave,7.484985578105552,0.06186307006329109,-4.218944482659026e-7,1.0000011325556648
entidad,30,escolaridad_promedio_15mas,sexo,Hombres,9.389443,0.025743,Veracruz de Ignacio de la Llave,9.389443396307687,0.025743777164363206,3.9630768711163e-7,1.0000301893471315
entidad,30,nivel_sin_escolaridad_15mas,sexo,Hombres,5.973333,0.054505,Veracruz de Ignacio de la Llave,5.973332654372195,0.05450533835229343,-3.456278054869699e-7,1.0000062077294456
entidad,31,escolaridad_promedio_15mas,total,total,10.287351,0.081414,Yucatán,10.2873508303075,0.08141441259747313,-1.696925000516103e-7,1.0000050678933983
entidad,31,nivel_sin_escolaridad_15mas,total,total,4.378519,0.108811,Yucatán,4.378519438257839,0.10881103895739118,4.3825783890838466e-7,1.0000003580280594
entidad,31,escolaridad_promedio_15mas,sexo,Mujeres,10.224235,0.082566,Yucatán,10.22423532494355,0.08256631420571674,3.249435494012687e-7,1.0000038055097344
entidad,31,nivel_sin_escolaridad_15mas,sexo,Mujeres,4.76174,0.126564,Yucatán,4.761739923094453,0.1265637021211326,-7.690554681971662e-8,0.9999976464170901
entidad,31,escolaridad_promedio_15mas,sexo,Hombres,10.355543,0.08339,Yucatán,10.355542719164038,0.08338975414329279,-2.808359624850709e-7,0.9999970517243408
entidad,31,nivel_sin_escolaridad_15mas,sexo,Hombres,3.964669,0.117534,Yucatán,3.964668963640933,0.11753412994133325,-3.6359067312474735e-8,1.0000011055637794
entidad,32,escolaridad_promedio_15mas,total,total,9.809578,0.040742,Zacatecas,9.80957814871978,0.04074257203955732,1.4871977960240201e-7,1.0000140405369722
entidad,32,nivel_sin_escolaridad_15mas,total,total,2.961224,0.049549,Zacatecas,2.9612241527931302,0.04954860474410798,1.5279313014815443e-7,0.9999920229289789
entidad,32,escolaridad_promedio_15mas,sexo,Mujeres,9.981995,0.039593,Zacatecas,9.98199481479274,0.039593581456895816,-1.8520725930670778e-7,1.0000146858509285
entidad,32,nivel_sin_escolaridad_15mas,sexo,Mujeres,2.72094,0.053191,Zacatecas,2.720939774511203,0.053190610304593565,-2.2548879696770996e-7,0.9999926736589566
entidad,32,escolaridad_promedio_15mas,sexo,Hombres,9.613997,0.044122,Zacatecas,9.613997103021882,0.044122337125882045,1.0302188258037859e-7,1.000007640766104
entidad,32,nivel_sin_escolaridad_15mas,sexo,Hombres,3.233798,0.063845,Zacatecas,3.233797705514623,0.06384529797323552,-2.944853769726308e-7,1.0000046671350227
