{
"type": "FeatureCollection",
"name": "entidades",
"crs": { "type": "name", "properties": { "name": "urn:ogc:def:crs:OGC:1.3:CRS84" } },
"xy_coordinate_resolution": 1e-05,
"features": [
{ "type": "Feature", "properties": { "CVEGEO": "01", "CVE_ENT": "01", "NOMGEO": "Aguascalientes" }, "geometry": { "type": "Polygon", "coordinates": [ [ [ -102.29739, 22.45527 ], [ -102.29008, 22.41992 ], [ -102.27398, 22.41433 ], [ -102.2503, 22.38722 ], [ -102.2532, 22.37449 ], [ -102.21199, 22.3727 ], [ -102.21198, 22.36247 ], [ -102.17738, 22.36243 ], [ -102.18072, 22.3504 ], [ -102.14985, 22.34718 ], [ -102.15323, 22.29041 ], [ -102.10525, 22.28079 ], [ -102.07563, 22.30607 ], [ -102.05121, 22.29121 ], [ -102.03727, 22.29898 ], [ -102.02249, 22.24159 ], [ -102.00247, 22.24144 ], [ -101.99972, 22.23366 ], [ -102.00099, 22.16811 ], [ -102.02947, 22.16867 ], [ -102.04522, 22.15373 ], [ -102.01708, 22.15396 ], [ -102.02592, 22.12977 ], [ -101.98603, 22.12083 ], [ -101.86428, 22.04151 ], [ -101.85519, 22.04651 ], [ -101.8638, 21.99002 ], [ -101.89125, 21.97659 ], [ -101.89473, 21.98966 ], [ -101.9126, 21.99749 ], [ -101.89823, 21.98326 ], [ -101.89778, 21.95839 ], [ -101.8858, 21.93261 ], [ -101.87267, 21.94651 ], [ -101.83529, 21.94177 ], [ -101.838, 21.90734 ], [ -101.88021, 21.91015 ], [ -102.01995, 21.86254 ], [ -102.02079, 21.85117 ], [ -102.03842, 21.8532 ], [ -102.04174, 21.82307 ], [ -102.05512, 21.81636 ], [ -102.07196, 21.78265 ], [ -102.08307, 21.78707 ], [ -102.09457, 21.7777 ], [ -102.08618, 21.76726 ], [ -102.10206, 21.76104 ], [ -102.1421, 21.70537 ], [ -102.15486, 21.70004 ], [ -102.17143, 21.707 ], [ -102.17789, 21.68816 ], [ -102.21427, 21.69482 ], [ -102.22636, 21.65777 ], [ -102.23762, 21.652 ], [ -102.27522, 21.65397 ], [ -102.27944, 21.66444 ], [ -102.30399, 21.66668 ], [ -102.30265, 21.6546 ], [ -102.29537, 21.6531 ], [ -102.31017, 21.62663 ], [ -102.32105, 21.63009 ], [ -102.32572, 21.62227 ], [ -102.36687, 21.64275 ], [ -102.36953, 21.65059 ], [ -102.40749, 21.65948 ], [ -102.40459, 21.66559 ], [ -102.44145, 21.67342 ], [ -102.45121, 21.68196 ], [ -102.46107, 21.67926 ], [ -102.45213, 21.68691 ], [ -102.45686, 21.69809 ], [ -102.47576, 21.69495 ], [ -102.47652, 21.70208 ], [ -102.55249, 21.74265 ], [ -102.59628, 21.74405 ], [ -102.59677, 21.75498 ], [ -102.60631, 21.75106 ], [ -102.63349, 21.76734 ], [ -102.66893, 21.76405 ], [ -102.67877, 21.75317 ], [ -102.69067, 21.75244 ], [ -102.69626, 21.72877 ], [ -102.71561, 21.73409 ], [ -102.72212, 21.71955 ], [ -102.73522, 21.71567 ], [ -102.7757, 21.73459 ], [ -102.79231, 21.75499 ], [ -102.81692, 21.76648 ], [ -102.83126, 21.79725 ], [ -102.8424, 21.79853 ], [ -102.84225, 21.80476 ], [ -102.85335, 21.79905 ], [ -102.84731, 21.83341 ], [ -102.85805, 21.83323 ], [ -102.87418, 21.85277 ], [ -102.86338, 21.86377 ], [ -102.83825, 21.9393 ], [ -102.82322, 21.95554 ], [ -102.80105, 22.00394 ], [ -102.76099, 22.04629 ], [ -102.75581, 22.07366 ], [ -102.69087, 22.10656 ], [ -102.68612, 22.13791 ], [ -102.66942, 22.15959 ], [ -102.67589, 22.17557 ], [ -102.66672, 22.18094 ], [ -102.66931, 22.19402 ], [ -102.6516, 22.19314 ], [ -102.6393, 22.22604 ], [ -102.67002, 22.2457 ], [ -102.66874, 22.29187 ], [ -102.52704, 22.2909 ], [ -102.50663, 22.29381 ], [ -102.50127, 22.30427 ], [ -102.4702, 22.30921 ], [ -102.46066, 22.32369 ], [ -102.46102, 22.33176 ], [ -102.47119, 22.33625 ], [ -102.46864, 22.35188 ], [ -102.37844, 22.36088 ], [ -102.35925, 22.38495 ], [ -102.36288, 22.38875 ], [ -102.32136, 22.38853 ], [ -102.3118, 22.45692 ], [ -102.29739, 22.45527 ] ] ] } },
{ "type": "Feature", "properties": { "CVEGEO": "02", "CVE_ENT": "02", "NOMGEO": "Baja California" }, "geometry": { "type": "MultiPolygon", "coordinates": [ [ [ [ -114.12174, 28.09477 ], [ -114.11711, 28.09581 ], [ -114.11783, 28.08718 ], [ -114.12174, 28.09477 ] ] ], [ [ [ -112.30067, 28.38702 ], [ -112.29974, 28.37292 ], [ -112.32011, 28.37619 ], [ -112.31497, 28.38703 ], [ -112.30067, 28.38702 ] ] ], [ [ [ -115.54533, 28.31151 ], [ -115.53679, 28.30473 ], [ -115.54367, 28.29137 ], [ -115.54986, 28.30447 ], [ -115.54533, 28.31151 ] ] ], [ [ [ -115.57057, 28.30828 ], [ -115.56766, 28.31392 ], [ -115.56093, 28.30808 ], [ -115.57057, 28.30828 ] ] ], [ [ [ -115.59236, 28.31676 ], [ -115.58263, 28.30572 ], [ -115.57529, 28.31093 ], [ -115.58074, 28.29575 ], [ -115.60645, 28.3002 ], [ -115.60136, 28.31593 ], [ -115.59236, 28.31676 ] ] ], [ [ [ -115.21765, 28.37774 ], [ -115.19417, 28.36169 ], [ -115.19528, 28.33227 ], [ -115.17414, 28.30616 ], [ -115.16377, 28.26042 ], [ -115.17359, 28.21494 ], [ -115.15979, 28.19224 ], [ -115.15665, 28.16605 ], [ -115.1592, 28.13784 ], [ -115.18626, 28.10538 ], [ -115.18534, 28.03136 ], [ -115.21002, 28.03952 ], [ -115.22984, 28.02953 ], [ -115.25537, 28.0375 ], [ -115.26546, 28.07288 ], [ -115.28951, 28.09276 ], [ -115.33425, 28.08622 ], [ -115.34538, 28.0743 ], [ -115.35968, 28.08099 ], [ -115.35283, 28.08769 ], [ -115.35296, 28.11724 ], [ -115.31625, 28.13784 ], [ -115.24295, 28.2209 ], [ -115.23804, 28.2319 ], [ -115.25794, 28.27343 ], [ -115.25377, 28.28616 ], [ -115.26441, 28.29404 ], [ -115.24772, 28.31571 ], [ -115.25159, 28.33666 ], [ -115.23995, 28.34244 ], [ -115.24576, 28.35427 ], [ -115.21765, 28.37774 ] ] ], [ [ [ -112.89233, 28.67826 ], [ -112.86024, 28.673 ], [ -112.83867, 28.66116 ], [ -112.75256, 28.59153 ], [ -112.77216, 28.57686 ], [ -112.78261, 28.58036 ], [ -112.79891, 28.61058 ], [ -112.84377, 28.64018 ], [ -112.86785, 28.64397 ], [ -112.86679, 28.65287 ], [ -112.89233, 28.67826 ] ] ], [ [ [ -112.90366, 28.69853 ], [ -112.90472, 28.69829 ], [ -112.90416, 28.69932 ], [ -112.90366, 28.69853 ] ] ], [ [ [ -112.93139, 28.70935 ], [ -112.92078, 28.69969 ], [ -112.89761, 28.69723 ], [ -112.89507, 28.6799 ], [ -112.93137, 28.69643 ], [ -112.93139, 28.70935 ] ] ], [ [ [ -112.96418, 28.72464 ], [ -112.96194, 28.72331 ], [ -112.96447, 28.72375 ], [ -112.96418, 28.72464 ] ] ], [ [ [ -112.9671, 28.73384 ], [ -112.96582, 28.73369 ], [ -112.96603, 28.73333 ], [ -112.9671, 28.73384 ] ] ], [ [ [ -112.96567, 28.73113 ], [ -112.95084, 28.72742 ], [ -112.94629, 28.71716 ], [ -112.96567, 28.73113 ] ] ], [ [ [ -114.27868, 28.67041 ], [ -114.27766, 28.66869 ], [ -114.27938, 28.66935 ], [ -114.27868, 28.67041 ] ] ], [ [ [ -114.28044, 28.69291 ], [ -114.27836, 28.6938 ], [ -114.27862, 28.69297 ], [ -114.28044, 28.69291 ] ] ], [ [ [ -112.9851, 28.8264 ], [ -112.97574, 28.82549 ], [ -112.97583, 28.82181 ], [ -112.9816, 28.82101 ], [ -112.9851, 28.8264 ] ] ], [ [ [ -112.99939, 28.83687 ], [ -112.99891, 28.83634 ], [ -112.99956, 28.83639 ], [ -112.99939, 28.83687 ] ] ], [ [ [ -113.35752, 28.82651 ], [ -113.35828, 28.82741 ], [ -113.35736, 28.82794 ], [ -113.35752, 28.82651 ] ] ], [ [ [ -114.35236, 28.76776 ], [ -114.35113, 28.76715 ], [ -114.35232, 28.76716 ], [ -114.35236, 28.76776 ] ] ], [ [ [ -113.02998, 28.88584 ], [ -113.02775, 28.88758 ], [ -113.02686, 28.88584 ], [ -113.02998, 28.88584 ] ] ], [ [ [ -113.03653, 28.90061 ], [ -113.03275, 28.8957 ], [ -113.04446, 28.88365 ], [ -113.04803, 28.8944 ], [ -113.04078, 28.89078 ], [ -113.03653, 28.90061 ] ] ], [ [ [ -113.35919, 28.88341 ], [ -113.35799, 28.88249 ], [ -113.35991, 28.88258 ], [ -113.35919, 28.88341 ] ] ], [ [ [ -113.0443, 28.9112 ], [ -113.04283, 28.91156 ], [ -113.04326, 28.91069 ], [ -113.0443, 28.9112 ] ] ], [ [ [ -113.38365, 28.92409 ], [ -113.38528, 28.92471 ], [ -113.38455, 28.92655 ], [ -113.38365, 28.92409 ] ] ], [ [ [ -113.48229, 28.95644 ], [ -113.48297, 28.95589 ], [ -113.48305, 28.95617 ], [ -113.48229, 28.95644 ] ] ], [ [ [ -113.47462, 28.95719 ], [ -113.47644, 28.95537 ], [ -113.47741, 28.95589 ], [ -113.47462, 28.95719 ] ] ], [ [ [ -113.47709, 28.9749 ], [ -113.48138, 28.9673 ], [ -113.48511, 28.9789 ], [ -113.47709, 28.9749 ] ] ], [ [ [ -113.52071, 28.99704 ], [ -113.51835, 28.99772 ], [ -113.51808, 28.99512 ], [ -113.52071, 28.99704 ] ] ], [ [ [ -113.52124, 28.9984 ], [ -113.51966, 28.9989 ], [ -113.52013, 28.99788 ], [ -113.52124, 28.9984 ] ] ], [ [ [ -113.51254, 29.00272 ], [ -113.50198, 28.99398 ], [ -113.51144, 28.98872 ], [ -113.51696, 28.99384 ], [ -113.51254, 29.00272 ] ] ], [ [ [ -113.52393, 29.00546 ], [ -113.52111, 29.00528 ], [ -113.52431, 29.0016 ], [ -113.52393, 29.00546 ] ] ], [ [ [ -113.51517, 29.01161 ], [ -113.51407, 29.00973 ], [ -113.51587, 29.00971 ], [ -113.51517, 29.01161 ] ] ], [ [ [ -113.52505, 29.01329 ], [ -113.52409, 29.01195 ], [ -113.525, 29.01072 ], [ -113.52505, 29.01329 ] ] ], [ [ [ -113.50506, 29.0142 ], [ -113.50653, 29.01387 ], [ -113.50511, 29.01493 ], [ -113.50506, 29.0142 ] ] ], [ [ [ -113.51635, 29.01341 ], [ -113.51079, 29.01407 ], [ -113.51109, 29.01336 ], [ -113.51635, 29.01341 ] ] ], [ [ [ -113.46941, 29.02418 ], [ -113.46105, 29.01633 ], [ -113.46302, 29.01172 ], [ -113.46698, 29.01486 ], [ -113.46941, 29.02418 ] ] ], [ [ [ -113.499, 29.02739 ], [ -113.49828, 29.02744 ], [ -113.49831, 29.02713 ], [ -113.499, 29.02739 ] ] ], [ [ [ -113.08345, 29.0689 ], [ -113.08485, 29.06315 ], [ -113.08767, 29.06204 ], [ -113.09258, 29.06291 ], [ -113.09508, 29.06195 ], [ -113.09731, 29.06156 ], [ -113.0975, 29.06183 ], [ -113.08345, 29.0689 ] ] ], [ [ [ -114.6158, 28.96571 ], [ -114.61619, 28.96531 ], [ -114.61621, 28.96573 ], [ -114.6158, 28.96571 ] ] ], [ [ [ -113.513, 29.06142 ], [ -113.51232, 29.06182 ], [ -113.51259, 29.06109 ], [ -113.513, 29.06142 ] ] ], [ [ [ -113.52185, 29.06964 ], [ -113.51587, 29.06722 ], [ -113.51489, 29.06482 ], [ -113.52185, 29.06964 ] ] ], [ [ [ -113.52464, 29.09552 ], [ -113.50234, 29.09042 ], [ -113.50818, 29.08024 ], [ -113.50273, 29.04983 ], [ -113.48918, 29.03769 ], [ -113.50473, 29.03923 ], [ -113.50285, 29.04909 ], [ -113.51379, 29.0521 ], [ -113.50972, 29.062 ], [ -113.52464, 29.09552 ] ] ], [ [ [ -113.53004, 29.09846 ], [ -113.52728, 29.0981 ], [ -113.53085, 29.09617 ], [ -113.53004, 29.09846 ] ] ], [ [ [ -113.60821, 29.16813 ], [ -113.60693, 29.16676 ], [ -113.60806, 29.16604 ], [ -113.60821, 29.16813 ] ] ], [ [ [ -113.51391, 29.55148 ], [ -113.51153, 29.53816 ], [ -113.47439, 29.5311 ], [ -113.47641, 29.52588 ], [ -113.431, 29.49206 ], [ -113.4254, 29.47385 ], [ -113.39336, 29.45925 ], [ -113.36334, 29.39544 ], [ -113.35204, 29.38735 ], [ -113.37614, 29.34951 ], [ -113.36679, 29.30785 ], [ -113.34497, 29.29575 ], [ -113.30443, 29.29131 ], [ -113.29444, 29.28125 ], [ -113.27603, 29.29055 ], [ -113.27427, 29.28481 ], [ -113.26054, 29.28966 ], [ -113.25546, 29.28277 ], [ -113.23747, 29.28907 ], [ -113.20717, 29.28471 ], [ -113.18354, 29.28955 ], [ -113.16759, 29.27889 ], [ -113.17862, 29.24767 ], [ -113.16703, 29.19104 ], [ -113.17456, 29.12778 ], [ -113.15387, 29.09504 ], [ -113.14837, 29.06619 ], [ -113.1235, 29.05637 ], [ -113.1002, 29.05623 ], [ -113.11515, 29.02856 ], [ -113.11615, 28.98699 ], [ -113.15463, 29.01502 ], [ -113.18859, 29.02836 ], [ -113.20035, 29.048 ], [ -113.24395, 29.06713 ], [ -113.26402, 29.10455 ], [ -113.30069, 29.1451 ], [ -113.35061, 29.16858 ], [ -113.36387, 29.18744 ], [ -113.40441, 29.20947 ], [ -113.43031, 29.24296 ], [ -113.42783, 29.25501 ], [ -113.44282, 29.27568 ], [ -113.49692, 29.28379 ], [ -113.50729, 29.32319 ], [ -113.52548, 29.33482 ], [ -113.56993, 29.40015 ], [ -113.58822, 29.40892 ], [ -113.59226, 29.45103 ], [ -113.56362, 29.5052 ], [ -113.57212, 29.53836 ], [ -113.55869, 29.54601 ], [ -113.56035, 29.53619 ], [ -113.5455, 29.53399 ], [ -113.52478, 29.54328 ], [ -113.526, 29.55079 ], [ -113.51391, 29.55148 ] ] ], [ [ [ -113.55871, 29.55426 ], [ -113.55755, 29.54876 ], [ -113.55903, 29.5461 ], [ -113.55871, 29.55426 ] ] ], [ [ [ -113.53978, 29.5664 ], [ -113.53436, 29.56201 ], [ -113.5453, 29.56541 ], [ -113.53978, 29.5664 ] ] ], [ [ [ -113.57934, 29.56099 ], [ -113.55966, 29.56087 ], [ -113.56051, 29.55531 ], [ -113.56217, 29.56018 ], [ -113.5757, 29.54599 ], [ -113.57934, 29.56099 ] ] ], [ [ [ -118.26148, 29.18485 ], [ -118.28238, 29.15776 ], [ -118.28745, 29.13306 ], [ -118.28239, 29.10861 ], [ -118.25354, 29.09465 ], [ -118.22807, 29.06199 ], [ -118.22146, 29.01078 ], [ -118.22901, 28.97495 ], [ -118.22097, 28.96257 ], [ -118.22795, 28.92177 ], [ -118.23856, 28.91528 ], [ -118.24823, 28.891 ], [ -118.29575, 28.87948 ], [ -118.28251, 28.89625 ], [ -118.29841, 28.93575 ], [ -118.29092, 28.96768 ], [ -118.31355, 28.98004 ], [ -118.30532, 28.98656 ], [ -118.305, 29.00446 ], [ -118.31711, 29.03784 ], [ -118.36465, 29.07755 ], [ -118.35119, 29.11461 ], [ -118.36526, 29.14637 ], [ -118.33396, 29.16945 ], [ -118.31585, 29.1753 ], [ -118.29489, 29.17151 ], [ -118.26465, 29.19063 ], [ -118.26148, 29.18485 ] ] ], [ [ [ -115.49963, 29.61493 ], [ -115.50029, 29.61453 ], [ -115.49966, 29.61502 ], [ -115.49963, 29.61493 ] ] ], [ [ [ -114.3821, 29.8226 ], [ -114.3784, 29.8139 ], [ -114.36991, 29.80902 ], [ -114.36957, 29.80634 ], [ -114.3807, 29.8131 ], [ -114.3923, 29.8098 ], [ -114.39604, 29.81953 ], [ -114.3821, 29.8226 ] ] ], [ [ [ -115.79486, 29.79261 ], [ -115.78819, 29.79338 ], [ -115.7951, 29.78656 ], [ -115.79486, 29.79261 ] ] ], [ [ [ -114.41746, 29.98801 ], [ -114.40196, 29.98276 ], [ -114.39169, 29.96184 ], [ -114.41532, 29.94866 ], [ -114.41237, 29.96095 ], [ -114.42372, 29.96696 ], [ -114.41563, 29.97514 ], [ -114.41746, 29.98801 ] ] ], [ [ [ -114.39088, 29.99344 ], [ -114.38701, 29.99204 ], [ -114.38957, 29.98868 ], [ -114.39088, 29.99344 ] ] ], [ [ [ -114.47361, 30.02282 ], [ -114.4733, 30.01421 ], [ -114.47498, 30.01295 ], [ -114.47996, 30.02024 ], [ -114.47361, 30.02282 ] ] ], [ [ [ -114.49108, 30.04744 ], [ -114.49126, 30.05334 ], [ -114.48924, 30.05472 ], [ -114.48652, 30.05125 ], [ -114.49108, 30.04744 ] ] ], [ [ [ -114.55389, 30.08976 ], [ -114.54013, 30.09225 ], [ -114.53518, 30.08326 ], [ -114.55389, 30.08976 ] ] ], [ [ [ -114.62554, 30.13118 ], [ -114.62725, 30.13039 ], [ -114.62651, 30.13143 ], [ -114.62554, 30.13118 ] ] ], [ [ [ -116.11257, 30.4973 ], [ -116.09994, 30.48489 ], [ -116.10796, 30.48039 ], [ -116.12358, 30.48586 ], [ -116.11257, 30.4973 ] ] ], [ [ [ -114.74652, 31.80186 ], [ -114.73047, 31.76487 ], [ -114.66694, 31.71691 ], [ -114.65231, 31.67873 ], [ -114.66817, 31.67629 ], [ -114.71164, 31.71032 ], [ -114.6897, 31.68172 ], [ -114.70019, 31.68027 ], [ -114.7043, 31.68702 ], [ -114.7175, 31.68118 ], [ -114.72527, 31.68636 ], [ -114.72209, 31.69457 ], [ -114.76385, 31.70567 ], [ -114.7911, 31.73 ], [ -114.80023, 31.7631 ], [ -114.79994, 31.81264 ], [ -114.7697, 31.81683 ], [ -114.74652, 31.80186 ] ] ], [ [ [ -116.79705, 31.80314 ], [ -116.78879, 31.80659 ], [ -116.78694, 31.79097 ], [ -116.79705, 31.80314 ] ] ], [ [ [ -116.80928, 31.80989 ], [ -116.80121, 31.81198 ], [ -116.80141, 31.8059 ], [ -116.80928, 31.80989 ] ] ], [ [ [ -117.25063, 32.4198 ], [ -117.2394, 32.39677 ], [ -117.24153, 32.39077 ], [ -117.25063, 32.4198 ] ] ], [ [ [ -117.25961, 32.41471 ], [ -117.25939, 32.4198 ], [ -117.25728, 32.4185 ], [ -117.25961, 32.41471 ] ] ], [ [ [ -117.30004, 32.44034 ], [ -117.29674, 32.44368 ], [ -117.29408, 32.43372 ], [ -117.30004, 32.44034 ] ] ], [ [ [ -117.1245, 32.53426 ], [ -114.71972, 32.71865 ], [ -114.76464, 32.64317 ], [ -114.78543, 32.62237 ], [ -114.80792, 32.62035 ], [ -114.80132, 32.58835 ], [ -114.81225, 32.56223 ], [ -114.79181, 32.55785 ], [ -114.80432, 32.54433 ], [ -114.81593, 32.48298 ], [ -114.84908, 32.47342 ], [ -114.88387, 32.49227 ], [ -114.90013, 32.48348 ], [ -114.935, 32.48187 ], [ -114.93935, 32.4684 ], [ -114.93194, 32.4397 ], [ -114.96145, 32.41171 ], [ -114.9545, 32.39335 ], [ -114.96845, 32.39065 ], [ -114.96188, 32.35475 ], [ -114.96659, 32.33879 ], [ -115.03643, 32.27776 ], [ -115.05302, 32.24517 ], [ -114.97532, 32.178 ], [ -114.98974, 32.14638 ], [ -114.95701, 32.03864 ], [ -114.96743, 31.99688 ], [ -114.96548, 31.91842 ], [ -114.94513, 31.91012 ], [ -114.93788, 31.89078 ], [ -114.91362, 31.88134 ], [ -114.90969, 31.86726 ], [ -114.89072, 31.87233 ], [ -114.84319, 31.86355 ], [ -114.82569, 31.82882 ], [ -114.80688, 31.81668 ], [ -114.82169, 31.73289 ], [ -114.81343, 31.71822 ], [ -114.81898, 31.71314 ], [ -114.79085, 31.67641 ], [ -114.78363, 31.63123 ], [ -114.79162, 31.6146 ], [ -114.80524, 31.60912 ], [ -114.81189, 31.61346 ], [ -114.81414, 31.6065 ], [ -114.82967, 31.621 ], [ -114.83589, 31.61735 ], [ -114.83736, 31.59326 ], [ -114.84642, 31.59529 ], [ -114.85533, 31.58554 ], [ -114.86138, 31.53573 ], [ -114.86867, 31.52798 ], [ -114.85296, 31.48677 ], [ -114.85671, 31.43257 ], [ -114.86298, 31.43081 ], [ -114.85512, 31.42957 ], [ -114.85391, 31.42724 ], [ -114.86238, 31.41851 ], [ -114.87032, 31.42196 ], [ -114.87377, 31.40038 ], [ -114.85681, 31.39446 ], [ -114.85278, 31.38269 ], [ -114.87854, 31.34048 ], [ -114.88554, 31.30588 ], [ -114.87955, 31.29724 ], [ -114.89007, 31.28451 ], [ -114.88437, 31.27243 ], [ -114.89469, 31.26484 ], [ -114.88143, 31.26275 ], [ -114.89094, 31.15282 ], [ -114.87031, 31.09399 ], [ -114.81417, 31.05217 ], [ -114.8117, 31.04404 ], [ -114.82427, 31.03953 ], [ -114.83264, 31.02234 ], [ -114.83409, 31.00175 ], [ -114.82853, 30.99675 ], [ -114.82464, 30.99911 ], [ -114.82191, 30.99683 ], [ -114.82955, 30.99414 ], [ -114.82109, 30.99593 ], [ -114.82303, 30.98798 ], [ -114.81061, 30.97867 ], [ -114.72021, 30.937 ], [ -114.70996, 30.90624 ], [ -114.70211, 30.86624 ], [ -114.70973, 30.84523 ], [ -114.69696, 30.81725 ], [ -114.70015, 30.76975 ], [ -114.69317, 30.74433 ], [ -114.70536, 30.71229 ], [ -114.69442, 30.67738 ], [ -114.69851, 30.63214 ], [ -114.67785, 30.58871 ], [ -114.65254, 30.55717 ], [ -114.64882, 30.52702 ], [ -114.63032, 30.48942 ], [ -114.63924, 30.45404 ], [ -114.6305, 30.41931 ], [ -114.64357, 30.37704 ], [ -114.63485, 30.34949 ], [ -114.63611, 30.34468 ], [ -114.63831, 30.34876 ], [ -114.64162, 30.34884 ], [ -114.65616, 30.28423 ], [ -114.63974, 30.25847 ], [ -114.66772, 30.19142 ], [ -114.64021, 30.15247 ], [ -114.63324, 30.12641 ], [ -114.60183, 30.10492 ], [ -114.58328, 30.07137 ], [ -114.57619, 30.03315 ], [ -114.5659, 30.02694 ], [ -114.5651, 30.01113 ], [ -114.55121, 30.00181 ], [ -114.53617, 29.97026 ], [ -114.48747, 29.94877 ], [ -114.47089, 29.91353 ], [ -114.43653, 29.91061 ], [ -114.41298, 29.89069 ], [ -114.41327, 29.84812 ], [ -114.39406, 29.82798 ], [ -114.40324, 29.82762 ], [ -114.40966, 29.81597 ], [ -114.39909, 29.80319 ], [ -114.39741, 29.80746 ], [ -114.39286, 29.81012 ], [ -114.39605, 29.79464 ], [ -114.38772, 29.77865 ], [ -114.35353, 29.7685 ], [ -114.3424, 29.7466 ], [ -114.32986, 29.74269 ], [ -114.29532, 29.74256 ], [ -114.28145, 29.75969 ], [ -114.29105, 29.75666 ], [ -114.29271, 29.76722 ], [ -114.28446, 29.76522 ], [ -114.28026, 29.77251 ], [ -114.20752, 29.74382 ], [ -114.18137, 29.70808 ], [ -114.15928, 29.69106 ], [ -114.14432, 29.6913 ], [ -114.11081, 29.65303 ], [ -114.06397, 29.6295 ], [ -114.04663, 29.59685 ], [ -113.98032, 29.56686 ], [ -113.89689, 29.48487 ], [ -113.86217, 29.46218 ], [ -113.83626, 29.45622 ], [ -113.8256, 29.42929 ], [ -113.7722, 29.4097 ], [ -113.7616, 29.3915 ], [ -113.726, 29.36685 ], [ -113.69486, 29.3245 ], [ -113.63761, 29.28371 ], [ -113.62528, 29.25329 ], [ -113.65296, 29.22421 ], [ -113.6563, 29.20932 ], [ -113.6392, 29.19807 ], [ -113.64301, 29.18426 ], [ -113.63533, 29.17335 ], [ -113.62715, 29.17539 ], [ -113.62088, 29.16094 ], [ -113.60914, 29.16366 ], [ -113.59328, 29.1304 ], [ -113.5714, 29.11659 ], [ -113.56295, 29.08595 ], [ -113.53871, 29.05803 ], [ -113.53447, 29.03235 ], [ -113.5491, 29.03996 ], [ -113.56305, 29.00734 ], [ -113.54719, 28.98503 ], [ -113.54179, 28.95578 ], [ -113.54535, 28.96251 ], [ -113.55737, 28.94675 ], [ -113.52608, 28.89307 ], [ -113.4795, 28.89434 ], [ -113.47148, 28.91423 ], [ -113.48735, 28.92804 ], [ -113.47439, 28.94352 ], [ -113.47996, 28.9478 ], [ -113.45788, 28.94394 ], [ -113.44684, 28.9512 ], [ -113.45552, 28.9442 ], [ -113.44724, 28.93967 ], [ -113.4383, 28.95979 ], [ -113.42413, 28.94912 ], [ -113.42868, 28.93507 ], [ -113.41437, 28.9237 ], [ -113.38553, 28.93958 ], [ -113.39391, 28.91505 ], [ -113.36781, 28.90387 ], [ -113.37811, 28.90206 ], [ -113.38051, 28.8938 ], [ -113.35715, 28.87389 ], [ -113.37031, 28.86125 ], [ -113.37072, 28.83716 ], [ -113.36406, 28.82243 ], [ -113.35143, 28.81685 ], [ -113.35387, 28.80551 ], [ -113.312, 28.80344 ], [ -113.28329, 28.82814 ], [ -113.25155, 28.84072 ], [ -113.22075, 28.82499 ], [ -113.21226, 28.80309 ], [ -113.19644, 28.79255 ], [ -113.18932, 28.73017 ], [ -113.17506, 28.71147 ], [ -113.15883, 28.66007 ], [ -113.12879, 28.63231 ], [ -113.13017, 28.59802 ], [ -113.10381, 28.50537 ], [ -113.01535, 28.45745 ], [ -112.97097, 28.45681 ], [ -112.90305, 28.47507 ], [ -112.88499, 28.46333 ], [ -112.88271, 28.45097 ], [ -112.87423, 28.45012 ], [ -112.88249, 28.43791 ], [ -112.86672, 28.42529 ], [ -112.859, 28.44024 ], [ -112.84652, 28.44078 ], [ -112.84417, 28.42197 ], [ -112.85985, 28.40388 ], [ -112.84931, 28.3821 ], [ -112.85285, 28.36599 ], [ -112.8755, 28.31163 ], [ -112.86826, 28.29983 ], [ -112.87319, 28.28255 ], [ -112.80171, 28.20369 ], [ -112.78662, 28.19674 ], [ -112.79605, 28.18768 ], [ -112.81181, 28.13759 ], [ -112.80304, 28.08452 ], [ -112.78884, 28.06783 ], [ -112.80047, 28.0524 ], [ -112.80463, 28.02755 ], [ -112.79062, 28.00664 ], [ -112.76478, 28.0 ], [ -114.20544, 28.0 ], [ -114.13626, 28.0851 ], [ -114.11971, 28.08146 ], [ -114.11603, 28.07167 ], [ -114.11509, 28.04831 ], [ -114.13542, 28.02952 ], [ -114.12746, 28.01283 ], [ -114.11373, 28.02593 ], [ -114.11981, 28.03652 ], [ -114.11851, 28.03727 ], [ -114.11504, 28.02908 ], [ -114.11273, 28.02533 ], [ -114.11173, 28.0248 ], [ -114.11161, 28.02421 ], [ -114.11071, 28.02361 ], [ -114.10774, 28.0335 ], [ -114.09337, 28.03602 ], [ -114.10703, 28.02264 ], [ -114.1014, 28.01753 ], [ -114.10208, 28.02422 ], [ -114.0837, 28.02644 ], [ -114.07261, 28.04648 ], [ -114.0612, 28.04625 ], [ -114.09183, 28.06494 ], [ -114.09245, 28.05793 ], [ -114.0992, 28.05915 ], [ -114.10055, 28.10814 ], [ -114.10989, 28.11944 ], [ -114.05929, 28.20873 ], [ -114.06105, 28.17144 ], [ -114.07704, 28.1457 ], [ -114.07614, 28.115 ], [ -114.06088, 28.0822 ], [ -114.04814, 28.07995 ], [ -114.04041, 28.09073 ], [ -114.05403, 28.12332 ], [ -114.03897, 28.17074 ], [ -114.05634, 28.17276 ], [ -114.0501, 28.19048 ], [ -114.03685, 28.1808 ], [ -114.0354, 28.18539 ], [ -114.05125, 28.20103 ], [ -114.06477, 28.26044 ], [ -114.07765, 28.26329 ], [ -114.07917, 28.27107 ], [ -114.07993, 28.25691 ], [ -114.07644, 28.25092 ], [ -114.07487, 28.24999 ], [ -114.07398, 28.24907 ], [ -114.07396, 28.24841 ], [ -114.08258, 28.25712 ], [ -114.08159, 28.25173 ], [ -114.09254, 28.25001 ], [ -114.08202, 28.24643 ], [ -114.10311, 28.2388 ], [ -114.12496, 28.25684 ], [ -114.0812, 28.34435 ], [ -114.04735, 28.44263 ], [ -114.04584, 28.46498 ], [ -114.06922, 28.48854 ], [ -114.06937, 28.51443 ], [ -114.08658, 28.52279 ], [ -114.09619, 28.54597 ], [ -114.11102, 28.55606 ], [ -114.13334, 28.56327 ], [ -114.14966, 28.55955 ], [ -114.16126, 28.56912 ], [ -114.1563, 28.61948 ], [ -114.17629, 28.65249 ], [ -114.22494, 28.66666 ], [ -114.24017, 28.66625 ], [ -114.24541, 28.65291 ], [ -114.25898, 28.66396 ], [ -114.26923, 28.66003 ], [ -114.27061, 28.69048 ], [ -114.28283, 28.70394 ], [ -114.30156, 28.70562 ], [ -114.31595, 28.72691 ], [ -114.34719, 28.73089 ], [ -114.34862, 28.77231 ], [ -114.35978, 28.77988 ], [ -114.37312, 28.81137 ], [ -114.3862, 28.80657 ], [ -114.39687, 28.8162 ], [ -114.40626, 28.86256 ], [ -114.41745, 28.87952 ], [ -114.42652, 28.88393 ], [ -114.43781, 28.87583 ], [ -114.44973, 28.90655 ], [ -114.46124, 28.90735 ], [ -114.48879, 28.93204 ], [ -114.52588, 28.93188 ], [ -114.53101, 28.91775 ], [ -114.56252, 28.97036 ], [ -114.57647, 28.97512 ], [ -114.58141, 28.96527 ], [ -114.59211, 28.96976 ], [ -114.6047, 29.00148 ], [ -114.60862, 29.05738 ], [ -114.61851, 29.06318 ], [ -114.62728, 29.09023 ], [ -114.63611, 29.09796 ], [ -114.65212, 29.09665 ], [ -114.67584, 29.1132 ], [ -114.6964, 29.1104 ], [ -114.70265, 29.10115 ], [ -114.71607, 29.11006 ], [ -114.72535, 29.13583 ], [ -114.73676, 29.13877 ], [ -114.74441, 29.1824 ], [ -114.75435, 29.18166 ], [ -114.7685, 29.19645 ], [ -114.78583, 29.19703 ], [ -114.79716, 29.211 ], [ -114.81264, 29.21355 ], [ -114.82304, 29.23567 ], [ -114.83157, 29.24136 ], [ -114.83754, 29.23686 ], [ -114.86352, 29.27567 ], [ -114.9116, 29.31462 ], [ -114.96734, 29.37514 ], [ -115.01196, 29.38535 ], [ -115.0732, 29.41645 ], [ -115.18949, 29.42808 ], [ -115.21129, 29.47236 ], [ -115.25327, 29.51623 ], [ -115.34116, 29.55596 ], [ -115.37856, 29.55812 ], [ -115.45795, 29.62512 ], [ -115.47838, 29.62682 ], [ -115.50609, 29.61707 ], [ -115.56373, 29.66368 ], [ -115.58615, 29.69299 ], [ -115.61927, 29.695 ], [ -115.69933, 29.75483 ], [ -115.68477, 29.83378 ], [ -115.70189, 29.89999 ], [ -115.74288, 29.9479 ], [ -115.78835, 29.95942 ], [ -115.81349, 29.94993 ], [ -115.78131, 30.09085 ], [ -115.78809, 30.11688 ], [ -115.80229, 30.13399 ], [ -115.79527, 30.23869 ], [ -115.81175, 30.30037 ], [ -115.84888, 30.35648 ], [ -115.90645, 30.39592 ], [ -115.9436, 30.40374 ], [ -115.98733, 30.38816 ], [ -115.97161, 30.41059 ], [ -115.93718, 30.41102 ], [ -115.94515, 30.43642 ], [ -115.93367, 30.45809 ], [ -115.95072, 30.46257 ], [ -115.96821, 30.48617 ], [ -115.97796, 30.4848 ], [ -115.97705, 30.49869 ], [ -115.99281, 30.49893 ], [ -115.98925, 30.51146 ], [ -115.99958, 30.49748 ], [ -115.97832, 30.48417 ], [ -115.97761, 30.46932 ], [ -115.96303, 30.46322 ], [ -115.95732, 30.43814 ], [ -115.97824, 30.42725 ], [ -115.99531, 30.45131 ], [ -116.01495, 30.45012 ], [ -116.02151, 30.45592 ], [ -116.02728, 30.45419 ], [ -115.99472, 30.40664 ], [ -115.99624, 30.38684 ], [ -115.97902, 30.36438 ], [ -115.98884, 30.35681 ], [ -116.00753, 30.36547 ], [ -116.01196, 30.41693 ], [ -116.0201, 30.43238 ], [ -116.03211, 30.4369 ], [ -116.03595, 30.458 ], [ -116.04853, 30.47254 ], [ -116.0322, 30.57432 ], [ -116.02812, 30.66542 ], [ -116.03255, 30.6974 ], [ -116.04682, 30.71888 ], [ -116.05036, 30.77275 ], [ -116.06019, 30.80009 ], [ -116.07618, 30.81765 ], [ -116.10667, 30.82366 ], [ -116.15108, 30.86064 ], [ -116.17643, 30.86288 ], [ -116.20497, 30.88726 ], [ -116.21659, 30.91548 ], [ -116.23642, 30.93369 ], [ -116.24546, 30.93343 ], [ -116.26965, 30.96683 ], [ -116.28447, 30.96953 ], [ -116.31826, 30.95574 ], [ -116.33056, 30.95929 ], [ -116.3387, 30.98535 ], [ -116.31319, 31.09573 ], [ -116.3095, 31.15238 ], [ -116.33993, 31.20767 ], [ -116.35254, 31.21378 ], [ -116.36351, 31.24704 ], [ -116.39238, 31.28356 ], [ -116.41647, 31.29281 ], [ -116.41727, 31.30279 ], [ -116.44019, 31.32503 ], [ -116.4555, 31.32874 ], [ -116.45571, 31.3467 ], [ -116.48749, 31.36933 ], [ -116.50063, 31.41076 ], [ -116.51292, 31.41457 ], [ -116.52174, 31.43449 ], [ -116.57098, 31.46487 ], [ -116.60246, 31.46328 ], [ -116.60867, 31.49723 ], [ -116.63417, 31.51718 ], [ -116.64846, 31.51606 ], [ -116.66917, 31.55263 ], [ -116.69111, 31.55326 ], [ -116.69208, 31.57137 ], [ -116.65157, 31.58241 ], [ -116.66762, 31.61785 ], [ -116.64993, 31.66454 ], [ -116.69647, 31.71605 ], [ -116.71398, 31.71386 ], [ -116.71489, 31.725 ], [ -116.72431, 31.72261 ], [ -116.72664, 31.73381 ], [ -116.744, 31.7439 ], [ -116.74161, 31.74988 ], [ -116.72751, 31.74912 ], [ -116.66192, 31.71913 ], [ -116.64335, 31.73431 ], [ -116.62558, 31.77232 ], [ -116.61898, 31.7755 ], [ -116.63595, 31.73323 ], [ -116.65281, 31.72027 ], [ -116.64747, 31.70933 ], [ -116.64128, 31.70941 ], [ -116.64766, 31.71624 ], [ -116.6281, 31.73261 ], [ -116.62004, 31.76339 ], [ -116.60997, 31.77092 ], [ -116.61984, 31.77997 ], [ -116.61008, 31.81413 ], [ -116.61212, 31.83959 ], [ -116.62128, 31.84108 ], [ -116.61784, 31.85289 ], [ -116.62641, 31.86016 ], [ -116.63352, 31.85504 ], [ -116.6288, 31.85151 ], [ -116.62527, 31.84399 ], [ -116.62593, 31.84033 ], [ -116.63999, 31.86016 ], [ -116.66892, 31.86143 ], [ -116.69937, 31.89478 ], [ -116.7025, 31.89063 ], [ -116.72063, 31.90236 ], [ -116.74633, 31.90208 ], [ -116.75629, 31.91365 ], [ -116.75646, 31.94461 ], [ -116.7689, 31.97102 ], [ -116.79948, 31.98207 ], [ -116.82422, 31.97713 ], [ -116.85153, 31.98558 ], [ -116.88095, 32.01868 ], [ -116.8876, 32.04891 ], [ -116.88487, 32.05436 ], [ -116.88211, 32.05329 ], [ -116.87891, 32.05417 ], [ -116.87777, 32.05598 ], [ -116.87916, 32.05457 ], [ -116.88528, 32.05538 ], [ -116.88757, 32.12915 ], [ -116.90779, 32.16505 ], [ -116.92227, 32.2259 ], [ -116.93543, 32.2418 ], [ -116.95709, 32.25189 ], [ -117.02445, 32.26871 ], [ -117.03926, 32.28564 ], [ -117.07129, 32.37002 ], [ -117.07668, 32.36793 ], [ -117.09099, 32.39779 ], [ -117.12451, 32.48538 ], [ -117.1245, 32.53426 ] ] ] ] } },
{ "type": "Feature", "properties": { "CVEGEO": "03", "CVE_ENT": "03", "NOMGEO": "Baja California Sur" }, "geometry": { "type": "MultiPolygon", "coordinates": [ [ [ [ -109.89425, 22.87494 ], [ -109.89468, 22.87531 ], [ -109.89419, 22.87546 ], [ -109.89425, 22.87494 ] ] ], [ [ [ -109.89335, 22.87634 ], [ -109.89295, 22.8759 ], [ -109.89331, 22.87573 ], [ -109.89335, 22.87634 ] ] ], [ [ [ -110.14913, 24.25255 ], [ -110.14855, 24.25191 ], [ -110.14961, 24.25195 ], [ -110.14913, 24.25255 ] ] ], [ [ [ -110.33961, 24.28908 ], [ -110.33727, 24.28837 ], [ -110.34151, 24.2859 ], [ -110.33961, 24.28908 ] ] ], [ [ [ -109.80042, 24.15191 ], [ -109.8025, 24.13671 ], [ -109.87363, 24.15298 ], [ -109.92196, 24.26036 ], [ -109.91829, 24.29093 ], [ -109.93947, 24.32498 ], [ -109.93425, 24.37593 ], [ -109.84249, 24.22724 ], [ -109.81974, 24.20481 ], [ -109.80042, 24.15191 ] ] ], [ [ [ -111.6147, 24.37731 ], [ -111.56906, 24.37632 ], [ -111.5563, 24.36737 ], [ -111.53194, 24.36642 ], [ -111.43794, 24.32549 ], [ -111.52377, 24.35617 ], [ -111.57859, 24.3676 ], [ -111.66328, 24.35339 ], [ -111.66982, 24.35862 ], [ -111.65494, 24.37541 ], [ -111.64469, 24.36569 ], [ -111.6147, 24.37731 ] ] ], [ [ [ -110.38295, 24.45761 ], [ -110.38468, 24.45681 ], [ -110.38488, 24.45712 ], [ -110.38295, 24.45761 ] ] ], [ [ [ -110.38664, 24.46646 ], [ -110.38209, 24.46638 ], [ -110.38851, 24.46547 ], [ -110.38664, 24.46646 ] ] ], [ [ [ -110.3991, 24.48631 ], [ -110.40179, 24.48167 ], [ -110.40847, 24.47989 ], [ -110.40921, 24.48208 ], [ -110.3991, 24.48631 ] ] ], [ [ [ -110.3541, 24.53146 ], [ -110.33575, 24.52353 ], [ -110.32136, 24.50233 ], [ -110.3055, 24.50355 ], [ -110.30647, 24.48719 ], [ -110.28911, 24.47285 ], [ -110.29378, 24.45871 ], [ -110.30955, 24.45463 ], [ -110.30805, 24.42526 ], [ -110.31835, 24.42062 ], [ -110.32764, 24.40244 ], [ -110.35158, 24.4054 ], [ -110.34489, 24.41474 ], [ -110.35465, 24.41505 ], [ -110.34963, 24.43336 ], [ -110.3627, 24.43705 ], [ -110.37048, 24.42894 ], [ -110.36654, 24.44322 ], [ -110.37616, 24.44109 ], [ -110.37151, 24.44611 ], [ -110.3786, 24.44897 ], [ -110.35451, 24.45651 ], [ -110.37119, 24.45742 ], [ -110.3564, 24.46902 ], [ -110.37652, 24.46751 ], [ -110.36348, 24.48151 ], [ -110.38649, 24.47469 ], [ -110.38288, 24.48869 ], [ -110.39325, 24.49733 ], [ -110.3804, 24.50714 ], [ -110.39729, 24.50984 ], [ -110.38762, 24.51613 ], [ -110.39944, 24.51854 ], [ -110.3541, 24.53146 ] ] ], [ [ [ -110.39817, 24.59144 ], [ -110.36131, 24.55402 ], [ -110.36794, 24.53074 ], [ -110.37805, 24.54009 ], [ -110.38452, 24.53141 ], [ -110.39334, 24.53283 ], [ -110.38904, 24.53899 ], [ -110.39906, 24.53635 ], [ -110.37502, 24.55144 ], [ -110.38312, 24.55701 ], [ -110.40987, 24.54759 ], [ -110.40406, 24.5523 ], [ -110.41148, 24.55385 ], [ -110.39236, 24.5633 ], [ -110.41449, 24.56833 ], [ -110.39599, 24.58079 ], [ -110.39817, 24.59144 ] ] ], [ [ [ -110.4044, 24.5978 ], [ -110.40123, 24.59911 ], [ -110.39953, 24.59881 ], [ -110.4044, 24.5978 ] ] ], [ [ [ -111.99152, 24.52554 ], [ -111.96625, 24.51805 ], [ -111.86856, 24.52125 ], [ -111.8499, 24.50852 ], [ -111.84194, 24.51346 ], [ -111.84976, 24.50801 ], [ -111.82876, 24.47962 ], [ -111.8213, 24.47884 ], [ -111.81908, 24.4672 ], [ -111.78075, 24.46255 ], [ -111.74998, 24.442 ], [ -111.74183, 24.4174 ], [ -111.70351, 24.37667 ], [ -111.70903, 24.38174 ], [ -111.703, 24.35642 ], [ -111.6966, 24.37059 ], [ -111.6881, 24.37897 ], [ -111.69375, 24.37842 ], [ -111.68444, 24.37972 ], [ -111.70007, 24.35899 ], [ -111.69476, 24.34608 ], [ -111.7101, 24.31944 ], [ -111.71038, 24.30476 ], [ -111.7458, 24.34826 ], [ -111.86715, 24.43408 ], [ -111.9505, 24.48996 ], [ -112.00485, 24.51123 ], [ -111.99152, 24.52554 ] ] ], [ [ [ -110.56626, 24.84008 ], [ -110.5686, 24.82898 ], [ -110.56029, 24.82248 ], [ -110.56523, 24.81422 ], [ -110.56764, 24.82273 ], [ -110.57694, 24.8203 ], [ -110.58693, 24.8282 ], [ -110.58107, 24.83835 ], [ -110.56626, 24.84008 ] ] ], [ [ [ -110.60526, 24.84328 ], [ -110.60542, 24.84332 ], [ -110.60522, 24.8435 ], [ -110.60526, 24.84328 ] ] ], [ [ [ -110.58121, 24.85312 ], [ -110.58, 24.85299 ], [ -110.58064, 24.85219 ], [ -110.58121, 24.85312 ] ] ], [ [ [ -110.60322, 24.87511 ], [ -110.60384, 24.87439 ], [ -110.60362, 24.87718 ], [ -110.60322, 24.87511 ] ] ], [ [ [ -110.51096, 25.11499 ], [ -110.50953, 25.1113 ], [ -110.51143, 25.11151 ], [ -110.51096, 25.11499 ] ] ], [ [ [ -110.70682, 25.10502 ], [ -110.66914, 25.05249 ], [ -110.60323, 25.0396 ], [ -110.57523, 25.0161 ], [ -110.56614, 24.98825 ], [ -110.57034, 24.95414 ], [ -110.52559, 24.88297 ], [ -110.53099, 24.87713 ], [ -110.58982, 24.86499 ], [ -110.57345, 24.87855 ], [ -110.5745, 24.88834 ], [ -110.61756, 24.91515 ], [ -110.64164, 24.91434 ], [ -110.63521, 24.92883 ], [ -110.65558, 24.94831 ], [ -110.67823, 25.01715 ], [ -110.71367, 25.0316 ], [ -110.7175, 25.05436 ], [ -110.70682, 25.10502 ] ] ], [ [ [ -110.86194, 25.1294 ], [ -110.86029, 25.12873 ], [ -110.86122, 25.12803 ], [ -110.86194, 25.1294 ] ] ], [ [ [ -110.69747, 25.20556 ], [ -110.69549, 25.19934 ], [ -110.70468, 25.19408 ], [ -110.69747, 25.20556 ] ] ], [ [ [ -110.91601, 25.20988 ], [ -110.91657, 25.20916 ], [ -110.91713, 25.20994 ], [ -110.91601, 25.20988 ] ] ], [ [ [ -110.92254, 25.24762 ], [ -110.92083, 25.24663 ], [ -110.9229, 25.24675 ], [ -110.92254, 25.24762 ] ] ], [ [ [ -110.68925, 25.31156 ], [ -110.71084, 25.26741 ], [ -110.73018, 25.26181 ], [ -110.73155, 25.29196 ], [ -110.71616, 25.30448 ], [ -110.68925, 25.31156 ] ] ], [ [ [ -115.7661, 24.95848 ], [ -115.76561, 24.95853 ], [ -115.76591, 24.95827 ], [ -115.7661, 24.95848 ] ] ], [ [ [ -115.76472, 24.95903 ], [ -115.76432, 24.959 ], [ -115.76441, 24.95883 ], [ -115.76472, 24.95903 ] ] ], [ [ [ -115.765, 24.96102 ], [ -115.76477, 24.96096 ], [ -115.76494, 24.96093 ], [ -115.765, 24.96102 ] ] ], [ [ [ -110.9546, 25.32853 ], [ -110.95345, 25.32941 ], [ -110.95289, 25.32859 ], [ -110.9546, 25.32853 ] ] ], [ [ [ -112.1544, 25.14368 ], [ -112.16245, 25.06514 ], [ -112.17162, 25.06636 ], [ -112.17182, 25.06339 ], [ -112.16317, 25.05767 ], [ -112.17172, 25.04109 ], [ -112.17925, 25.0401 ], [ -112.16215, 25.02003 ], [ -112.1642, 25.00414 ], [ -112.15603, 24.98919 ], [ -112.16501, 24.98863 ], [ -112.15371, 24.97123 ], [ -112.17897, 24.96872 ], [ -112.1897, 24.95865 ], [ -112.1852, 24.93119 ], [ -112.16652, 24.91172 ], [ -112.17817, 24.89799 ], [ -112.1766, 24.88719 ], [ -112.18843, 24.89319 ], [ -112.19382, 24.90893 ], [ -112.18025, 24.90578 ], [ -112.18521, 24.90973 ], [ -112.17629, 24.91143 ], [ -112.17759, 24.92139 ], [ -112.19653, 24.91701 ], [ -112.19142, 24.88854 ], [ -112.18127, 24.88313 ], [ -112.17822, 24.87018 ], [ -112.19378, 24.86168 ], [ -112.1955, 24.86825 ], [ -112.20657, 24.8692 ], [ -112.20296, 24.86233 ], [ -112.21885, 24.85192 ], [ -112.22086, 24.85263 ], [ -112.21893, 24.8556 ], [ -112.21985, 24.85536 ], [ -112.21955, 24.85676 ], [ -112.22131, 24.85767 ], [ -112.2321, 24.84299 ], [ -112.21491, 24.84417 ], [ -112.20876, 24.82538 ], [ -112.22286, 24.82875 ], [ -112.21869, 24.82074 ], [ -112.21015, 24.82295 ], [ -112.18897, 24.80835 ], [ -112.19824, 24.80647 ], [ -112.19425, 24.80154 ], [ -112.18841, 24.80613 ], [ -112.17836, 24.79766 ], [ -112.18751, 24.79671 ], [ -112.1722, 24.79374 ], [ -112.17918, 24.79155 ], [ -112.16537, 24.77625 ], [ -112.17418, 24.77271 ], [ -112.17154, 24.76585 ], [ -112.13473, 24.73585 ], [ -112.13066, 24.70853 ], [ -112.11598, 24.68907 ], [ -112.14378, 24.65019 ], [ -112.13908, 24.63471 ], [ -112.10362, 24.61629 ], [ -112.07926, 24.58547 ], [ -112.07213, 24.5855 ], [ -112.05734, 24.53958 ], [ -112.07649, 24.54253 ], [ -112.10194, 24.55852 ], [ -112.10096, 24.574 ], [ -112.11486, 24.59993 ], [ -112.13199, 24.61743 ], [ -112.14631, 24.62057 ], [ -112.15791, 24.6444 ], [ -112.17457, 24.65262 ], [ -112.16682, 24.6708 ], [ -112.14727, 24.6678 ], [ -112.13687, 24.6873 ], [ -112.1396, 24.72241 ], [ -112.15334, 24.74482 ], [ -112.18872, 24.77363 ], [ -112.22619, 24.78868 ], [ -112.26245, 24.78654 ], [ -112.25805, 24.75595 ], [ -112.26003, 24.74996 ], [ -112.27489, 24.77466 ], [ -112.30496, 24.794 ], [ -112.30145, 24.80842 ], [ -112.28969, 24.81184 ], [ -112.27926, 24.83308 ], [ -112.2168, 24.98822 ], [ -112.13922, 25.25483 ], [ -112.12744, 25.26474 ], [ -112.12278, 25.21497 ], [ -112.1544, 25.14368 ] ] ], [ [ [ -112.10065, 25.48921 ], [ -112.0965, 25.42654 ], [ -112.11004, 25.37044 ], [ -112.1036, 25.36891 ], [ -112.10334, 25.33248 ], [ -112.12193, 25.28506 ], [ -112.13431, 25.28663 ], [ -112.13954, 25.29689 ], [ -112.11639, 25.36499 ], [ -112.10423, 25.44293 ], [ -112.10704, 25.4844 ], [ -112.10065, 25.48921 ] ] ], [ [ [ -112.12012, 25.49523 ], [ -112.11955, 25.49495 ], [ -112.1199, 25.49465 ], [ -112.12012, 25.49523 ] ] ], [ [ [ -112.12019, 25.49614 ], [ -112.12079, 25.49596 ], [ -112.12041, 25.49643 ], [ -112.12019, 25.49614 ] ] ], [ [ [ -111.13255, 25.58784 ], [ -111.12934, 25.58663 ], [ -111.13009, 25.58431 ], [ -111.13255, 25.58784 ] ] ], [ [ [ -111.1519, 25.58844 ], [ -111.14855, 25.58318 ], [ -111.15302, 25.58287 ], [ -111.1519, 25.58844 ] ] ], [ [ [ -110.77291, 25.71234 ], [ -110.76306, 25.69056 ], [ -110.76946, 25.67765 ], [ -110.75738, 25.62972 ], [ -110.75873, 25.59366 ], [ -110.78628, 25.60606 ], [ -110.80495, 25.64725 ], [ -110.79891, 25.68474 ], [ -110.78064, 25.71223 ], [ -110.77291, 25.71234 ] ] ], [ [ [ -111.03497, 25.71429 ], [ -111.01331, 25.67875 ], [ -111.0298, 25.64978 ], [ -111.04691, 25.66437 ], [ -111.05964, 25.70727 ], [ -111.03497, 25.71429 ] ] ], [ [ [ -112.08872, 25.67137 ], [ -112.08089, 25.66989 ], [ -112.08798, 25.66226 ], [ -112.08351, 25.64879 ], [ -112.08909, 25.64354 ], [ -112.08872, 25.67137 ] ] ], [ [ [ -111.22396, 25.7315 ], [ -111.22568, 25.73034 ], [ -111.22495, 25.73226 ], [ -111.22396, 25.7315 ] ] ], [ [ [ -111.04264, 25.74028 ], [ -111.04447, 25.73942 ], [ -111.04385, 25.74318 ], [ -111.04264, 25.74028 ] ] ], [ [ [ -111.04861, 25.74248 ], [ -111.04987, 25.74178 ], [ -111.04995, 25.74298 ], [ -111.04861, 25.74248 ] ] ], [ [ [ -112.09299, 25.68463 ], [ -112.0955, 25.63477 ], [ -112.0889, 25.60847 ], [ -112.09598, 25.49357 ], [ -112.10287, 25.51633 ], [ -112.09299, 25.68463 ] ] ], [ [ [ -111.22818, 25.7444 ], [ -111.22613, 25.74345 ], [ -111.2271, 25.74322 ], [ -111.22818, 25.7444 ] ] ], [ [ [ -111.27538, 25.75789 ], [ -111.27396, 25.75711 ], [ -111.27585, 25.75534 ], [ -111.27538, 25.75789 ] ] ], [ [ [ -111.28122, 25.76842 ], [ -111.28142, 25.76719 ], [ -111.28165, 25.76813 ], [ -111.28122, 25.76842 ] ] ], [ [ [ -111.25926, 25.78309 ], [ -111.2551, 25.81198 ], [ -111.24727, 25.7988 ], [ -111.24837, 25.78859 ], [ -111.24333, 25.78912 ], [ -111.24525, 25.76469 ], [ -111.25926, 25.78309 ] ] ], [ [ [ -111.31637, 25.84236 ], [ -111.31672, 25.84023 ], [ -111.31746, 25.83997 ], [ -111.31637, 25.84236 ] ] ], [ [ [ -111.18072, 26.04484 ], [ -111.17857, 26.04575 ], [ -111.17785, 26.0439 ], [ -111.18072, 26.04484 ] ] ], [ [ [ -111.05981, 26.06977 ], [ -111.08417, 26.01624 ], [ -111.08006, 25.998 ], [ -111.06908, 25.9971 ], [ -111.06679, 25.96594 ], [ -111.10115, 25.99766 ], [ -111.11996, 25.99389 ], [ -111.13234, 25.96141 ], [ -111.17967, 25.90523 ], [ -111.1816, 25.8665 ], [ -111.20379, 25.84791 ], [ -111.20453, 25.8062 ], [ -111.22893, 25.8225 ], [ -111.23329, 25.84815 ], [ -111.21455, 25.8698 ], [ -111.21979, 25.88431 ], [ -111.19777, 25.95576 ], [ -111.16959, 25.98368 ], [ -111.1726, 26.00415 ], [ -111.16261, 26.01927 ], [ -111.17544, 26.04173 ], [ -111.135, 26.0519 ], [ -111.12848, 26.06751 ], [ -111.10382, 26.05155 ], [ -111.05981, 26.06977 ] ] ], [ [ [ -111.30562, 26.1063 ], [ -111.30367, 26.1048 ], [ -111.30636, 26.10474 ], [ -111.30562, 26.1063 ] ] ], [ [ [ -111.26555, 26.1373 ], [ -111.26326, 26.10614 ], [ -111.29712, 26.09858 ], [ -111.27972, 26.11127 ], [ -111.28837, 26.12034 ], [ -111.27913, 26.13535 ], [ -111.26555, 26.1373 ] ] ], [ [ [ -111.436, 26.64163 ], [ -111.42824, 26.63692 ], [ -111.42509, 26.62451 ], [ -111.43044, 26.62414 ], [ -111.436, 26.64163 ] ] ], [ [ [ -113.23775, 26.73301 ], [ -113.19592, 26.7189 ], [ -113.17577, 26.71883 ], [ -113.13555, 26.65818 ], [ -113.1904, 26.6853 ], [ -113.26089, 26.70815 ], [ -113.26291, 26.71493 ], [ -113.23775, 26.73301 ] ] ], [ [ [ -113.23638, 26.77204 ], [ -113.19555, 26.74973 ], [ -113.1925, 26.7388 ], [ -113.20916, 26.73683 ], [ -113.20742, 26.74352 ], [ -113.21507, 26.73863 ], [ -113.21906, 26.75966 ], [ -113.23638, 26.77204 ] ] ], [ [ [ -111.91529, 26.87818 ], [ -111.91366, 26.8783 ], [ -111.9154, 26.87758 ], [ -111.91529, 26.87818 ] ] ], [ [ [ -113.15691, 26.9167 ], [ -113.14926, 26.90448 ], [ -113.15469, 26.89104 ], [ -113.15186, 26.89872 ], [ -113.1625, 26.90346 ], [ -113.15691, 26.9167 ] ] ], [ [ [ -113.16205, 26.9319 ], [ -113.16203, 26.92533 ], [ -113.16, 26.91975 ], [ -113.16783, 26.92785 ], [ -113.16205, 26.9319 ] ] ], [ [ [ -111.90861, 27.04097 ], [ -111.91589, 27.03395 ], [ -111.90884, 27.04285 ], [ -111.90861, 27.04097 ] ] ], [ [ [ -111.90925, 27.05896 ], [ -111.90976, 27.05974 ], [ -111.90924, 27.05993 ], [ -111.90925, 27.05896 ] ] ], [ [ [ -112.06914, 27.16538 ], [ -112.06779, 27.16486 ], [ -112.06771, 27.16408 ], [ -112.06914, 27.16538 ] ] ], [ [ [ -112.08821, 27.25886 ], [ -112.04662, 27.22456 ], [ -112.05061, 27.21723 ], [ -112.04337, 27.20835 ], [ -112.05938, 27.17965 ], [ -112.06541, 27.18363 ], [ -112.07562, 27.17762 ], [ -112.08483, 27.18575 ], [ -112.08842, 27.21595 ], [ -112.10843, 27.23858 ], [ -112.08821, 27.25886 ] ] ], [ [ [ -114.29328, 27.11056 ], [ -114.28901, 27.10131 ], [ -114.29096, 27.09827 ], [ -114.29532, 27.1015 ], [ -114.29328, 27.11056 ] ] ], [ [ [ -114.29358, 27.11223 ], [ -114.29322, 27.11297 ], [ -114.29306, 27.11253 ], [ -114.29358, 27.11223 ] ] ], [ [ [ -114.37556, 27.15073 ], [ -114.37246, 27.14518 ], [ -114.38475, 27.14595 ], [ -114.37556, 27.15073 ] ] ], [ [ [ -111.9013, 27.4493 ], [ -111.86912, 27.45451 ], [ -111.85588, 27.44074 ], [ -111.85995, 27.43065 ], [ -111.89535, 27.43064 ], [ -111.9013, 27.4493 ] ] ], [ [ [ -114.71096, 27.51363 ], [ -114.7104, 27.51397 ], [ -114.71022, 27.51384 ], [ -114.71096, 27.51363 ] ] ], [ [ [ -114.70997, 27.51493 ], [ -114.70953, 27.51464 ], [ -114.70998, 27.51463 ], [ -114.70997, 27.51493 ] ] ], [ [ [ -114.71119, 27.51583 ], [ -114.7107, 27.51548 ], [ -114.71102, 27.51539 ], [ -114.71119, 27.51583 ] ] ], [ [ [ -112.74141, 27.84239 ], [ -112.73713, 27.84219 ], [ -112.73647, 27.8412 ], [ -112.74141, 27.84239 ] ] ], [ [ [ -114.17973, 27.76885 ], [ -114.16597, 27.76338 ], [ -114.15902, 27.74536 ], [ -114.16464, 27.74219 ], [ -114.146, 27.72144 ], [ -114.17974, 27.75717 ], [ -114.18341, 27.7528 ], [ -114.17973, 27.76885 ] ] ], [ [ [ -114.22464, 27.76632 ], [ -114.21275, 27.75118 ], [ -114.22009, 27.75392 ], [ -114.18521, 27.72134 ], [ -114.2282, 27.74585 ], [ -114.22349, 27.73656 ], [ -114.24753, 27.74352 ], [ -114.2489, 27.75537 ], [ -114.2259, 27.75122 ], [ -114.23282, 27.75909 ], [ -114.23024, 27.76499 ], [ -114.22111, 27.76006 ], [ -114.22464, 27.76632 ] ] ], [ [ [ -112.76004, 27.90223 ], [ -112.76048, 27.90252 ], [ -112.7597, 27.90343 ], [ -112.76004, 27.90223 ] ] ], [ [ [ -115.2243, 27.89356 ], [ -115.2223, 27.89361 ], [ -115.2228, 27.89267 ], [ -115.2243, 27.89356 ] ] ], [ [ [ -115.21568, 27.89619 ], [ -115.16211, 27.87038 ], [ -115.16663, 27.85248 ], [ -115.1783, 27.84966 ], [ -115.18021, 27.8662 ], [ -115.19532, 27.88056 ], [ -115.21875, 27.8882 ], [ -115.21568, 27.89619 ] ] ], [ [ [ -114.20544, 28.0 ], [ -112.76478, 28.0 ], [ -112.75632, 27.96754 ], [ -112.76689, 27.93936 ], [ -112.76133, 27.89673 ], [ -112.7716, 27.86315 ], [ -112.73548, 27.8267 ], [ -112.71969, 27.82548 ], [ -112.716, 27.78592 ], [ -112.70717, 27.7794 ], [ -112.70116, 27.75141 ], [ -112.66126, 27.70954 ], [ -112.63807, 27.70612 ], [ -112.64234, 27.70284 ], [ -112.6432, 27.69532 ], [ -112.63716, 27.70485 ], [ -112.62324, 27.67819 ], [ -112.59808, 27.66474 ], [ -112.59538, 27.65048 ], [ -112.53002, 27.63804 ], [ -112.48747, 27.62109 ], [ -112.46779, 27.59923 ], [ -112.41876, 27.59055 ], [ -112.36028, 27.55259 ], [ -112.35554, 27.53449 ], [ -112.33011, 27.51761 ], [ -112.31814, 27.46084 ], [ -112.32168, 27.44327 ], [ -112.31765, 27.4377 ], [ -112.31499, 27.43705 ], [ -112.31504, 27.43577 ], [ -112.31237, 27.43387 ], [ -112.31207, 27.43294 ], [ -112.31746, 27.43525 ], [ -112.31798, 27.42894 ], [ -112.29792, 27.40415 ], [ -112.30222, 27.38391 ], [ -112.29109, 27.37183 ], [ -112.287, 27.37363 ], [ -112.28605, 27.37268 ], [ -112.29166, 27.36956 ], [ -112.28692, 27.36437 ], [ -112.27015, 27.35757 ], [ -112.26275, 27.33382 ], [ -112.24348, 27.32564 ], [ -112.24386, 27.31743 ], [ -112.24132, 27.3258 ], [ -112.21267, 27.26543 ], [ -112.19499, 27.24997 ], [ -112.19344, 27.24425 ], [ -112.1936, 27.23444 ], [ -112.19569, 27.22818 ], [ -112.1993, 27.22447 ], [ -112.20239, 27.21143 ], [ -112.20445, 27.20706 ], [ -112.1937, 27.24359 ], [ -112.19612, 27.25064 ], [ -112.20718, 27.24931 ], [ -112.19805, 27.24146 ], [ -112.21099, 27.22104 ], [ -112.21313, 27.22428 ], [ -112.21638, 27.22404 ], [ -112.21292, 27.20434 ], [ -112.19099, 27.1947 ], [ -112.1651, 27.16511 ], [ -112.13195, 27.15821 ], [ -112.09752, 27.13312 ], [ -112.07065, 27.13402 ], [ -112.05513, 27.12309 ], [ -112.0092, 27.11681 ], [ -111.99277, 27.09647 ], [ -111.95222, 27.09494 ], [ -111.94595, 27.06986 ], [ -111.9736, 27.06813 ], [ -112.00645, 27.03305 ], [ -112.01488, 26.9747 ], [ -112.00756, 26.95753 ], [ -111.95587, 26.91417 ], [ -111.95249, 26.90124 ], [ -111.9737, 26.89751 ], [ -111.98252, 26.88866 ], [ -111.97303, 26.89709 ], [ -111.95349, 26.89918 ], [ -111.93739, 26.8833 ], [ -111.91583, 26.87742 ], [ -111.9119, 26.85784 ], [ -111.87249, 26.83174 ], [ -111.86167, 26.78416 ], [ -111.87463, 26.77627 ], [ -111.87651, 26.75583 ], [ -111.88339, 26.76559 ], [ -111.89133, 26.76329 ], [ -111.89754, 26.75301 ], [ -111.89103, 26.74886 ], [ -111.90124, 26.74203 ], [ -111.90913, 26.71996 ], [ -111.863, 26.69335 ], [ -111.84614, 26.64398 ], [ -111.80641, 26.62621 ], [ -111.78265, 26.56793 ], [ -111.76411, 26.55392 ], [ -111.7112, 26.55241 ], [ -111.6771, 26.58843 ], [ -111.71557, 26.6311 ], [ -111.75932, 26.66087 ], [ -111.76547, 26.67648 ], [ -111.79447, 26.68834 ], [ -111.80831, 26.71572 ], [ -111.81445, 26.71578 ], [ -111.824, 26.82022 ], [ -111.83648, 26.834 ], [ -111.85108, 26.87943 ], [ -111.8327, 26.88373 ], [ -111.82195, 26.89628 ], [ -111.80168, 26.88915 ], [ -111.79156, 26.87447 ], [ -111.74812, 26.846 ], [ -111.72159, 26.807 ], [ -111.68211, 26.78017 ], [ -111.66599, 26.78125 ], [ -111.64699, 26.74505 ], [ -111.62646, 26.74107 ], [ -111.62684, 26.73276 ], [ -111.61062, 26.72762 ], [ -111.60772, 26.71909 ], [ -111.57197, 26.70793 ], [ -111.5612, 26.69703 ], [ -111.56784, 26.67014 ], [ -111.56739, 26.5627 ], [ -111.55539, 26.5506 ], [ -111.50299, 26.53057 ], [ -111.46039, 26.53772 ], [ -111.46213, 26.52864 ], [ -111.44214, 26.51827 ], [ -111.45265, 26.51502 ], [ -111.45509, 26.48805 ], [ -111.46645, 26.47852 ], [ -111.47196, 26.4595 ], [ -111.46894, 26.41231 ], [ -111.45109, 26.39303 ], [ -111.42479, 26.38099 ], [ -111.42139, 26.3728 ], [ -111.43445, 26.36972 ], [ -111.43402, 26.36246 ], [ -111.42293, 26.3494 ], [ -111.39613, 26.34089 ], [ -111.38707, 26.32353 ], [ -111.38304, 26.28064 ], [ -111.39487, 26.27686 ], [ -111.39788, 26.25632 ], [ -111.37751, 26.21586 ], [ -111.37905, 26.18835 ], [ -111.36136, 26.16756 ], [ -111.34475, 26.11167 ], [ -111.32383, 26.10028 ], [ -111.31896, 26.06921 ], [ -111.34566, 26.02791 ], [ -111.33528, 26.00308 ], [ -111.3382, 25.98811 ], [ -111.35865, 25.95997 ], [ -111.35523, 25.92878 ], [ -111.33676, 25.90752 ], [ -111.34205, 25.87769 ], [ -111.33295, 25.83581 ], [ -111.3251, 25.83093 ], [ -111.316, 25.83714 ], [ -111.30262, 25.82488 ], [ -111.29973, 25.81782 ], [ -111.29201, 25.81278 ], [ -111.30204, 25.80804 ], [ -111.29994, 25.81322 ], [ -111.30899, 25.8148 ], [ -111.30571, 25.82596 ], [ -111.31734, 25.82999 ], [ -111.31968, 25.81581 ], [ -111.30705, 25.81166 ], [ -111.30621, 25.77347 ], [ -111.25429, 25.74018 ], [ -111.24309, 25.72142 ], [ -111.2239, 25.72533 ], [ -111.21183, 25.70248 ], [ -111.21601, 25.69114 ], [ -111.20418, 25.67119 ], [ -111.1934, 25.61347 ], [ -111.17187, 25.59501 ], [ -111.16469, 25.57326 ], [ -111.1451, 25.56557 ], [ -111.14247, 25.55 ], [ -111.12185, 25.5286 ], [ -111.08425, 25.52462 ], [ -111.06958, 25.53109 ], [ -111.07501, 25.5232 ], [ -111.06825, 25.51404 ], [ -111.05318, 25.52117 ], [ -111.04049, 25.51556 ], [ -111.03825, 25.52153 ], [ -111.01654, 25.5146 ], [ -111.01432, 25.50479 ], [ -111.02263, 25.49711 ], [ -111.01345, 25.47719 ], [ -111.0262, 25.45796 ], [ -111.02486, 25.44404 ], [ -111.00374, 25.41624 ], [ -111.00065, 25.38793 ], [ -110.98733, 25.37085 ], [ -110.97967, 25.34147 ], [ -110.95545, 25.32941 ], [ -110.94389, 25.30541 ], [ -110.94744, 25.29717 ], [ -110.93312, 25.29158 ], [ -110.94617, 25.25771 ], [ -110.93404, 25.21551 ], [ -110.92167, 25.21038 ], [ -110.90642, 25.18303 ], [ -110.91241, 25.1745 ], [ -110.90754, 25.14594 ], [ -110.87935, 25.12626 ], [ -110.86298, 25.08071 ], [ -110.82905, 25.06319 ], [ -110.81616, 25.03484 ], [ -110.7984, 25.02953 ], [ -110.79, 25.03594 ], [ -110.75713, 25.01402 ], [ -110.76191, 25.00575 ], [ -110.74876, 24.98779 ], [ -110.74968, 24.96593 ], [ -110.72032, 24.92543 ], [ -110.69916, 24.9154 ], [ -110.70803, 24.90783 ], [ -110.68521, 24.8838 ], [ -110.68473, 24.85751 ], [ -110.65707, 24.80623 ], [ -110.66349, 24.77166 ], [ -110.6831, 24.74313 ], [ -110.69012, 24.70718 ], [ -110.72662, 24.67477 ], [ -110.74054, 24.61491 ], [ -110.72926, 24.515 ], [ -110.68681, 24.46185 ], [ -110.69316, 24.40609 ], [ -110.67853, 24.39662 ], [ -110.68509, 24.38145 ], [ -110.6801, 24.35565 ], [ -110.64019, 24.31503 ], [ -110.63499, 24.29169 ], [ -110.61145, 24.25561 ], [ -110.58202, 24.2403 ], [ -110.55697, 24.21019 ], [ -110.42237, 24.17718 ], [ -110.32456, 24.17636 ], [ -110.3408, 24.15877 ], [ -110.37104, 24.149 ], [ -110.40375, 24.17073 ], [ -110.43341, 24.17161 ], [ -110.42613, 24.1634 ], [ -110.42949, 24.14207 ], [ -110.41516, 24.12853 ], [ -110.42295, 24.11649 ], [ -110.39221, 24.10389 ], [ -110.34937, 24.11515 ], [ -110.35199, 24.14251 ], [ -110.32166, 24.15621 ], [ -110.30274, 24.18 ], [ -110.29977, 24.21211 ], [ -110.30076, 24.21599 ], [ -110.30249, 24.2171 ], [ -110.30314, 24.21659 ], [ -110.30517, 24.21655 ], [ -110.30584, 24.21736 ], [ -110.30118, 24.21874 ], [ -110.29936, 24.21479 ], [ -110.29836, 24.21513 ], [ -110.30077, 24.219 ], [ -110.31247, 24.22024 ], [ -110.30646, 24.23317 ], [ -110.31348, 24.25043 ], [ -110.32751, 24.24441 ], [ -110.3111, 24.26125 ], [ -110.32421, 24.25789 ], [ -110.32301, 24.27141 ], [ -110.33178, 24.27713 ], [ -110.33061, 24.25719 ], [ -110.3365, 24.25855 ], [ -110.3371, 24.27534 ], [ -110.32746, 24.28198 ], [ -110.33745, 24.29536 ], [ -110.32697, 24.30118 ], [ -110.33745, 24.30279 ], [ -110.33991, 24.31595 ], [ -110.31458, 24.31547 ], [ -110.33434, 24.32856 ], [ -110.30554, 24.33932 ], [ -110.29717, 24.35239 ], [ -110.23398, 24.34427 ], [ -110.23571, 24.31803 ], [ -110.21693, 24.30871 ], [ -110.21194, 24.29813 ], [ -110.19332, 24.29393 ], [ -110.17437, 24.25237 ], [ -110.15144, 24.24918 ], [ -110.12373, 24.22606 ], [ -110.08926, 24.21623 ], [ -110.00819, 24.15944 ], [ -109.98421, 24.04373 ], [ -109.92978, 24.02905 ], [ -109.88233, 24.03857 ], [ -109.82663, 24.06081 ], [ -109.82528, 24.04 ], [ -109.80399, 24.02187 ], [ -109.81391, 23.99868 ], [ -109.83546, 23.98484 ], [ -109.8375, 23.93275 ], [ -109.82584, 23.91205 ], [ -109.77284, 23.87509 ], [ -109.69926, 23.79895 ], [ -109.71323, 23.73768 ], [ -109.69569, 23.69216 ], [ -109.69705, 23.6627 ], [ -109.68297, 23.64882 ], [ -109.63712, 23.62702 ], [ -109.58322, 23.61234 ], [ -109.58725, 23.60082 ], [ -109.5834, 23.59833 ], [ -109.58504, 23.60532 ], [ -109.58047, 23.60253 ], [ -109.58487, 23.60725 ], [ -109.58285, 23.61115 ], [ -109.57531, 23.60085 ], [ -109.52011, 23.58461 ], [ -109.50946, 23.56772 ], [ -109.46832, 23.55503 ], [ -109.47956, 23.51991 ], [ -109.46062, 23.48719 ], [ -109.42824, 23.45661 ], [ -109.42312, 23.44543 ], [ -109.43187, 23.41358 ], [ -109.41533, 23.40357 ], [ -109.41311, 23.38722 ], [ -109.43165, 23.37704 ], [ -109.42494, 23.30558 ], [ -109.439, 23.27342 ], [ -109.43793, 23.23626 ], [ -109.45505, 23.20149 ], [ -109.53624, 23.10865 ], [ -109.56532, 23.09644 ], [ -109.57638, 23.08408 ], [ -109.60884, 23.0807 ], [ -109.67036, 23.05594 ], [ -109.6727, 23.06407 ], [ -109.67732, 23.06354 ], [ -109.67153, 23.05548 ], [ -109.71434, 23.02917 ], [ -109.71288, 23.00558 ], [ -109.73303, 22.98931 ], [ -109.7597, 22.98386 ], [ -109.79477, 22.96404 ], [ -109.80674, 22.94998 ], [ -109.80852, 22.93322 ], [ -109.8429, 22.90263 ], [ -109.89188, 22.8954 ], [ -109.90545, 22.88167 ], [ -109.90855, 22.88157 ], [ -109.90945, 22.88633 ], [ -109.91145, 22.88563 ], [ -109.90909, 22.88186 ], [ -109.91143, 22.88044 ], [ -109.90998, 22.87864 ], [ -109.89689, 22.87489 ], [ -109.96397, 22.8721 ], [ -110.01185, 22.89992 ], [ -110.06136, 22.94907 ], [ -110.1015, 23.028 ], [ -110.11425, 23.09888 ], [ -110.15334, 23.22946 ], [ -110.16635, 23.31285 ], [ -110.21539, 23.383 ], [ -110.21524, 23.39392 ], [ -110.23014, 23.4034 ], [ -110.23417, 23.42627 ], [ -110.2643, 23.47675 ], [ -110.32932, 23.56018 ], [ -110.38613, 23.60002 ], [ -110.55721, 23.67225 ], [ -110.61253, 23.70744 ], [ -110.68326, 23.76875 ], [ -110.82342, 23.91709 ], [ -110.87479, 23.95579 ], [ -110.95448, 24.03392 ], [ -111.00809, 24.07066 ], [ -111.0107, 24.08206 ], [ -111.04469, 24.10859 ], [ -111.27439, 24.24287 ], [ -111.43379, 24.32105 ], [ -111.43655, 24.32333 ], [ -111.43634, 24.32585 ], [ -111.36449, 24.29127 ], [ -111.35863, 24.28881 ], [ -111.35704, 24.28878 ], [ -111.35623, 24.2899 ], [ -111.47807, 24.3491 ], [ -111.47553, 24.36203 ], [ -111.52708, 24.41045 ], [ -111.54218, 24.41453 ], [ -111.55689, 24.40476 ], [ -111.55862, 24.41603 ], [ -111.56019, 24.40635 ], [ -111.56434, 24.41357 ], [ -111.57086, 24.40581 ], [ -111.57613, 24.41628 ], [ -111.58333, 24.41491 ], [ -111.58223, 24.43318 ], [ -111.59404, 24.42799 ], [ -111.61071, 24.44063 ], [ -111.62933, 24.51578 ], [ -111.65127, 24.5472 ], [ -111.65262, 24.55259 ], [ -111.64611, 24.5449 ], [ -111.63688, 24.54846 ], [ -111.65807, 24.57024 ], [ -111.69197, 24.58519 ], [ -111.69754, 24.57166 ], [ -111.68823, 24.55817 ], [ -111.70264, 24.53787 ], [ -111.73242, 24.54125 ], [ -111.73434, 24.548 ], [ -111.72559, 24.55356 ], [ -111.7325, 24.56007 ], [ -111.73659, 24.54971 ], [ -111.75291, 24.542 ], [ -111.79353, 24.54554 ], [ -111.81057, 24.56818 ], [ -111.81447, 24.55862 ], [ -111.8038, 24.5387 ], [ -111.75822, 24.51564 ], [ -111.79787, 24.51821 ], [ -111.81657, 24.50655 ], [ -111.82238, 24.51927 ], [ -111.81704, 24.57627 ], [ -111.84072, 24.63662 ], [ -111.90208, 24.70809 ], [ -111.93702, 24.73621 ], [ -111.93992, 24.74729 ], [ -111.91138, 24.72411 ], [ -111.92678, 24.74887 ], [ -111.95903, 24.76955 ], [ -111.97056, 24.78467 ], [ -111.96821, 24.79368 ], [ -111.97536, 24.79422 ], [ -111.97672, 24.78456 ], [ -111.96424, 24.7595 ], [ -111.97429, 24.75618 ], [ -111.96506, 24.74693 ], [ -111.94704, 24.75559 ], [ -111.94691, 24.75232 ], [ -111.96268, 24.74747 ], [ -111.96542, 24.73736 ], [ -111.98475, 24.73874 ], [ -111.98868, 24.74897 ], [ -111.99696, 24.73978 ], [ -111.98393, 24.73708 ], [ -112.03048, 24.73601 ], [ -112.02958, 24.74409 ], [ -112.02463, 24.74133 ], [ -112.01881, 24.74498 ], [ -112.03243, 24.75812 ], [ -112.02937, 24.7649 ], [ -112.0386, 24.76631 ], [ -112.03223, 24.77387 ], [ -112.04529, 24.78723 ], [ -112.02749, 24.79462 ], [ -112.02817, 24.80118 ], [ -112.03702, 24.80484 ], [ -112.03579, 24.81115 ], [ -112.03758, 24.8188 ], [ -112.0377, 24.81046 ], [ -112.05402, 24.82904 ], [ -112.03765, 24.83433 ], [ -112.02804, 24.82958 ], [ -112.03311, 24.82176 ], [ -112.0239, 24.815 ], [ -112.02474, 24.82387 ], [ -112.03028, 24.82289 ], [ -112.0247, 24.82758 ], [ -112.02563, 24.83737 ], [ -112.03849, 24.84607 ], [ -112.03002, 24.83565 ], [ -112.04783, 24.83415 ], [ -112.05155, 24.83578 ], [ -112.04607, 24.8376 ], [ -112.04943, 24.84 ], [ -112.05696, 24.82946 ], [ -112.04041, 24.80044 ], [ -112.05059, 24.80408 ], [ -112.05033, 24.81236 ], [ -112.05447, 24.80874 ], [ -112.05638, 24.81275 ], [ -112.06036, 24.81209 ], [ -112.0564, 24.81234 ], [ -112.05527, 24.80836 ], [ -112.0499, 24.80074 ], [ -112.04416, 24.79885 ], [ -112.05069, 24.79734 ], [ -112.05146, 24.78422 ], [ -112.0406, 24.75278 ], [ -112.06616, 24.74591 ], [ -112.07832, 24.72995 ], [ -112.06496, 24.76205 ], [ -112.07687, 24.76421 ], [ -112.0946, 24.79646 ], [ -112.10934, 24.80007 ], [ -112.09104, 24.77821 ], [ -112.11404, 24.78989 ], [ -112.11942, 24.78298 ], [ -112.12209, 24.78828 ], [ -112.11714, 24.80484 ], [ -112.0938, 24.80122 ], [ -112.09517, 24.81193 ], [ -112.10185, 24.81217 ], [ -112.09108, 24.83316 ], [ -112.10171, 24.84244 ], [ -112.09967, 24.85069 ], [ -112.10704, 24.84247 ], [ -112.11619, 24.84883 ], [ -112.12255, 24.87625 ], [ -112.11735, 24.8814 ], [ -112.11501, 24.88035 ], [ -112.11803, 24.87854 ], [ -112.11764, 24.87631 ], [ -112.11909, 24.87481 ], [ -112.11964, 24.87151 ], [ -112.11916, 24.87025 ], [ -112.11449, 24.88001 ], [ -112.11686, 24.88488 ], [ -112.09865, 24.90189 ], [ -112.09582, 24.89954 ], [ -112.08276, 24.90126 ], [ -112.08712, 24.89564 ], [ -112.08425, 24.89298 ], [ -112.07927, 24.90746 ], [ -112.08304, 24.90361 ], [ -112.08777, 24.90601 ], [ -112.10501, 24.89982 ], [ -112.09469, 24.9199 ], [ -112.10606, 24.9159 ], [ -112.11144, 24.93577 ], [ -112.10436, 24.93846 ], [ -112.09678, 24.92617 ], [ -112.09219, 24.93307 ], [ -112.08129, 24.92325 ], [ -112.08452, 24.92857 ], [ -112.07633, 24.93338 ], [ -112.08368, 24.93074 ], [ -112.09845, 24.9404 ], [ -112.09603, 24.94473 ], [ -112.08753, 24.93803 ], [ -112.08371, 24.94505 ], [ -112.0794, 24.9387 ], [ -112.07818, 24.95031 ], [ -112.09089, 24.944 ], [ -112.1046, 24.95074 ], [ -112.10124, 24.94464 ], [ -112.11044, 24.94168 ], [ -112.10784, 24.95793 ], [ -112.09449, 24.96153 ], [ -112.10402, 24.98296 ], [ -112.09669, 25.00062 ], [ -112.10077, 25.00948 ], [ -112.1104, 25.00045 ], [ -112.10218, 24.99415 ], [ -112.1095, 24.97875 ], [ -112.11994, 24.98601 ], [ -112.11812, 24.97259 ], [ -112.13927, 24.94859 ], [ -112.13765, 24.93464 ], [ -112.1304, 24.9326 ], [ -112.13619, 24.92583 ], [ -112.1272, 24.92248 ], [ -112.14406, 24.90488 ], [ -112.13683, 24.88267 ], [ -112.14321, 24.88079 ], [ -112.14091, 24.86838 ], [ -112.15157, 24.86674 ], [ -112.13541, 24.86198 ], [ -112.13679, 24.84142 ], [ -112.14529, 24.83525 ], [ -112.14336, 24.80386 ], [ -112.16004, 24.83295 ], [ -112.14402, 24.84967 ], [ -112.15144, 24.85165 ], [ -112.15065, 24.8582 ], [ -112.1456, 24.85565 ], [ -112.14923, 24.86202 ], [ -112.15529, 24.85566 ], [ -112.15488, 24.84585 ], [ -112.17286, 24.82983 ], [ -112.16542, 24.82083 ], [ -112.16665, 24.81835 ], [ -112.16872, 24.82153 ], [ -112.17635, 24.82001 ], [ -112.16666, 24.81217 ], [ -112.17812, 24.81958 ], [ -112.18887, 24.85177 ], [ -112.185, 24.86063 ], [ -112.17863, 24.8515 ], [ -112.15676, 24.86828 ], [ -112.16085, 24.87495 ], [ -112.17316, 24.86709 ], [ -112.16302, 24.88166 ], [ -112.16792, 24.88451 ], [ -112.15699, 24.92202 ], [ -112.16095, 24.93408 ], [ -112.1803, 24.93847 ], [ -112.18354, 24.95984 ], [ -112.1708, 24.96792 ], [ -112.14484, 24.96569 ], [ -112.15243, 24.97762 ], [ -112.12226, 25.03808 ], [ -112.13074, 25.04697 ], [ -112.12018, 25.07243 ], [ -112.1384, 25.07702 ], [ -112.15544, 25.0682 ], [ -112.1561, 25.09769 ], [ -112.14649, 25.11196 ], [ -112.14729, 25.1034 ], [ -112.14408, 25.10167 ], [ -112.14052, 25.10743 ], [ -112.15122, 25.11937 ], [ -112.14931, 25.13727 ], [ -112.12965, 25.18409 ], [ -112.10791, 25.18723 ], [ -112.12481, 25.1912 ], [ -112.11445, 25.2106 ], [ -112.11628, 25.22695 ], [ -112.11411, 25.23198 ], [ -112.11405, 25.22251 ], [ -112.09392, 25.22107 ], [ -112.10852, 25.2329 ], [ -112.11402, 25.233 ], [ -112.11641, 25.2295 ], [ -112.11447, 25.24068 ], [ -112.09347, 25.23786 ], [ -112.08471, 25.24439 ], [ -112.08589, 25.23581 ], [ -112.08122, 25.23287 ], [ -112.07717, 25.24239 ], [ -112.07711, 25.25793 ], [ -112.08654, 25.25649 ], [ -112.07512, 25.27949 ], [ -112.08418, 25.2996 ], [ -112.07295, 25.30028 ], [ -112.07673, 25.33014 ], [ -112.07046, 25.33306 ], [ -112.07765, 25.34177 ], [ -112.07014, 25.3525 ], [ -112.08805, 25.35761 ], [ -112.0854, 25.36619 ], [ -112.07548, 25.36246 ], [ -112.07297, 25.36749 ], [ -112.086, 25.3713 ], [ -112.07483, 25.37239 ], [ -112.07489, 25.37661 ], [ -112.0949, 25.3753 ], [ -112.08736, 25.39261 ], [ -112.09375, 25.39985 ], [ -112.07808, 25.40645 ], [ -112.09055, 25.41398 ], [ -112.08621, 25.43233 ], [ -112.07531, 25.41483 ], [ -112.06713, 25.43104 ], [ -112.0684, 25.44722 ], [ -112.0749, 25.43985 ], [ -112.0886, 25.44301 ], [ -112.08253, 25.45763 ], [ -112.08761, 25.4627 ], [ -112.06618, 25.4631 ], [ -112.0804, 25.46622 ], [ -112.05844, 25.47331 ], [ -112.08329, 25.46965 ], [ -112.09052, 25.47885 ], [ -112.08658, 25.48538 ], [ -112.0856, 25.48061 ], [ -112.07788, 25.4836 ], [ -112.08571, 25.48527 ], [ -112.08034, 25.50855 ], [ -112.0705, 25.50492 ], [ -112.07858, 25.49839 ], [ -112.07533, 25.49031 ], [ -112.0638, 25.49294 ], [ -112.07046, 25.49463 ], [ -112.06783, 25.51234 ], [ -112.08003, 25.51372 ], [ -112.06316, 25.52156 ], [ -112.06955, 25.5339 ], [ -112.06447, 25.55635 ], [ -112.08465, 25.55795 ], [ -112.06615, 25.56397 ], [ -112.07432, 25.57687 ], [ -112.06173, 25.58743 ], [ -112.06308, 25.61787 ], [ -112.06995, 25.61523 ], [ -112.07396, 25.62347 ], [ -112.06522, 25.62602 ], [ -112.07082, 25.62619 ], [ -112.06503, 25.6369 ], [ -112.07325, 25.64694 ], [ -112.06429, 25.65199 ], [ -112.076, 25.66233 ], [ -112.0705, 25.67867 ], [ -112.07141, 25.68187 ], [ -112.0737, 25.6753 ], [ -112.08068, 25.68137 ], [ -112.08603, 25.67588 ], [ -112.08137, 25.69576 ], [ -112.07731, 25.68712 ], [ -112.07178, 25.68924 ], [ -112.07924, 25.70742 ], [ -112.07536, 25.72792 ], [ -112.08061, 25.72931 ], [ -112.08271, 25.70079 ], [ -112.09321, 25.69878 ], [ -112.08858, 25.70754 ], [ -112.09519, 25.73581 ], [ -112.09855, 25.73839 ], [ -112.09068, 25.71135 ], [ -112.09444, 25.71515 ], [ -112.09664, 25.69224 ], [ -112.10721, 25.77947 ], [ -112.12933, 25.81497 ], [ -112.19268, 25.98683 ], [ -112.23428, 26.03528 ], [ -112.27638, 26.05869 ], [ -112.27096, 26.07076 ], [ -112.28971, 26.05519 ], [ -112.30863, 26.07173 ], [ -112.32797, 26.1453 ], [ -112.3475, 26.18079 ], [ -112.37492, 26.21039 ], [ -112.36615, 26.22162 ], [ -112.37734, 26.21459 ], [ -112.41037, 26.24528 ], [ -112.4548, 26.26209 ], [ -112.47368, 26.25865 ], [ -112.47818, 26.23848 ], [ -112.49783, 26.23158 ], [ -112.57639, 26.27878 ], [ -112.57915, 26.2817 ], [ -112.57939, 26.28383 ], [ -112.57089, 26.28646 ], [ -112.58146, 26.28457 ], [ -112.61401, 26.30209 ], [ -112.61924, 26.309 ], [ -112.6129, 26.30503 ], [ -112.6109, 26.31281 ], [ -112.61554, 26.3193 ], [ -112.62022, 26.31035 ], [ -112.65299, 26.32521 ], [ -112.68004, 26.31466 ], [ -112.71095, 26.35656 ], [ -112.76173, 26.39624 ], [ -112.76397, 26.39139 ], [ -112.79189, 26.40709 ], [ -112.90011, 26.49094 ], [ -112.9629, 26.52862 ], [ -112.98163, 26.53054 ], [ -113.08485, 26.6186 ], [ -113.13484, 26.63609 ], [ -113.12454, 26.63879 ], [ -113.12457, 26.65197 ], [ -113.11199, 26.65934 ], [ -113.08636, 26.64143 ], [ -113.08208, 26.62284 ], [ -113.08137, 26.63545 ], [ -113.07626, 26.62846 ], [ -113.07, 26.63961 ], [ -113.05288, 26.6402 ], [ -113.09697, 26.69743 ], [ -113.13019, 26.72617 ], [ -113.14673, 26.75138 ], [ -113.15193, 26.74883 ], [ -113.1409, 26.75831 ], [ -113.15084, 26.77223 ], [ -113.14058, 26.78083 ], [ -113.14956, 26.79302 ], [ -113.12897, 26.79174 ], [ -113.12552, 26.79604 ], [ -113.14642, 26.80253 ], [ -113.15245, 26.79011 ], [ -113.16975, 26.79559 ], [ -113.17286, 26.76601 ], [ -113.18606, 26.76449 ], [ -113.18613, 26.75602 ], [ -113.18644, 26.76097 ], [ -113.18843, 26.7645 ], [ -113.20444, 26.76808 ], [ -113.2102, 26.76268 ], [ -113.24502, 26.78794 ], [ -113.21718, 26.79736 ], [ -113.21406, 26.78936 ], [ -113.1952, 26.79258 ], [ -113.20053, 26.79915 ], [ -113.2093, 26.79629 ], [ -113.13829, 26.85796 ], [ -113.13158, 26.89251 ], [ -113.13858, 26.93748 ], [ -113.16564, 26.99278 ], [ -113.17587, 26.99162 ], [ -113.16926, 26.9796 ], [ -113.188, 26.96815 ], [ -113.20103, 26.928 ], [ -113.19648, 26.89546 ], [ -113.20377, 26.85052 ], [ -113.23125, 26.83523 ], [ -113.25293, 26.84531 ], [ -113.27176, 26.81952 ], [ -113.26635, 26.81557 ], [ -113.27363, 26.78744 ], [ -113.26358, 26.7838 ], [ -113.26882, 26.75198 ], [ -113.28525, 26.75226 ], [ -113.36868, 26.79748 ], [ -113.45783, 26.80531 ], [ -113.46119, 26.8101 ], [ -113.45516, 26.8115 ], [ -113.446, 26.80813 ], [ -113.41356, 26.80703 ], [ -113.44855, 26.81032 ], [ -113.41221, 26.81341 ], [ -113.41017, 26.81835 ], [ -113.43283, 26.81645 ], [ -113.42101, 26.8257 ], [ -113.40009, 26.81173 ], [ -113.39107, 26.81463 ], [ -113.39618, 26.82584 ], [ -113.417, 26.83255 ], [ -113.43323, 26.82653 ], [ -113.45398, 26.8314 ], [ -113.46541, 26.82956 ], [ -113.47017, 26.81561 ], [ -113.47319, 26.82535 ], [ -113.48527, 26.81933 ], [ -113.48742, 26.81347 ], [ -113.47352, 26.81177 ], [ -113.4786, 26.81019 ], [ -113.4796, 26.80804 ], [ -113.46384, 26.81255 ], [ -113.46646, 26.80401 ], [ -113.51053, 26.78953 ], [ -113.52148, 26.75299 ], [ -113.54905, 26.73751 ], [ -113.54698, 26.71885 ], [ -113.56973, 26.71493 ], [ -113.57704, 26.70475 ], [ -113.62236, 26.71977 ], [ -113.64149, 26.73142 ], [ -113.65965, 26.75748 ], [ -113.69987, 26.79094 ], [ -113.66586, 26.77522 ], [ -113.65881, 26.75973 ], [ -113.64449, 26.75648 ], [ -113.64341, 26.73837 ], [ -113.58951, 26.71409 ], [ -113.60642, 26.73239 ], [ -113.63701, 26.73968 ], [ -113.64172, 26.7585 ], [ -113.65621, 26.76175 ], [ -113.67094, 26.78556 ], [ -113.69169, 26.79586 ], [ -113.70829, 26.78891 ], [ -113.73368, 26.79945 ], [ -113.78722, 26.91803 ], [ -113.85529, 26.9708 ], [ -113.90716, 26.99141 ], [ -113.95225, 26.99898 ], [ -113.97587, 26.99316 ], [ -113.98301, 26.97221 ], [ -114.00313, 26.9695 ], [ -114.05282, 27.02023 ], [ -114.06033, 27.05018 ], [ -114.09061, 27.08648 ], [ -114.15748, 27.12873 ], [ -114.19604, 27.14266 ], [ -114.26058, 27.15155 ], [ -114.29003, 27.1435 ], [ -114.29634, 27.12274 ], [ -114.3318, 27.15603 ], [ -114.36219, 27.16288 ], [ -114.38222, 27.17949 ], [ -114.39621, 27.18204 ], [ -114.41501, 27.16866 ], [ -114.4352, 27.17712 ], [ -114.42719, 27.18923 ], [ -114.43443, 27.20924 ], [ -114.45577, 27.22051 ], [ -114.47932, 27.21678 ], [ -114.48779, 27.22829 ], [ -114.48824, 27.34579 ], [ -114.51408, 27.41687 ], [ -114.56402, 27.45052 ], [ -114.57682, 27.4518 ], [ -114.6019, 27.47875 ], [ -114.71319, 27.52145 ], [ -114.73795, 27.52423 ], [ -114.75895, 27.54832 ], [ -114.76841, 27.58168 ], [ -114.79359, 27.615 ], [ -114.8304, 27.6311 ], [ -114.84386, 27.62757 ], [ -114.84702, 27.61695 ], [ -114.87402, 27.64336 ], [ -114.87146, 27.64988 ], [ -114.85662, 27.63784 ], [ -114.84726, 27.64794 ], [ -114.84643, 27.6757 ], [ -114.86594, 27.69531 ], [ -114.87824, 27.69918 ], [ -114.89351, 27.69005 ], [ -114.90061, 27.66351 ], [ -114.93386, 27.67803 ], [ -114.93669, 27.69832 ], [ -114.95388, 27.71633 ], [ -114.99021, 27.72878 ], [ -115.00682, 27.71643 ], [ -115.01698, 27.73931 ], [ -115.02593, 27.74065 ], [ -115.05209, 27.82 ], [ -115.08245, 27.84795 ], [ -115.05476, 27.86175 ], [ -115.00911, 27.82875 ], [ -114.97615, 27.82523 ], [ -114.9145, 27.83464 ], [ -114.86596, 27.83048 ], [ -114.83497, 27.80934 ], [ -114.78728, 27.81571 ], [ -114.76197, 27.80585 ], [ -114.73687, 27.80851 ], [ -114.72164, 27.80495 ], [ -114.71722, 27.79453 ], [ -114.70256, 27.78822 ], [ -114.66999, 27.78936 ], [ -114.6387, 27.77693 ], [ -114.60541, 27.77395 ], [ -114.53313, 27.7862 ], [ -114.50089, 27.77214 ], [ -114.40041, 27.81853 ], [ -114.39473, 27.81482 ], [ -114.40654, 27.81447 ], [ -114.40146, 27.80772 ], [ -114.39082, 27.8042 ], [ -114.39455, 27.80882 ], [ -114.3911, 27.81017 ], [ -114.38639, 27.80311 ], [ -114.36001, 27.81512 ], [ -114.33784, 27.80805 ], [ -114.33075, 27.78896 ], [ -114.32469, 27.78768 ], [ -114.32785, 27.79857 ], [ -114.343, 27.81451 ], [ -114.33644, 27.81551 ], [ -114.33757, 27.81293 ], [ -114.32954, 27.80251 ], [ -114.33572, 27.83064 ], [ -114.33026, 27.82756 ], [ -114.33377, 27.83486 ], [ -114.32839, 27.83045 ], [ -114.32484, 27.83698 ], [ -114.33223, 27.84263 ], [ -114.33239, 27.84626 ], [ -114.32268, 27.84384 ], [ -114.33365, 27.85039 ], [ -114.32722, 27.8513 ], [ -114.33243, 27.85913 ], [ -114.34118, 27.8578 ], [ -114.3385, 27.85076 ], [ -114.34647, 27.8541 ], [ -114.34373, 27.84702 ], [ -114.35223, 27.84821 ], [ -114.35694, 27.83413 ], [ -114.36915, 27.84223 ], [ -114.38312, 27.82063 ], [ -114.38983, 27.81713 ], [ -114.39116, 27.8225 ], [ -114.38026, 27.83574 ], [ -114.34181, 27.86353 ], [ -114.30717, 27.87228 ], [ -114.29324, 27.85969 ], [ -114.29513, 27.84629 ], [ -114.30301, 27.8567 ], [ -114.29602, 27.84565 ], [ -114.29564, 27.83491 ], [ -114.29653, 27.83067 ], [ -114.29871, 27.82741 ], [ -114.29634, 27.83843 ], [ -114.30388, 27.84616 ], [ -114.29777, 27.83695 ], [ -114.30902, 27.84171 ], [ -114.29936, 27.82847 ], [ -114.30479, 27.81187 ], [ -114.3042, 27.81817 ], [ -114.31177, 27.8271 ], [ -114.30539, 27.81839 ], [ -114.31408, 27.82767 ], [ -114.32251, 27.82129 ], [ -114.30687, 27.80809 ], [ -114.30579, 27.8018 ], [ -114.30702, 27.8066 ], [ -114.31143, 27.80707 ], [ -114.30728, 27.79619 ], [ -114.31024, 27.79032 ], [ -114.31466, 27.79445 ], [ -114.31187, 27.78453 ], [ -114.32105, 27.77599 ], [ -114.31539, 27.77196 ], [ -114.3139, 27.77685 ], [ -114.31553, 27.77904 ], [ -114.31539, 27.77936 ], [ -114.31483, 27.77966 ], [ -114.29875, 27.7479 ], [ -114.24025, 27.69567 ], [ -114.2277, 27.68872 ], [ -114.20013, 27.69128 ], [ -114.16096, 27.6722 ], [ -114.14709, 27.65671 ], [ -114.15268, 27.66206 ], [ -114.12652, 27.59885 ], [ -114.12832, 27.58787 ], [ -114.11314, 27.58659 ], [ -114.10812, 27.60009 ], [ -114.11234, 27.58652 ], [ -114.10757, 27.60057 ], [ -114.10699, 27.60087 ], [ -114.11073, 27.58988 ], [ -114.10161, 27.58591 ], [ -114.08023, 27.5967 ], [ -114.07208, 27.59297 ], [ -114.09007, 27.61219 ], [ -114.05606, 27.64251 ], [ -114.06051, 27.63681 ], [ -114.02104, 27.66134 ], [ -113.96966, 27.65858 ], [ -113.95937, 27.65148 ], [ -113.96362, 27.66484 ], [ -113.95597, 27.65582 ], [ -113.92612, 27.67837 ], [ -113.92507, 27.70087 ], [ -113.91582, 27.70954 ], [ -113.9275, 27.72728 ], [ -113.94833, 27.73334 ], [ -113.94235, 27.74157 ], [ -113.94515, 27.74494 ], [ -113.95239, 27.73767 ], [ -113.97305, 27.75199 ], [ -113.97656, 27.74279 ], [ -113.97742, 27.74552 ], [ -113.97307, 27.75297 ], [ -113.97224, 27.75277 ], [ -113.98186, 27.75932 ], [ -113.98786, 27.75421 ], [ -113.9906, 27.76212 ], [ -114.01012, 27.74599 ], [ -114.02883, 27.7413 ], [ -114.0398, 27.75729 ], [ -114.0452, 27.78968 ], [ -114.05231, 27.78725 ], [ -114.05563, 27.80005 ], [ -114.07118, 27.81221 ], [ -114.07819, 27.80307 ], [ -114.08266, 27.80432 ], [ -114.08487, 27.80251 ], [ -114.08554, 27.80066 ], [ -114.07335, 27.80153 ], [ -114.07968, 27.79865 ], [ -114.05115, 27.76335 ], [ -114.04431, 27.73739 ], [ -114.07442, 27.73671 ], [ -114.07013, 27.73104 ], [ -114.07639, 27.73179 ], [ -114.07829, 27.72302 ], [ -114.08216, 27.72656 ], [ -114.07941, 27.72488 ], [ -114.07869, 27.73118 ], [ -114.07478, 27.73284 ], [ -114.07689, 27.73911 ], [ -114.08274, 27.72637 ], [ -114.10527, 27.71387 ], [ -114.1002, 27.71537 ], [ -114.09795, 27.71538 ], [ -114.09602, 27.71411 ], [ -114.09831, 27.70686 ], [ -114.12333, 27.71141 ], [ -114.14643, 27.72618 ], [ -114.15898, 27.77622 ], [ -114.17726, 27.79947 ], [ -114.17582, 27.81319 ], [ -114.16578, 27.82197 ], [ -114.16177, 27.82944 ], [ -114.17791, 27.81963 ], [ -114.17858, 27.82295 ], [ -114.13347, 27.88246 ], [ -114.13567, 27.87496 ], [ -114.13429, 27.87349 ], [ -114.13042, 27.87311 ], [ -114.12725, 27.89002 ], [ -114.15178, 27.89893 ], [ -114.13531, 27.89462 ], [ -114.13269, 27.89707 ], [ -114.15875, 27.90161 ], [ -114.16661, 27.90688 ], [ -114.16839, 27.91199 ], [ -114.20315, 27.91592 ], [ -114.17242, 27.92227 ], [ -114.1695, 27.91263 ], [ -114.16742, 27.91219 ], [ -114.16758, 27.91064 ], [ -114.16404, 27.90947 ], [ -114.15211, 27.91943 ], [ -114.14556, 27.90677 ], [ -114.15157, 27.90331 ], [ -114.14427, 27.90176 ], [ -114.14226, 27.91059 ], [ -114.14432, 27.91063 ], [ -114.15097, 27.92019 ], [ -114.14634, 27.91783 ], [ -114.14776, 27.91639 ], [ -114.14745, 27.91588 ], [ -114.14656, 27.91573 ], [ -114.13592, 27.91892 ], [ -114.1535, 27.92082 ], [ -114.16394, 27.91507 ], [ -114.15769, 27.92689 ], [ -114.16601, 27.92838 ], [ -114.1636, 27.93763 ], [ -114.15865, 27.93448 ], [ -114.15423, 27.93601 ], [ -114.15388, 27.93788 ], [ -114.15664, 27.94228 ], [ -114.14416, 27.93969 ], [ -114.1551, 27.94338 ], [ -114.1574, 27.94186 ], [ -114.15486, 27.93584 ], [ -114.16381, 27.93817 ], [ -114.16826, 27.92845 ], [ -114.16584, 27.91925 ], [ -114.17259, 27.92414 ], [ -114.17142, 27.94907 ], [ -114.15907, 27.94786 ], [ -114.16898, 27.9523 ], [ -114.17764, 27.94306 ], [ -114.17928, 27.94846 ], [ -114.18671, 27.9531 ], [ -114.17462, 27.93949 ], [ -114.17942, 27.92232 ], [ -114.19732, 27.92379 ], [ -114.17923, 27.93012 ], [ -114.18223, 27.93115 ], [ -114.19603, 27.92835 ], [ -114.2034, 27.92025 ], [ -114.21335, 27.9325 ], [ -114.20981, 27.9229 ], [ -114.22487, 27.92981 ], [ -114.21564, 27.91969 ], [ -114.23653, 27.9205 ], [ -114.26381, 27.88745 ], [ -114.27442, 27.90208 ], [ -114.27394, 27.92972 ], [ -114.20544, 28.0 ] ] ] ] } },
{ "type": "Feature", "properties": { "CVEGEO": "04", "CVE_ENT": "04", "NOMGEO": "Campeche" }, "geometry": { "type": "MultiPolygon", "coordinates": [ [ [ [ -91.95774, 20.19674 ], [ -91.95547, 20.19653 ], [ -91.95546, 20.19611 ], [ -91.95774, 20.19674 ] ] ], [ [ [ -91.97896, 20.20403 ], [ -91.97649, 20.20314 ], [ -91.97664, 20.20266 ], [ -91.97896, 20.20403 ] ] ], [ [ [ -91.96101, 20.20348 ], [ -91.96411, 20.20241 ], [ -91.96232, 20.20862 ], [ -91.96101, 20.20348 ] ] ], [ [ [ -90.49631, 20.34371 ], [ -90.49883, 20.34307 ], [ -90.49869, 20.34419 ], [ -90.49631, 20.34371 ] ] ], [ [ [ -90.46476, 20.64421 ], [ -90.47091, 20.59839 ], [ -90.47825, 20.61826 ], [ -90.46965, 20.65307 ], [ -90.46476, 20.64421 ] ] ], [ [ [ -90.46158, 20.65552 ], [ -90.46239, 20.63938 ], [ -90.46298, 20.64755 ], [ -90.46945, 20.65843 ], [ -90.46158, 20.65552 ] ] ], [ [ [ -90.4586, 20.69374 ], [ -90.45124, 20.67392 ], [ -90.45686, 20.67453 ], [ -90.4541, 20.65589 ], [ -90.4668, 20.67565 ], [ -90.4586, 20.69374 ] ] ], [ [ [ -90.37936, 20.84833 ], [ -90.38665, 20.55559 ], [ -90.34114, 20.5537 ], [ -90.33524, 20.57635 ], [ -90.33524, 20.54131 ], [ -90.22924, 20.54356 ], [ -90.23251, 20.51989 ], [ -90.22377, 20.51916 ], [ -90.23421, 20.47047 ], [ -90.18479, 20.46105 ], [ -90.1863, 20.43693 ], [ -90.13157, 20.44308 ], [ -90.10097, 20.42525 ], [ -90.06721, 20.42523 ], [ -90.04169, 20.46645 ], [ -90.00562, 20.47737 ], [ -90.00417, 20.48702 ], [ -89.83796, 20.28718 ], [ -89.87238, 20.28763 ], [ -89.87566, 20.2531 ], [ -89.84068, 20.25103 ], [ -89.84616, 20.20969 ], [ -89.80251, 20.20161 ], [ -89.80287, 20.16491 ], [ -89.79397, 20.13617 ], [ -89.74847, 20.17927 ], [ -89.5987, 19.9982 ], [ -89.60467, 19.93828 ], [ -89.59584, 19.93742 ], [ -89.59745, 19.92112 ], [ -89.58681, 19.92046 ], [ -89.5875, 19.87442 ], [ -89.52567, 19.77555 ], [ -89.47591, 19.77122 ], [ -89.47915, 19.74065 ], [ -89.49166, 19.74223 ], [ -89.47722, 19.71105 ], [ -89.4683, 19.70016 ], [ -89.44811, 19.69835 ], [ -89.41248, 19.64938 ], [ -89.14667, 19.42386 ], [ -89.14695, 19.13316 ], [ -89.13582, 19.13237 ], [ -89.14712, 18.99505 ], [ -89.14438, 18.75592 ], [ -89.15574, 18.75311 ], [ -89.15024, 18.45106 ], [ -89.12549, 18.45063 ], [ -89.12123, 18.38585 ], [ -89.13821, 18.38554 ], [ -89.13236, 18.2934 ], [ -89.15167, 18.29356 ], [ -89.15806, 18.22133 ], [ -89.14287, 18.22416 ], [ -89.14307, 18.14582 ], [ -89.20024, 18.14463 ], [ -89.20246, 18.08328 ], [ -89.14438, 18.08244 ], [ -89.14475, 18.0577 ], [ -89.16336, 18.05789 ], [ -89.163, 18.01852 ], [ -89.20674, 18.02108 ], [ -89.20741, 17.99265 ], [ -89.20587, 17.9541 ], [ -89.15217, 17.95361 ], [ -89.15171, 17.81561 ], [ -90.3606, 17.81287 ], [ -90.98764, 17.81547 ], [ -90.98766, 17.87536 ], [ -90.99564, 17.87549 ], [ -90.99551, 17.90216 ], [ -90.98767, 17.90135 ], [ -90.98795, 17.96255 ], [ -91.1202, 17.96338 ], [ -91.11358, 17.97585 ], [ -91.13067, 17.98225 ], [ -91.13318, 17.95801 ], [ -91.15112, 17.96267 ], [ -91.14473, 17.97516 ], [ -91.21746, 17.97499 ], [ -91.24001, 17.987 ], [ -91.25014, 18.00679 ], [ -91.28142, 18.02401 ], [ -91.29674, 18.04194 ], [ -91.3229, 18.05293 ], [ -91.32702, 18.06267 ], [ -91.35943, 18.07037 ], [ -91.38443, 18.06407 ], [ -91.39859, 18.08001 ], [ -91.43337, 18.0821 ], [ -91.47732, 18.1128 ], [ -91.50404, 18.11646 ], [ -91.50573, 18.13 ], [ -91.51653, 18.13049 ], [ -91.51521, 18.15495 ], [ -91.50186, 18.15557 ], [ -91.50934, 18.17105 ], [ -91.53451, 18.14617 ], [ -91.55276, 18.15818 ], [ -91.57997, 18.15818 ], [ -91.58273, 18.15246 ], [ -91.5722, 18.14202 ], [ -91.59535, 18.12518 ], [ -91.58975, 18.10801 ], [ -91.60322, 18.10774 ], [ -91.6095, 18.09844 ], [ -91.60758, 18.07451 ], [ -91.61929, 18.0608 ], [ -91.61227, 18.04502 ], [ -91.62474, 17.94907 ], [ -91.61271, 17.91292 ], [ -91.63309, 17.90502 ], [ -91.6291, 17.89713 ], [ -91.63881, 17.87395 ], [ -91.7251, 17.92449 ], [ -91.76049, 17.95763 ], [ -91.7571, 17.93973 ], [ -91.76227, 17.93901 ], [ -91.80464, 17.97255 ], [ -91.86721, 17.98327 ], [ -91.90035, 18.01215 ], [ -91.96675, 18.01599 ], [ -91.97878, 18.04283 ], [ -91.99215, 18.03926 ], [ -92.01443, 18.05261 ], [ -92.02824, 18.07717 ], [ -92.0421, 18.07832 ], [ -92.03599, 18.08736 ], [ -92.03994, 18.09795 ], [ -92.0768, 18.09429 ], [ -92.08297, 18.08569 ], [ -92.12166, 18.10175 ], [ -92.12834, 18.12015 ], [ -92.14904, 18.13673 ], [ -92.14878, 18.1493 ], [ -92.1609, 18.15542 ], [ -92.16442, 18.19787 ], [ -92.14894, 18.21041 ], [ -92.18324, 18.27406 ], [ -92.17295, 18.27534 ], [ -92.17443, 18.2933 ], [ -92.18043, 18.28982 ], [ -92.17136, 18.33895 ], [ -92.18195, 18.3759 ], [ -92.17615, 18.45823 ], [ -92.31029, 18.45558 ], [ -92.32253, 18.47308 ], [ -92.3538, 18.44229 ], [ -92.36549, 18.46462 ], [ -92.41292, 18.48561 ], [ -92.42527, 18.51131 ], [ -92.42504, 18.55334 ], [ -92.46575, 18.61656 ], [ -92.46879, 18.65096 ], [ -92.36377, 18.66964 ], [ -91.97596, 18.69936 ], [ -91.95095, 18.69291 ], [ -91.90088, 18.63016 ], [ -91.85669, 18.61263 ], [ -91.82587, 18.6302 ], [ -91.844, 18.64707 ], [ -91.84628, 18.64433 ], [ -91.85404, 18.64728 ], [ -91.84828, 18.64718 ], [ -91.8551, 18.65116 ], [ -91.84134, 18.66426 ], [ -91.74356, 18.67907 ], [ -91.70086, 18.69858 ], [ -91.69693, 18.70679 ], [ -91.66247, 18.71699 ], [ -91.53436, 18.77977 ], [ -91.5224, 18.76562 ], [ -91.49826, 18.78164 ], [ -91.49747, 18.79196 ], [ -91.44995, 18.83049 ], [ -91.39649, 18.89007 ], [ -91.11816, 19.03197 ], [ -91.08053, 19.06793 ], [ -90.8992, 19.18373 ], [ -90.75831, 19.3077 ], [ -90.72266, 19.35891 ], [ -90.72505, 19.40191 ], [ -90.70296, 19.48657 ], [ -90.7111, 19.52753 ], [ -90.70411, 19.55357 ], [ -90.71192, 19.56229 ], [ -90.68556, 19.62536 ], [ -90.68966, 19.63961 ], [ -90.69574, 19.63673 ], [ -90.69152, 19.64274 ], [ -90.70744, 19.64916 ], [ -90.70627, 19.65439 ], [ -90.70968, 19.64967 ], [ -90.74368, 19.65509 ], [ -90.70636, 19.65467 ], [ -90.70409, 19.66674 ], [ -90.71236, 19.67171 ], [ -90.67098, 19.71743 ], [ -90.66131, 19.7589 ], [ -90.59323, 19.81706 ], [ -90.52211, 19.85836 ], [ -90.52913, 19.86595 ], [ -90.52149, 19.8588 ], [ -90.50888, 19.86625 ], [ -90.4473, 19.95947 ], [ -90.45375, 19.9619 ], [ -90.45209, 19.97415 ], [ -90.46119, 19.97295 ], [ -90.47067, 19.98577 ], [ -90.47314, 19.9948 ], [ -90.46128, 20.00265 ], [ -90.46256, 20.01403 ], [ -90.47857, 20.03097 ], [ -90.49123, 20.06126 ], [ -90.47877, 20.11321 ], [ -90.49515, 20.1601 ], [ -90.47983, 20.17343 ], [ -90.47743, 20.18521 ], [ -90.47936, 20.20803 ], [ -90.48558, 20.20427 ], [ -90.48675, 20.2118 ], [ -90.48048, 20.2089 ], [ -90.4891, 20.21563 ], [ -90.48879, 20.33086 ], [ -90.49668, 20.34092 ], [ -90.488, 20.34676 ], [ -90.49339, 20.34902 ], [ -90.48286, 20.37451 ], [ -90.49649, 20.42917 ], [ -90.49266, 20.44754 ], [ -90.50262, 20.46412 ], [ -90.49822, 20.46921 ], [ -90.4855, 20.46287 ], [ -90.47498, 20.47058 ], [ -90.4938, 20.47932 ], [ -90.50215, 20.47182 ], [ -90.50231, 20.49756 ], [ -90.44817, 20.63378 ], [ -90.44332, 20.71919 ], [ -90.45255, 20.68573 ], [ -90.45401, 20.70331 ], [ -90.44851, 20.71628 ], [ -90.43389, 20.72818 ], [ -90.43117, 20.74658 ], [ -90.41442, 20.7542 ], [ -90.40748, 20.76827 ], [ -90.40683, 20.77636 ], [ -90.41492, 20.77594 ], [ -90.4154, 20.8169 ], [ -90.40452, 20.84676 ], [ -90.37936, 20.84833 ] ] ] ] } },
{ "type": "Feature", "properties": { "CVEGEO": "05", "CVE_ENT": "05", "NOMGEO": "Coahuila de Zaragoza" }, "geometry": { "type": "Polygon", "coordinates": [ [ [ -102.31549, 29.88 ], [ -102.28711, 29.87133 ], [ -102.28124, 29.86293 ], [ -102.2651, 29.8677 ], [ -102.26034, 29.85312 ], [ -102.24644, 29.86423 ], [ -102.2446, 29.84877 ], [ -102.22323, 29.84054 ], [ -102.20984, 29.84447 ], [ -102.19626, 29.83626 ], [ -102.18703, 29.84877 ], [ -102.17854, 29.84009 ], [ -102.17955, 29.82606 ], [ -102.167, 29.82594 ], [ -102.14358, 29.80358 ], [ -102.1194, 29.80264 ], [ -102.11527, 29.79242 ], [ -102.08365, 29.79529 ], [ -102.07222, 29.78662 ], [ -102.04912, 29.78546 ], [ -102.03814, 29.79192 ], [ -102.03545, 29.80425 ], [ -102.01457, 29.79755 ], [ -101.9972, 29.80618 ], [ -101.98786, 29.79699 ], [ -101.97549, 29.81568 ], [ -101.95762, 29.79587 ], [ -101.93543, 29.79956 ], [ -101.92895, 29.78271 ], [ -101.91193, 29.79804 ], [ -101.87483, 29.79408 ], [ -101.85321, 29.80776 ], [ -101.8236, 29.78727 ], [ -101.81867, 29.79254 ], [ -101.82552, 29.80751 ], [ -101.81765, 29.81167 ], [ -101.80377, 29.80379 ], [ -101.81403, 29.79241 ], [ -101.80437, 29.78004 ], [ -101.78879, 29.77956 ], [ -101.78546, 29.78833 ], [ -101.7753, 29.78917 ], [ -101.73455, 29.77149 ], [ -101.71924, 29.77572 ], [ -101.71008, 29.76182 ], [ -101.68966, 29.77108 ], [ -101.67603, 29.76057 ], [ -101.66146, 29.77126 ], [ -101.64386, 29.75407 ], [ -101.62719, 29.77087 ], [ -101.57486, 29.76928 ], [ -101.56948, 29.79681 ], [ -101.54465, 29.81219 ], [ -101.53499, 29.7976 ], [ -101.53665, 29.75812 ], [ -101.50222, 29.76416 ], [ -101.4643, 29.78961 ], [ -101.45342, 29.78467 ], [ -101.44768, 29.75049 ], [ -101.40132, 29.77071 ], [ -101.39865, 29.76264 ], [ -101.4157, 29.74641 ], [ -101.39718, 29.73535 ], [ -101.39768, 29.71379 ], [ -101.37091, 29.69881 ], [ -101.37349, 29.67748 ], [ -101.36071, 29.64869 ], [ -101.34586, 29.66276 ], [ -101.31902, 29.66064 ], [ -101.30175, 29.65096 ], [ -101.31268, 29.6059 ], [ -101.30025, 29.57431 ], [ -101.2904, 29.57278 ], [ -101.27891, 29.58767 ], [ -101.28077, 29.61715 ], [ -101.27118, 29.62737 ], [ -101.26339, 29.63056 ], [ -101.24915, 29.62286 ], [ -101.25226, 29.60316 ], [ -101.24301, 29.56617 ], [ -101.25833, 29.54277 ], [ -101.2586, 29.52244 ], [ -101.18555, 29.518 ], [ -101.14763, 29.47446 ], [ -101.08772, 29.4727 ], [ -101.06181, 29.46425 ], [ -101.057, 29.44075 ], [ -101.04319, 29.42943 ], [ -101.03707, 29.40645 ], [ -101.01811, 29.38931 ], [ -101.01006, 29.36853 ], [ -100.96478, 29.34756 ], [ -100.95024, 29.34794 ], [ -100.93985, 29.33262 ], [ -100.88644, 29.30778 ], [ -100.87687, 29.28014 ], [ -100.85509, 29.27572 ], [ -100.83488, 29.26159 ], [ -100.81379, 29.26371 ], [ -100.8162, 29.25364 ], [ -100.79598, 29.24519 ], [ -100.79581, 29.22876 ], [ -100.78517, 29.22787 ], [ -100.77383, 29.21057 ], [ -100.77603, 29.19975 ], [ -100.76701, 29.19571 ], [ -100.77278, 29.16839 ], [ -100.73932, 29.15018 ], [ -100.72447, 29.12728 ], [ -100.67612, 29.1033 ], [ -100.64567, 28.9879 ], [ -100.65146, 28.94286 ], [ -100.62965, 28.92255 ], [ -100.64091, 28.91462 ], [ -100.63256, 28.90374 ], [ -100.62254, 28.91019 ], [ -100.61337, 28.90118 ], [ -100.60095, 28.90161 ], [ -100.60342, 28.88768 ], [ -100.58926, 28.8855 ], [ -100.5988, 28.8748 ], [ -100.573, 28.84877 ], [ -100.57442, 28.82855 ], [ -100.54763, 28.82624 ], [ -100.54611, 28.81283 ], [ -100.53513, 28.80471 ], [ -100.53344, 28.75881 ], [ -100.52106, 28.75761 ], [ -100.50737, 28.74042 ], [ -100.51202, 28.70649 ], [ -100.50018, 28.66167 ], [ -100.46147, 28.64084 ], [ -100.44618, 28.64169 ], [ -100.44716, 28.60923 ], [ -100.39869, 28.58538 ], [ -100.411, 28.54975 ], [ -100.38854, 28.5154 ], [ -100.33387, 28.49928 ], [ -100.34437, 28.48616 ], [ -100.3684, 28.47667 ], [ -100.33747, 28.44302 ], [ -100.33591, 28.43014 ], [ -100.34948, 28.4034 ], [ -100.34293, 28.38716 ], [ -100.28676, 28.31324 ], [ -100.29362, 28.27876 ], [ -100.25452, 28.23787 ], [ -100.22064, 28.23276 ], [ -100.20916, 28.19123 ], [ -100.18425, 28.18496 ], [ -100.15912, 28.16769 ], [ -100.14068, 28.16801 ], [ -100.08461, 28.14503 ], [ -100.05647, 28.10475 ], [ -100.053, 28.08505 ], [ -100.01775, 28.06513 ], [ -100.00764, 28.02146 ], [ -99.99049, 27.99362 ], [ -99.93122, 27.98058 ], [ -99.93765, 27.94219 ], [ -99.89353, 27.89948 ], [ -99.90408, 27.8737 ], [ -99.87696, 27.84147 ], [ -99.87764, 27.79965 ], [ -99.85076, 27.7939 ], [ -99.84437, 27.77844 ], [ -99.84322, 27.76986 ], [ -99.9324, 27.67471 ], [ -99.99884, 27.61528 ], [ -100.18843, 27.79914 ], [ -100.35061, 27.6846 ], [ -100.4177, 27.39363 ], [ -100.67801, 27.3348 ], [ -100.83412, 27.19517 ], [ -100.83056, 27.07389 ], [ -100.80961, 27.06837 ], [ -100.79944, 27.04583 ], [ -100.76586, 27.06333 ], [ -100.74853, 27.04915 ], [ -100.74771, 27.03626 ], [ -100.73584, 27.04758 ], [ -100.74862, 27.08125 ], [ -100.71966, 27.0792 ], [ -100.70811, 27.09985 ], [ -100.68272, 27.11139 ], [ -100.67424, 27.0846 ], [ -100.66249, 27.08651 ], [ -100.6537, 27.07573 ], [ -100.534, 27.04558 ], [ -100.54525, 26.97836 ], [ -100.53824, 26.93972 ], [ -100.54493, 26.92535 ], [ -100.54067, 26.88097 ], [ -100.55136, 26.85873 ], [ -100.53816, 26.80856 ], [ -100.59014, 26.75952 ], [ -100.6144, 26.68564 ], [ -100.69123, 26.61379 ], [ -100.75304, 26.73521 ], [ -101.20676, 26.36978 ], [ -101.09762, 26.25291 ], [ -101.06857, 26.18903 ], [ -101.0474, 26.16985 ], [ -100.98274, 26.13948 ], [ -100.9429, 26.08679 ], [ -100.91642, 26.07561 ], [ -100.90461, 26.0087 ], [ -100.90553, 25.95695 ], [ -100.87688, 25.94722 ], [ -100.83442, 25.94504 ], [ -100.82267, 25.91688 ], [ -100.83577, 25.86659 ], [ -100.84707, 25.85789 ], [ -100.8619, 25.81848 ], [ -100.80561, 25.7243 ], [ -100.78778, 25.6836 ], [ -100.78342, 25.63968 ], [ -100.72977, 25.6339 ], [ -100.71992, 25.60307 ], [ -100.69029, 25.5671 ], [ -100.6329, 25.5713 ], [ -100.61196, 25.5514 ], [ -100.61473, 25.54235 ], [ -100.5943, 25.54437 ], [ -100.53844, 25.53185 ], [ -100.5297, 25.51439 ], [ -100.59975, 25.51996 ], [ -100.61909, 25.50569 ], [ -100.57951, 25.49454 ], [ -100.58489, 25.47081 ], [ -100.53088, 25.46347 ], [ -100.52541, 25.44975 ], [ -100.51746, 25.44904 ], [ -100.5227, 25.43432 ], [ -100.49355, 25.43084 ], [ -100.45188, 25.41081 ], [ -100.4701, 25.33779 ], [ -100.41456, 25.327 ], [ -100.3268, 25.34036 ], [ -100.31302, 25.33637 ], [ -100.26397, 25.30529 ], [ -100.25414, 25.30691 ], [ -100.24314, 25.26744 ], [ -100.26251, 25.25402 ], [ -100.23442, 25.2355 ], [ -100.2472, 25.23017 ], [ -100.22958, 25.21792 ], [ -100.26138, 25.20707 ], [ -100.32555, 25.22226 ], [ -100.33201, 25.18629 ], [ -100.47252, 25.2312 ], [ -100.59569, 25.25476 ], [ -100.70889, 25.23646 ], [ -100.80313, 25.16526 ], [ -100.82151, 24.99671 ], [ -100.79206, 24.97915 ], [ -100.7275, 24.91872 ], [ -100.82613, 24.835 ], [ -100.79698, 24.75081 ], [ -100.80547, 24.59634 ], [ -100.79993, 24.55619 ], [ -100.81042, 24.55159 ], [ -100.84781, 24.55562 ], [ -100.90223, 24.58392 ], [ -100.95879, 24.54268 ], [ -101.0805, 24.59119 ], [ -101.12762, 24.62336 ], [ -101.16465, 24.68156 ], [ -101.17904, 24.73296 ], [ -101.20173, 24.76549 ], [ -101.21504, 24.77517 ], [ -101.34214, 24.81335 ], [ -101.40216, 24.78822 ], [ -101.41265, 24.77206 ], [ -101.46164, 24.73676 ], [ -101.62227, 24.75898 ], [ -101.64077, 24.8007 ], [ -101.60901, 24.78966 ], [ -101.60126, 24.83556 ], [ -101.65633, 24.86079 ], [ -101.68515, 24.84001 ], [ -101.77346, 24.87554 ], [ -101.8319, 24.97217 ], [ -101.84881, 25.01762 ], [ -102.08181, 25.0707 ], [ -102.23762, 25.11846 ], [ -102.29551, 25.12524 ], [ -102.46333, 25.11592 ], [ -102.44676, 24.99952 ], [ -102.66969, 25.06664 ], [ -102.85313, 24.772 ], [ -102.8564, 24.73977 ], [ -102.86955, 24.74203 ], [ -102.89543, 24.76599 ], [ -102.92143, 24.77295 ], [ -102.92327, 24.78032 ], [ -102.94927, 24.77976 ], [ -102.96492, 24.79401 ], [ -102.97457, 24.79281 ], [ -102.97518, 24.79945 ], [ -103.00514, 24.79322 ], [ -103.03336, 24.81084 ], [ -103.05374, 24.80994 ], [ -103.09295, 24.82286 ], [ -103.25915, 24.96466 ], [ -103.24536, 24.98246 ], [ -103.24656, 24.99603 ], [ -103.27047, 25.01566 ], [ -103.27405, 25.02336 ], [ -103.26749, 25.02804 ], [ -103.27802, 25.03461 ], [ -103.26218, 25.05855 ], [ -103.33723, 25.09913 ], [ -103.34266, 25.11033 ], [ -103.35954, 25.11003 ], [ -103.39429, 25.15774 ], [ -103.40286, 25.18235 ], [ -103.4258, 25.20154 ], [ -103.43868, 25.20196 ], [ -103.45021, 25.22861 ], [ -103.47318, 25.25011 ], [ -103.49672, 25.25575 ], [ -103.51094, 25.27982 ], [ -103.50935, 25.29146 ], [ -103.49767, 25.29515 ], [ -103.49574, 25.31111 ], [ -103.47925, 25.32392 ], [ -103.48648, 25.33286 ], [ -103.46622, 25.35235 ], [ -103.46206, 25.37631 ], [ -103.4067, 25.3989 ], [ -103.36552, 25.39316 ], [ -103.35123, 25.37298 ], [ -103.33692, 25.37123 ], [ -103.34137, 25.41014 ], [ -103.36906, 25.41646 ], [ -103.49441, 25.53773 ], [ -103.45465, 25.55793 ], [ -103.45099, 25.57893 ], [ -103.43537, 25.58278 ], [ -103.43841, 25.59664 ], [ -103.42962, 25.59892 ], [ -103.42685, 25.61209 ], [ -103.41603, 25.61442 ], [ -103.42477, 25.62368 ], [ -103.40328, 25.62813 ], [ -103.406, 25.64503 ], [ -103.38142, 25.64034 ], [ -103.38304, 25.65532 ], [ -103.34921, 25.69344 ], [ -103.35499, 25.69986 ], [ -103.33944, 25.7076 ], [ -103.35284, 25.71655 ], [ -103.33371, 25.73874 ], [ -103.31859, 25.8127 ], [ -103.34636, 25.8603 ], [ -103.35049, 26.14239 ], [ -103.26083, 26.28473 ], [ -103.31679, 26.36178 ], [ -103.37418, 26.60235 ], [ -103.63698, 26.69344 ], [ -103.64389, 26.69016 ], [ -103.65826, 26.71948 ], [ -103.69909, 26.72526 ], [ -103.71525, 26.73508 ], [ -103.72487, 26.77211 ], [ -103.75062, 26.80991 ], [ -103.75397, 26.82957 ], [ -103.77961, 26.83613 ], [ -103.8517, 26.89613 ], [ -103.83592, 26.93581 ], [ -103.85209, 26.93462 ], [ -103.78463, 26.9807 ], [ -103.77995, 27.00889 ], [ -103.74083, 27.02252 ], [ -103.75246, 27.07792 ], [ -103.78347, 27.09121 ], [ -103.7994, 27.12473 ], [ -103.79843, 27.21348 ], [ -103.8094, 27.2492 ], [ -103.81976, 27.24296 ], [ -103.83212, 27.29829 ], [ -103.87688, 27.31159 ], [ -103.86365, 27.44092 ], [ -103.85851, 27.43989 ], [ -103.8546, 27.54943 ], [ -103.86884, 27.60714 ], [ -103.88356, 27.60077 ], [ -103.89726, 27.65655 ], [ -103.88324, 27.65759 ], [ -103.89553, 27.67402 ], [ -103.8895, 27.71322 ], [ -103.89669, 27.74056 ], [ -103.88115, 27.73919 ], [ -103.93565, 27.79755 ], [ -103.90084, 27.82686 ], [ -103.94391, 27.82687 ], [ -103.96, 27.83531 ], [ -103.94578, 27.85639 ], [ -103.94333, 27.88884 ], [ -103.95497, 27.95082 ], [ -103.93564, 27.94534 ], [ -103.94187, 27.9278 ], [ -103.89289, 27.91402 ], [ -103.87772, 27.95749 ], [ -103.92669, 27.97136 ], [ -103.86094, 28.10902 ], [ -103.8675, 28.11214 ], [ -103.76818, 28.30037 ], [ -103.76287, 28.2982 ], [ -103.72833, 28.35649 ], [ -103.64301, 28.51246 ], [ -103.64794, 28.53298 ], [ -103.62457, 28.58115 ], [ -103.60101, 28.57491 ], [ -103.59192, 28.59083 ], [ -103.61605, 28.59819 ], [ -103.59637, 28.63947 ], [ -103.582, 28.62879 ], [ -103.57266, 28.64064 ], [ -103.5573, 28.61128 ], [ -103.51976, 28.66875 ], [ -103.51451, 28.665 ], [ -103.43166, 28.81318 ], [ -103.41002, 28.84092 ], [ -103.40459, 28.82955 ], [ -103.39635, 28.83353 ], [ -103.40365, 28.86925 ], [ -103.3577, 28.92025 ], [ -103.30764, 29.00329 ], [ -103.30066, 29.00809 ], [ -103.28791, 29.00205 ], [ -103.28167, 28.98746 ], [ -103.28835, 28.97813 ], [ -103.27992, 28.97589 ], [ -103.26734, 28.996 ], [ -103.25052, 28.98026 ], [ -103.228, 28.99171 ], [ -103.22037, 28.98348 ], [ -103.20252, 28.9871 ], [ -103.17062, 28.98034 ], [ -103.16387, 28.97205 ], [ -103.1161, 28.98418 ], [ -103.11746, 29.00015 ], [ -103.09797, 29.02676 ], [ -103.10665, 29.03836 ], [ -103.10071, 29.06033 ], [ -103.09244, 29.06446 ], [ -103.08587, 29.05381 ], [ -103.07597, 29.09142 ], [ -103.0338, 29.1012 ], [ -103.03714, 29.11381 ], [ -103.01355, 29.12506 ], [ -103.01569, 29.13445 ], [ -102.99613, 29.16062 ], [ -102.99527, 29.17964 ], [ -102.97558, 29.18628 ], [ -102.95082, 29.17353 ], [ -102.94319, 29.1916 ], [ -102.91789, 29.19084 ], [ -102.91231, 29.21943 ], [ -102.89437, 29.20857 ], [ -102.86779, 29.22312 ], [ -102.87151, 29.2416 ], [ -102.90631, 29.25932 ], [ -102.89918, 29.26921 ], [ -102.90319, 29.27911 ], [ -102.88818, 29.29269 ], [ -102.89312, 29.30786 ], [ -102.88114, 29.33362 ], [ -102.88398, 29.34798 ], [ -102.87701, 29.35485 ], [ -102.86142, 29.35129 ], [ -102.83922, 29.3589 ], [ -102.84494, 29.37431 ], [ -102.83401, 29.37875 ], [ -102.8254, 29.39693 ], [ -102.81239, 29.40027 ], [ -102.83322, 29.4102 ], [ -102.82696, 29.4173 ], [ -102.83074, 29.44427 ], [ -102.81937, 29.45078 ], [ -102.82538, 29.45794 ], [ -102.81459, 29.48248 ], [ -102.80067, 29.48614 ], [ -102.80832, 29.52264 ], [ -102.79215, 29.53272 ], [ -102.79087, 29.54321 ], [ -102.77105, 29.5484 ], [ -102.77774, 29.56069 ], [ -102.77399, 29.57319 ], [ -102.76213, 29.57954 ], [ -102.76842, 29.59494 ], [ -102.74591, 29.59258 ], [ -102.7402, 29.5979 ], [ -102.74102, 29.63586 ], [ -102.69331, 29.67672 ], [ -102.69862, 29.69735 ], [ -102.68891, 29.70514 ], [ -102.69103, 29.72201 ], [ -102.67579, 29.74301 ], [ -102.63028, 29.73404 ], [ -102.61241, 29.74822 ], [ -102.57404, 29.75502 ], [ -102.56957, 29.77174 ], [ -102.54805, 29.7446 ], [ -102.51367, 29.76574 ], [ -102.51778, 29.78394 ], [ -102.49915, 29.78115 ], [ -102.48725, 29.78693 ], [ -102.48079, 29.77621 ], [ -102.46624, 29.78378 ], [ -102.45836, 29.775 ], [ -102.43421, 29.77714 ], [ -102.40928, 29.76471 ], [ -102.39448, 29.76927 ], [ -102.38758, 29.76151 ], [ -102.39027, 29.78239 ], [ -102.37721, 29.79009 ], [ -102.36491, 29.84555 ], [ -102.34151, 29.86939 ], [ -102.32368, 29.86403 ], [ -102.3248, 29.87347 ], [ -102.31549, 29.88 ] ] ] } },
{ "type": "Feature", "properties": { "CVEGEO": "06", "CVE_ENT": "06", "NOMGEO": "Colima" }, "geometry": { "type": "MultiPolygon", "coordinates": [ [ [ [ -114.73734, 18.37206 ], [ -114.7225, 18.36597 ], [ -114.68961, 18.37114 ], [ -114.6805, 18.36131 ], [ -114.69837, 18.34516 ], [ -114.70943, 18.35046 ], [ -114.725, 18.34294 ], [ -114.72875, 18.34914 ], [ -114.7323, 18.34228 ], [ -114.7521, 18.33886 ], [ -114.75939, 18.34574 ], [ -114.75638, 18.3653 ], [ -114.73734, 18.37206 ] ] ], [ [ [ -104.48882, 19.10357 ], [ -104.48488, 19.10282 ], [ -104.48734, 19.10121 ], [ -104.48882, 19.10357 ] ] ], [ [ [ -110.98855, 18.86648 ], [ -110.97714, 18.86155 ], [ -110.97775, 18.85476 ], [ -110.9698, 18.85441 ], [ -110.95774, 18.83796 ], [ -110.94026, 18.83432 ], [ -110.93941, 18.82252 ], [ -110.91579, 18.79835 ], [ -110.91505, 18.78239 ], [ -110.90775, 18.77891 ], [ -110.91904, 18.76972 ], [ -110.92009, 18.7323 ], [ -110.9401, 18.73012 ], [ -110.94287, 18.72168 ], [ -110.94955, 18.72634 ], [ -110.95147, 18.71922 ], [ -110.97082, 18.74528 ], [ -110.98454, 18.7448 ], [ -111.00021, 18.75826 ], [ -111.01554, 18.75374 ], [ -111.01514, 18.7645 ], [ -111.03586, 18.78792 ], [ -111.04911, 18.77985 ], [ -111.05559, 18.78069 ], [ -111.04097, 18.79844 ], [ -111.04821, 18.80849 ], [ -111.04342, 18.81452 ], [ -111.05206, 18.8163 ], [ -111.04162, 18.81669 ], [ -111.04045, 18.81388 ], [ -111.02511, 18.82606 ], [ -111.01294, 18.82537 ], [ -111.00829, 18.84687 ], [ -110.98855, 18.86648 ] ] ], [ [ [ -112.06565, 18.99325 ], [ -112.06613, 18.99215 ], [ -112.06624, 18.99336 ], [ -112.06565, 18.99325 ] ] ], [ [ [ -103.61828, 19.51252 ], [ -103.6062, 19.50056 ], [ -103.61482, 19.49405 ], [ -103.61536, 19.475 ], [ -103.57892, 19.43549 ], [ -103.57427, 19.41156 ], [ -103.55621, 19.40697 ], [ -103.52672, 19.37276 ], [ -103.52221, 19.35783 ], [ -103.48643, 19.33789 ], [ -103.49567, 19.31976 ], [ -103.48988, 19.31069 ], [ -103.50918, 19.29515 ], [ -103.50569, 19.23616 ], [ -103.51524, 19.21135 ], [ -103.49763, 19.17464 ], [ -103.50917, 19.15596 ], [ -103.51101, 19.13205 ], [ -103.52362, 19.11564 ], [ -103.51739, 19.09879 ], [ -103.52648, 19.07873 ], [ -103.48851, 19.02759 ], [ -103.49878, 19.01167 ], [ -103.49083, 18.99582 ], [ -103.49568, 18.97204 ], [ -103.48845, 18.96391 ], [ -103.49306, 18.95796 ], [ -103.5086, 18.96367 ], [ -103.50292, 18.95779 ], [ -103.50637, 18.94823 ], [ -103.52254, 18.94792 ], [ -103.51442, 18.93439 ], [ -103.53406, 18.92629 ], [ -103.53135, 18.90626 ], [ -103.55807, 18.90658 ], [ -103.57324, 18.87133 ], [ -103.58234, 18.87562 ], [ -103.58758, 18.86585 ], [ -103.59629, 18.88395 ], [ -103.60253, 18.8816 ], [ -103.61556, 18.89242 ], [ -103.63028, 18.88532 ], [ -103.64057, 18.86724 ], [ -103.61719, 18.84285 ], [ -103.6262, 18.83097 ], [ -103.62003, 18.80138 ], [ -103.63798, 18.78321 ], [ -103.67902, 18.77321 ], [ -103.68544, 18.75729 ], [ -103.7003, 18.75436 ], [ -103.71893, 18.71043 ], [ -103.73798, 18.69407 ], [ -103.73791, 18.68402 ], [ -103.80342, 18.74891 ], [ -103.9475, 18.84209 ], [ -103.98321, 18.87225 ], [ -104.16081, 18.96268 ], [ -104.29515, 19.01252 ], [ -104.33206, 19.01762 ], [ -104.33629, 19.02944 ], [ -104.33007, 19.05116 ], [ -104.31466, 19.06117 ], [ -104.31769, 19.05468 ], [ -104.30535, 19.0573 ], [ -104.30395, 19.07186 ], [ -104.31446, 19.08983 ], [ -104.33397, 19.10216 ], [ -104.34539, 19.10317 ], [ -104.35416, 19.09104 ], [ -104.34983, 19.10351 ], [ -104.35541, 19.11538 ], [ -104.37538, 19.11966 ], [ -104.39394, 19.11461 ], [ -104.3988, 19.10648 ], [ -104.3898, 19.09602 ], [ -104.39543, 19.08503 ], [ -104.41132, 19.10645 ], [ -104.42782, 19.0918 ], [ -104.43847, 19.0984 ], [ -104.43642, 19.08605 ], [ -104.44172, 19.08326 ], [ -104.45147, 19.10848 ], [ -104.46719, 19.10989 ], [ -104.48938, 19.12455 ], [ -104.60401, 19.15087 ], [ -104.69059, 19.17698 ], [ -104.688, 19.18488 ], [ -104.68094, 19.18377 ], [ -104.68361, 19.18996 ], [ -104.67998, 19.19317 ], [ -104.67515, 19.1855 ], [ -104.62934, 19.17291 ], [ -104.61882, 19.18085 ], [ -104.61283, 19.15548 ], [ -104.58984, 19.1501 ], [ -104.58578, 19.16181 ], [ -104.59614, 19.16405 ], [ -104.60029, 19.17905 ], [ -104.59003, 19.18653 ], [ -104.58399, 19.17799 ], [ -104.57694, 19.1802 ], [ -104.56725, 19.20127 ], [ -104.56911, 19.2187 ], [ -104.56026, 19.2197 ], [ -104.55452, 19.2371 ], [ -104.53029, 19.25979 ], [ -104.50838, 19.24423 ], [ -104.49454, 19.25395 ], [ -104.48895, 19.22994 ], [ -104.47726, 19.2387 ], [ -104.47167, 19.22884 ], [ -104.46302, 19.23296 ], [ -104.46701, 19.24511 ], [ -104.4557, 19.24804 ], [ -104.45753, 19.25942 ], [ -104.43841, 19.26287 ], [ -104.43926, 19.27799 ], [ -104.40095, 19.28907 ], [ -104.40132, 19.26681 ], [ -104.37427, 19.28188 ], [ -104.36187, 19.26908 ], [ -104.34388, 19.28955 ], [ -104.3148, 19.27936 ], [ -104.29759, 19.30267 ], [ -104.28364, 19.29701 ], [ -104.26118, 19.31181 ], [ -104.21842, 19.29902 ], [ -104.20435, 19.3036 ], [ -104.19167, 19.29221 ], [ -104.1798, 19.31256 ], [ -104.1698, 19.31296 ], [ -104.16165, 19.30272 ], [ -104.15293, 19.31515 ], [ -104.14479, 19.31124 ], [ -104.13221, 19.32089 ], [ -104.12298, 19.31904 ], [ -104.13334, 19.35375 ], [ -104.09023, 19.39302 ], [ -104.07088, 19.43524 ], [ -104.07994, 19.43178 ], [ -104.08664, 19.44203 ], [ -104.07674, 19.48021 ], [ -104.06173, 19.4977 ], [ -104.00005, 19.46883 ], [ -103.97401, 19.47455 ], [ -103.9648, 19.45416 ], [ -103.89952, 19.43455 ], [ -103.90877, 19.45363 ], [ -103.88933, 19.4636 ], [ -103.87942, 19.44449 ], [ -103.86375, 19.44738 ], [ -103.85645, 19.43133 ], [ -103.82413, 19.43779 ], [ -103.81925, 19.40874 ], [ -103.79273, 19.42751 ], [ -103.71826, 19.4535 ], [ -103.71579, 19.46701 ], [ -103.69005, 19.49245 ], [ -103.61828, 19.51252 ] ] ], [ [ [ -110.80102, 19.33487 ], [ -110.7914, 19.32454 ], [ -110.80056, 19.3117 ], [ -110.79628, 19.3027 ], [ -110.81266, 19.29823 ], [ -110.81885, 19.30652 ], [ -110.8032, 19.3201 ], [ -110.80102, 19.33487 ] ] ] ] } },
{ "type": "Feature", "properties": { "CVEGEO": "07", "CVE_ENT": "07", "NOMGEO": "Chiapas" }, "geometry": { "type": "Polygon", "coordinates": [ [ [ -91.99567, 17.94259 ], [ -91.97845, 17.91369 ], [ -91.9396, 17.90629 ], [ -91.95683, 17.87993 ], [ -91.94841, 17.86331 ], [ -91.92806, 17.87082 ], [ -91.91813, 17.89952 ], [ -91.89416, 17.8875 ], [ -91.87069, 17.89078 ], [ -91.84969, 17.88286 ], [ -91.81091, 17.8994 ], [ -91.80437, 17.86887 ], [ -91.77969, 17.8513 ], [ -91.79237, 17.82452 ], [ -91.78225, 17.78248 ], [ -91.79016, 17.74602 ], [ -91.81033, 17.75132 ], [ -91.83066, 17.73768 ], [ -91.81843, 17.72743 ], [ -91.78652, 17.71903 ], [ -91.78053, 17.70782 ], [ -91.7766, 17.71543 ], [ -91.76785, 17.70312 ], [ -91.74824, 17.70018 ], [ -91.73881, 17.71081 ], [ -91.73329, 17.69658 ], [ -91.72476, 17.69206 ], [ -91.71755, 17.69841 ], [ -91.71708, 17.68775 ], [ -91.70404, 17.69223 ], [ -91.70096, 17.67894 ], [ -91.69371, 17.685 ], [ -91.68138, 17.67013 ], [ -91.67299, 17.68347 ], [ -91.65474, 17.67616 ], [ -91.66434, 17.66666 ], [ -91.65405, 17.64523 ], [ -91.65879, 17.63971 ], [ -91.65281, 17.63857 ], [ -91.6599, 17.63045 ], [ -91.64457, 17.62192 ], [ -91.66356, 17.61217 ], [ -91.63883, 17.58147 ], [ -91.63429, 17.53462 ], [ -91.64249, 17.52902 ], [ -91.64182, 17.51892 ], [ -91.64908, 17.51777 ], [ -91.65007, 17.49569 ], [ -91.66282, 17.47982 ], [ -91.6998, 17.46711 ], [ -91.66521, 17.46166 ], [ -91.67204, 17.44406 ], [ -91.64333, 17.43099 ], [ -91.63489, 17.43649 ], [ -91.62021, 17.4317 ], [ -91.6069, 17.41689 ], [ -91.57969, 17.40734 ], [ -91.55879, 17.40053 ], [ -91.55786, 17.42224 ], [ -91.53724, 17.41974 ], [ -91.53685, 17.40736 ], [ -91.50994, 17.3922 ], [ -91.505, 17.39948 ], [ -91.4565, 17.37572 ], [ -91.4393, 17.38429 ], [ -91.41983, 17.37407 ], [ -91.41678, 17.34563 ], [ -91.397, 17.33795 ], [ -91.38351, 17.31283 ], [ -91.38955, 17.29952 ], [ -91.41259, 17.30755 ], [ -91.42553, 17.30184 ], [ -91.4275, 17.27658 ], [ -91.43976, 17.25 ], [ -91.42742, 17.21659 ], [ -91.41122, 17.20619 ], [ -91.37553, 17.20455 ], [ -91.35475, 17.19077 ], [ -91.34649, 17.15903 ], [ -91.33557, 17.16124 ], [ -91.32445, 17.18275 ], [ -91.27909, 17.17963 ], [ -91.26645, 17.17013 ], [ -91.26344, 17.15826 ], [ -91.27307, 17.13773 ], [ -91.26694, 17.10788 ], [ -91.22696, 17.09506 ], [ -91.21031, 17.05308 ], [ -91.17525, 17.0157 ], [ -91.1544, 17.00487 ], [ -91.12276, 17.00338 ], [ -91.12005, 16.97753 ], [ -91.10441, 16.9702 ], [ -91.06448, 16.92513 ], [ -91.07404, 16.91364 ], [ -91.06563, 16.90286 ], [ -91.00711, 16.88618 ], [ -90.98783, 16.86308 ], [ -90.9805, 16.87268 ], [ -90.98506, 16.89795 ], [ -90.96501, 16.9015 ], [ -90.95451, 16.88447 ], [ -90.97405, 16.86363 ], [ -90.93364, 16.85933 ], [ -90.93389, 16.84232 ], [ -90.92177, 16.82194 ], [ -90.87771, 16.82379 ], [ -90.84878, 16.79653 ], [ -90.80409, 16.79872 ], [ -90.80281, 16.77623 ], [ -90.76243, 16.76275 ], [ -90.75685, 16.75106 ], [ -90.71526, 16.72789 ], [ -90.70777, 16.7181 ], [ -90.70951, 16.70475 ], [ -90.68169, 16.68857 ], [ -90.67595, 16.66056 ], [ -90.6576, 16.63946 ], [ -90.66198, 16.62797 ], [ -90.65336, 16.5945 ], [ -90.66697, 16.58919 ], [ -90.66684, 16.58181 ], [ -90.64463, 16.57908 ], [ -90.64049, 16.59581 ], [ -90.6256, 16.5777 ], [ -90.64708, 16.56052 ], [ -90.64541, 16.51864 ], [ -90.63559, 16.51352 ], [ -90.61658, 16.52179 ], [ -90.60576, 16.50204 ], [ -90.61859, 16.48864 ], [ -90.63344, 16.48911 ], [ -90.63397, 16.48127 ], [ -90.62042, 16.47718 ], [ -90.61345, 16.48845 ], [ -90.5952, 16.49078 ], [ -90.58845, 16.46969 ], [ -90.54701, 16.48235 ], [ -90.54694, 16.46806 ], [ -90.5278, 16.45772 ], [ -90.51422, 16.4699 ], [ -90.50061, 16.46692 ], [ -90.4958, 16.45349 ], [ -90.48035, 16.46126 ], [ -90.47789, 16.44368 ], [ -90.48609, 16.42391 ], [ -90.42072, 16.4249 ], [ -90.40772, 16.40403 ], [ -90.39427, 16.41594 ], [ -90.3878, 16.40614 ], [ -90.40135, 16.39863 ], [ -90.40113, 16.39143 ], [ -90.37293, 16.37435 ], [ -90.37033, 16.36593 ], [ -90.37972, 16.36003 ], [ -90.39581, 16.37451 ], [ -90.40977, 16.36302 ], [ -90.40931, 16.3459 ], [ -90.40303, 16.36106 ], [ -90.39924, 16.34939 ], [ -90.38333, 16.34521 ], [ -90.38164, 16.33845 ], [ -90.38687, 16.33425 ], [ -90.39754, 16.3396 ], [ -90.41001, 16.32918 ], [ -90.41164, 16.30724 ], [ -90.43857, 16.3021 ], [ -90.43179, 16.29222 ], [ -90.44048, 16.27979 ], [ -90.42243, 16.25918 ], [ -90.42826, 16.25389 ], [ -90.44547, 16.26152 ], [ -90.45472, 16.24865 ], [ -90.45055, 16.24054 ], [ -90.44004, 16.24757 ], [ -90.42783, 16.2332 ], [ -90.45119, 16.2249 ], [ -90.45667, 16.20951 ], [ -90.45198, 16.18504 ], [ -90.43146, 16.17765 ], [ -90.4245, 16.16318 ], [ -90.45025, 16.14995 ], [ -90.42788, 16.13712 ], [ -90.42977, 16.11777 ], [ -90.45145, 16.1245 ], [ -90.45661, 16.11215 ], [ -90.45367, 16.09226 ], [ -90.43377, 16.10514 ], [ -90.42504, 16.10367 ], [ -90.42561, 16.09625 ], [ -90.43516, 16.09599 ], [ -90.44515, 16.08302 ], [ -90.44084, 16.07419 ], [ -91.73138, 16.07402 ], [ -92.21008, 15.26122 ], [ -92.0592, 15.07033 ], [ -92.07316, 15.06151 ], [ -92.0702, 15.04678 ], [ -92.07792, 15.04588 ], [ -92.08567, 15.02073 ], [ -92.09879, 15.00961 ], [ -92.12698, 15.01524 ], [ -92.15077, 14.98692 ], [ -92.14477, 14.97495 ], [ -92.14469, 14.9095 ], [ -92.13622, 14.89165 ], [ -92.14656, 14.87021 ], [ -92.17174, 14.86019 ], [ -92.18142, 14.84757 ], [ -92.18483, 14.82826 ], [ -92.16073, 14.7735 ], [ -92.16186, 14.76202 ], [ -92.17176, 14.75675 ], [ -92.16993, 14.74375 ], [ -92.14749, 14.71903 ], [ -92.14574, 14.66344 ], [ -92.17705, 14.62623 ], [ -92.18248, 14.57833 ], [ -92.21526, 14.5569 ], [ -92.21654, 14.54315 ], [ -92.22675, 14.5321 ], [ -92.37373, 14.66655 ], [ -92.41562, 14.69288 ], [ -92.4087, 14.70246 ], [ -92.43257, 14.72842 ], [ -92.5159, 14.80504 ], [ -92.85398, 15.15879 ], [ -93.1667, 15.44843 ], [ -93.33235, 15.59112 ], [ -93.54047, 15.75396 ], [ -93.74898, 15.89652 ], [ -93.89076, 15.97262 ], [ -93.9171, 15.9829 ], [ -93.95715, 15.9846 ], [ -94.03601, 16.02209 ], [ -94.10276, 16.14252 ], [ -94.10957, 16.1791 ], [ -94.04847, 16.21617 ], [ -94.0352, 16.23955 ], [ -94.04353, 16.25569 ], [ -94.03296, 16.27594 ], [ -94.05066, 16.32971 ], [ -94.13916, 16.46179 ], [ -93.86092, 17.16374 ], [ -93.82714, 17.1725 ], [ -93.82663, 17.19049 ], [ -93.79831, 17.24192 ], [ -93.78861, 17.23233 ], [ -93.77245, 17.24582 ], [ -93.76298, 17.23934 ], [ -93.66269, 17.25628 ], [ -93.66441, 17.28619 ], [ -93.63813, 17.29095 ], [ -93.60794, 17.31493 ], [ -93.5138, 17.44281 ], [ -93.50604, 17.47749 ], [ -93.51488, 17.49032 ], [ -93.50252, 17.49952 ], [ -93.48415, 17.54988 ], [ -93.47298, 17.55349 ], [ -93.45171, 17.54648 ], [ -93.44595, 17.58599 ], [ -93.42049, 17.59005 ], [ -93.4096, 17.6193 ], [ -93.38497, 17.63418 ], [ -93.38479, 17.64438 ], [ -93.35628, 17.64804 ], [ -93.3605, 17.66489 ], [ -93.3543, 17.71288 ], [ -93.36255, 17.72869 ], [ -93.37395, 17.73299 ], [ -93.36985, 17.73738 ], [ -93.39055, 17.7734 ], [ -93.38657, 17.77757 ], [ -93.37542, 17.7668 ], [ -93.34914, 17.76709 ], [ -93.34311, 17.78752 ], [ -93.3585, 17.7884 ], [ -93.36442, 17.77908 ], [ -93.38095, 17.78316 ], [ -93.36661, 17.80292 ], [ -93.35209, 17.79542 ], [ -93.34059, 17.79812 ], [ -93.34931, 17.81543 ], [ -93.3343, 17.8517 ], [ -93.35058, 17.87607 ], [ -93.33602, 17.90499 ], [ -93.3409, 17.93033 ], [ -93.33667, 17.9366 ], [ -93.32583, 17.92791 ], [ -93.29801, 17.93858 ], [ -93.27832, 17.98529 ], [ -93.24092, 17.95009 ], [ -93.20736, 17.96064 ], [ -93.192, 17.95614 ], [ -93.18314, 17.94031 ], [ -93.14508, 17.93235 ], [ -93.14598, 17.91993 ], [ -93.12913, 17.90785 ], [ -93.10498, 17.90742 ], [ -93.09138, 17.89756 ], [ -93.09196, 17.88658 ], [ -93.12363, 17.87445 ], [ -93.1318, 17.85232 ], [ -93.11564, 17.82221 ], [ -93.10165, 17.84583 ], [ -93.04313, 17.84258 ], [ -93.02544, 17.82542 ], [ -93.01201, 17.79367 ], [ -93.0278, 17.77164 ], [ -93.04264, 17.76841 ], [ -93.05772, 17.72049 ], [ -93.03712, 17.70338 ], [ -93.04546, 17.65911 ], [ -93.04053, 17.60983 ], [ -93.00449, 17.57959 ], [ -93.00557, 17.55525 ], [ -92.98834, 17.55001 ], [ -92.98049, 17.53756 ], [ -92.99265, 17.53002 ], [ -92.98487, 17.51131 ], [ -92.96804, 17.51797 ], [ -92.94812, 17.48274 ], [ -92.9392, 17.50245 ], [ -92.91294, 17.49821 ], [ -92.88736, 17.51046 ], [ -92.85981, 17.50028 ], [ -92.84988, 17.46898 ], [ -92.83155, 17.48086 ], [ -92.81963, 17.43275 ], [ -92.82582, 17.42378 ], [ -92.85619, 17.41888 ], [ -92.85426, 17.4112 ], [ -92.82922, 17.3963 ], [ -92.8294, 17.4086 ], [ -92.78579, 17.41753 ], [ -92.79079, 17.40499 ], [ -92.76831, 17.3855 ], [ -92.77066, 17.3604 ], [ -92.75874, 17.3582 ], [ -92.75418, 17.3433 ], [ -92.72951, 17.34813 ], [ -92.67877, 17.37849 ], [ -92.66819, 17.45669 ], [ -92.65941, 17.44428 ], [ -92.64887, 17.4607 ], [ -92.60583, 17.47738 ], [ -92.59406, 17.49295 ], [ -92.5999, 17.5008 ], [ -92.59234, 17.50962 ], [ -92.59699, 17.52036 ], [ -92.57141, 17.54961 ], [ -92.55803, 17.54023 ], [ -92.53007, 17.55 ], [ -92.51998, 17.57305 ], [ -92.46762, 17.57712 ], [ -92.43678, 17.5701 ], [ -92.40208, 17.57804 ], [ -92.40086, 17.58603 ], [ -92.35067, 17.61793 ], [ -92.35813, 17.64196 ], [ -92.34916, 17.65473 ], [ -92.3499, 17.70278 ], [ -92.34013, 17.70376 ], [ -92.33735, 17.71209 ], [ -92.28868, 17.70267 ], [ -92.27462, 17.69226 ], [ -92.1945, 17.77664 ], [ -92.18849, 17.76813 ], [ -92.17195, 17.78657 ], [ -92.15245, 17.77907 ], [ -92.15171, 17.76457 ], [ -92.13083, 17.76608 ], [ -92.13597, 17.77901 ], [ -92.12714, 17.7859 ], [ -92.14658, 17.81468 ], [ -92.12048, 17.79597 ], [ -92.10554, 17.81294 ], [ -92.10203, 17.85088 ], [ -92.0905, 17.85073 ], [ -92.09047, 17.8566 ], [ -92.05631, 17.84675 ], [ -92.04941, 17.85477 ], [ -92.05246, 17.86725 ], [ -92.0718, 17.87767 ], [ -92.01971, 17.88782 ], [ -92.01555, 17.8975 ], [ -92.00336, 17.89052 ], [ -91.99129, 17.91961 ], [ -91.99567, 17.94259 ] ] ] } },
{ "type": "Feature", "properties": { "CVEGEO": "08", "CVE_ENT": "08", "NOMGEO": "Chihuahua" }, "geometry": { "type": "Polygon", "coordinates": [ [ [ -108.20837, 31.78375 ], [ -106.52852, 31.78382 ], [ -106.48755, 31.74772 ], [ -106.45205, 31.76462 ], [ -106.38127, 31.73234 ], [ -106.37207, 31.7126 ], [ -106.34941, 31.6964 ], [ -106.30317, 31.62231 ], [ -106.28041, 31.56229 ], [ -106.24719, 31.54281 ], [ -106.20813, 31.46758 ], [ -106.17458, 31.45524 ], [ -106.13242, 31.42518 ], [ -106.10832, 31.42263 ], [ -106.0802, 31.3986 ], [ -106.00478, 31.39266 ], [ -105.97145, 31.36661 ], [ -105.95351, 31.36409 ], [ -105.93783, 31.31824 ], [ -105.90774, 31.31237 ], [ -105.89329, 31.29038 ], [ -105.87033, 31.28972 ], [ -105.79489, 31.20307 ], [ -105.78327, 31.19815 ], [ -105.77258, 31.16621 ], [ -105.7419, 31.16471 ], [ -105.70932, 31.13629 ], [ -105.64828, 31.11539 ], [ -105.64233, 31.0985 ], [ -105.62704, 31.0982 ], [ -105.60414, 31.08327 ], [ -105.58502, 31.0559 ], [ -105.57894, 31.02124 ], [ -105.56967, 31.017 ], [ -105.55759, 30.99005 ], [ -105.53296, 30.98464 ], [ -105.51633, 30.96546 ], [ -105.50285, 30.96801 ], [ -105.49153, 30.9423 ], [ -105.4711, 30.93369 ], [ -105.46719, 30.92479 ], [ -105.45186, 30.92441 ], [ -105.45318, 30.91615 ], [ -105.44714, 30.91936 ], [ -105.44157, 30.90841 ], [ -105.41621, 30.90029 ], [ -105.41237, 30.88887 ], [ -105.4001, 30.88938 ], [ -105.40447, 30.88015 ], [ -105.39166, 30.87423 ], [ -105.40119, 30.85319 ], [ -105.36186, 30.85061 ], [ -105.35194, 30.83558 ], [ -105.3391, 30.84026 ], [ -105.32958, 30.8255 ], [ -105.31863, 30.8283 ], [ -105.31651, 30.81088 ], [ -105.30976, 30.81693 ], [ -105.30616, 30.80975 ], [ -105.30098, 30.82395 ], [ -105.29116, 30.82583 ], [ -105.25636, 30.79442 ], [ -105.21555, 30.8059 ], [ -105.21071, 30.79862 ], [ -105.21682, 30.78354 ], [ -105.19556, 30.79225 ], [ -105.17555, 30.76758 ], [ -105.16591, 30.77954 ], [ -105.15624, 30.76945 ], [ -105.16169, 30.75242 ], [ -105.11859, 30.74959 ], [ -105.10561, 30.72367 ], [ -105.08058, 30.70793 ], [ -105.08258, 30.70139 ], [ -105.06269, 30.69818 ], [ -105.06194, 30.68582 ], [ -105.0469, 30.67987 ], [ -105.04712, 30.68817 ], [ -105.03954, 30.68853 ], [ -105.02724, 30.67885 ], [ -105.0069, 30.68578 ], [ -104.98539, 30.66176 ], [ -104.98418, 30.63516 ], [ -104.97168, 30.61 ], [ -104.9357, 30.60611 ], [ -104.93051, 30.59845 ], [ -104.92236, 30.60353 ], [ -104.91982, 30.58688 ], [ -104.89916, 30.57051 ], [ -104.88918, 30.53497 ], [ -104.88029, 30.52985 ], [ -104.88568, 30.51808 ], [ -104.87329, 30.5136 ], [ -104.8739, 30.49541 ], [ -104.86649, 30.49403 ], [ -104.86824, 30.44203 ], [ -104.85829, 30.43735 ], [ -104.86148, 30.42644 ], [ -104.84784, 30.42068 ], [ -104.85916, 30.3904 ], [ -104.83728, 30.37387 ], [ -104.81657, 30.37512 ], [ -104.81937, 30.36796 ], [ -104.8111, 30.36166 ], [ -104.82213, 30.34994 ], [ -104.80998, 30.34109 ], [ -104.81128, 30.33265 ], [ -104.7918, 30.32583 ], [ -104.77707, 30.31027 ], [ -104.77904, 30.30331 ], [ -104.76533, 30.30612 ], [ -104.75809, 30.28268 ], [ -104.76319, 30.27458 ], [ -104.74809, 30.2742 ], [ -104.75024, 30.26169 ], [ -104.73698, 30.25594 ], [ -104.73333, 30.26112 ], [ -104.70619, 30.23413 ], [ -104.71103, 30.2232 ], [ -104.68626, 30.17292 ], [ -104.68537, 30.14427 ], [ -104.69645, 30.13468 ], [ -104.69536, 30.11834 ], [ -104.68554, 30.10897 ], [ -104.69431, 30.10168 ], [ -104.68901, 30.09524 ], [ -104.68499, 30.09926 ], [ -104.68509, 30.0854 ], [ -104.70659, 30.05058 ], [ -104.6951, 30.03782 ], [ -104.7033, 30.02266 ], [ -104.68984, 30.01496 ], [ -104.69405, 30.00278 ], [ -104.68719, 29.99614 ], [ -104.69493, 29.99256 ], [ -104.68561, 29.99026 ], [ -104.69349, 29.97583 ], [ -104.68103, 29.97759 ], [ -104.68501, 29.9566 ], [ -104.67348, 29.95601 ], [ -104.68295, 29.92917 ], [ -104.66553, 29.90161 ], [ -104.65566, 29.906 ], [ -104.65803, 29.89047 ], [ -104.65071, 29.89134 ], [ -104.63293, 29.87001 ], [ -104.62371, 29.84244 ], [ -104.61566, 29.84643 ], [ -104.6094, 29.83944 ], [ -104.62036, 29.83096 ], [ -104.60858, 29.82783 ], [ -104.60999, 29.81897 ], [ -104.59382, 29.80506 ], [ -104.59115, 29.80946 ], [ -104.5898, 29.79606 ], [ -104.58127, 29.79459 ], [ -104.56535, 29.77013 ], [ -104.56971, 29.75247 ], [ -104.54971, 29.7414 ], [ -104.56044, 29.73608 ], [ -104.5495, 29.73103 ], [ -104.54573, 29.69912 ], [ -104.53084, 29.6905 ], [ -104.54416, 29.6807 ], [ -104.53617, 29.66725 ], [ -104.52617, 29.66798 ], [ -104.50833, 29.63265 ], [ -104.49807, 29.63961 ], [ -104.47635, 29.62833 ], [ -104.46666, 29.6097 ], [ -104.39898, 29.573 ], [ -104.39321, 29.55351 ], [ -104.38421, 29.55386 ], [ -104.38492, 29.54299 ], [ -104.36022, 29.53586 ], [ -104.35615, 29.54119 ], [ -104.35314, 29.52867 ], [ -104.33981, 29.52723 ], [ -104.33538, 29.5198 ], [ -104.31341, 29.53176 ], [ -104.31109, 29.52363 ], [ -104.26364, 29.51416 ], [ -104.23682, 29.49715 ], [ -104.23075, 29.47912 ], [ -104.21288, 29.48509 ], [ -104.21751, 29.45612 ], [ -104.18221, 29.42722 ], [ -104.16793, 29.39551 ], [ -104.15338, 29.39326 ], [ -104.14299, 29.38058 ], [ -104.12422, 29.3812 ], [ -104.11951, 29.37073 ], [ -104.10781, 29.37357 ], [ -104.08308, 29.34658 ], [ -104.05594, 29.33688 ], [ -104.03789, 29.31991 ], [ -103.9762, 29.29673 ], [ -103.92574, 29.29432 ], [ -103.91799, 29.28494 ], [ -103.89954, 29.28773 ], [ -103.88948, 29.27942 ], [ -103.8794, 29.28551 ], [ -103.8444, 29.28001 ], [ -103.82672, 29.26977 ], [ -103.81404, 29.27451 ], [ -103.80078, 29.2593 ], [ -103.78332, 29.26552 ], [ -103.77555, 29.24957 ], [ -103.78147, 29.24052 ], [ -103.7773, 29.22193 ], [ -103.76957, 29.22127 ], [ -103.76038, 29.23346 ], [ -103.75588, 29.22004 ], [ -103.74265, 29.2223 ], [ -103.73977, 29.2054 ], [ -103.71828, 29.18115 ], [ -103.70366, 29.18487 ], [ -103.69833, 29.17761 ], [ -103.65923, 29.17059 ], [ -103.65015, 29.15669 ], [ -103.61221, 29.1653 ], [ -103.58502, 29.14967 ], [ -103.55407, 29.15852 ], [ -103.55021, 29.14386 ], [ -103.52477, 29.13727 ], [ -103.52485, 29.12133 ], [ -103.50182, 29.11791 ], [ -103.50471, 29.10793 ], [ -103.49435, 29.10847 ], [ -103.47071, 29.08512 ], [ -103.47169, 29.06679 ], [ -103.45001, 29.07267 ], [ -103.4459, 29.0612 ], [ -103.43442, 29.05732 ], [ -103.43282, 29.04363 ], [ -103.405, 29.03951 ], [ -103.40165, 29.03129 ], [ -103.39093, 29.03464 ], [ -103.38633, 29.02209 ], [ -103.3596, 29.01879 ], [ -103.34508, 29.0468 ], [ -103.32748, 29.0399 ], [ -103.3291, 29.03078 ], [ -103.34221, 29.02801 ], [ -103.33648, 29.01817 ], [ -103.30677, 29.02293 ], [ -103.31598, 29.01085 ], [ -103.3077, 29.00228 ], [ -103.3577, 28.92025 ], [ -103.40365, 28.86925 ], [ -103.39635, 28.83353 ], [ -103.40459, 28.82955 ], [ -103.41002, 28.84092 ], [ -103.43166, 28.81318 ], [ -103.51451, 28.665 ], [ -103.51976, 28.66875 ], [ -103.5573, 28.61128 ], [ -103.57266, 28.64064 ], [ -103.582, 28.62879 ], [ -103.59637, 28.63947 ], [ -103.61605, 28.59819 ], [ -103.59192, 28.59083 ], [ -103.60101, 28.57491 ], [ -103.62457, 28.58115 ], [ -103.64794, 28.53298 ], [ -103.64301, 28.51246 ], [ -103.72833, 28.35649 ], [ -103.76287, 28.2982 ], [ -103.76818, 28.30037 ], [ -103.8675, 28.11214 ], [ -103.86094, 28.10902 ], [ -103.92669, 27.97136 ], [ -103.87772, 27.95749 ], [ -103.89289, 27.91402 ], [ -103.94187, 27.9278 ], [ -103.93564, 27.94534 ], [ -103.95497, 27.95082 ], [ -103.94333, 27.88884 ], [ -103.94578, 27.85639 ], [ -103.96, 27.83531 ], [ -103.94391, 27.82687 ], [ -103.90084, 27.82686 ], [ -103.93565, 27.79755 ], [ -103.88115, 27.73919 ], [ -103.89669, 27.74056 ], [ -103.8895, 27.71322 ], [ -103.89553, 27.67402 ], [ -103.88324, 27.65759 ], [ -103.89726, 27.65655 ], [ -103.88356, 27.60077 ], [ -103.86884, 27.60714 ], [ -103.8546, 27.54943 ], [ -103.85851, 27.43989 ], [ -103.86365, 27.44092 ], [ -103.87688, 27.31159 ], [ -103.83212, 27.29829 ], [ -103.81976, 27.24296 ], [ -103.8094, 27.2492 ], [ -103.79843, 27.21348 ], [ -103.7994, 27.12473 ], [ -103.78347, 27.09121 ], [ -103.75246, 27.07792 ], [ -103.74083, 27.02252 ], [ -103.77995, 27.00889 ], [ -103.78463, 26.9807 ], [ -103.85209, 26.93462 ], [ -103.83592, 26.93581 ], [ -103.8517, 26.89613 ], [ -103.77961, 26.83613 ], [ -103.75397, 26.82957 ], [ -103.75062, 26.80991 ], [ -103.72487, 26.77211 ], [ -103.71525, 26.73508 ], [ -103.69909, 26.72526 ], [ -103.8613, 26.75409 ], [ -103.99383, 26.75361 ], [ -103.995, 26.77754 ], [ -104.03319, 26.77439 ], [ -104.04574, 26.74298 ], [ -104.18394, 26.77357 ], [ -104.22781, 26.77715 ], [ -104.27304, 26.84228 ], [ -104.29489, 26.81775 ], [ -104.28616, 26.8152 ], [ -104.31531, 26.79907 ], [ -104.30532, 26.79289 ], [ -104.30176, 26.77195 ], [ -104.31728, 26.76074 ], [ -104.29976, 26.75195 ], [ -104.28654, 26.7254 ], [ -104.3068, 26.70717 ], [ -104.33039, 26.65653 ], [ -104.37542, 26.64072 ], [ -104.43478, 26.60452 ], [ -104.46856, 26.52034 ], [ -104.4959, 26.46686 ], [ -104.50283, 26.46585 ], [ -104.4954, 26.43342 ], [ -104.50097, 26.41476 ], [ -104.57445, 26.34047 ], [ -104.59386, 26.38044 ], [ -104.62009, 26.36884 ], [ -104.64532, 26.39161 ], [ -104.65408, 26.39105 ], [ -104.67729, 26.42933 ], [ -104.72704, 26.47796 ], [ -104.74784, 26.49245 ], [ -104.76096, 26.48582 ], [ -104.80927, 26.5085 ], [ -104.85658, 26.50287 ], [ -104.8989, 26.51002 ], [ -104.93673, 26.48371 ], [ -104.94438, 26.46834 ], [ -104.96322, 26.47339 ], [ -104.96959, 26.46595 ], [ -104.95624, 26.46284 ], [ -104.9631, 26.44918 ], [ -105.00039, 26.45495 ], [ -105.05258, 26.42976 ], [ -105.05663, 26.4193 ], [ -105.10155, 26.52141 ], [ -105.26468, 26.46207 ], [ -105.27908, 26.48748 ], [ -105.28993, 26.48811 ], [ -105.30193, 26.47245 ], [ -105.31548, 26.47035 ], [ -105.31675, 26.46229 ], [ -105.33875, 26.47805 ], [ -105.35277, 26.47888 ], [ -105.35452, 26.49262 ], [ -105.34271, 26.50452 ], [ -105.36862, 26.53427 ], [ -105.40343, 26.51752 ], [ -105.4386, 26.52834 ], [ -105.47014, 26.5279 ], [ -105.47151, 26.5087 ], [ -105.49563, 26.52563 ], [ -105.49609, 26.54285 ], [ -105.549, 26.54658 ], [ -105.61949, 26.68351 ], [ -105.60101, 26.61485 ], [ -105.64089, 26.62 ], [ -105.6372, 26.60914 ], [ -105.64553, 26.61661 ], [ -105.67488, 26.61767 ], [ -105.67095, 26.63523 ], [ -105.68988, 26.65719 ], [ -105.7048, 26.65291 ], [ -105.72891, 26.6979 ], [ -105.73496, 26.68482 ], [ -105.74634, 26.71387 ], [ -105.79426, 26.69877 ], [ -105.77581, 26.66093 ], [ -105.81455, 26.69097 ], [ -105.86544, 26.74738 ], [ -105.87454, 26.73858 ], [ -105.8941, 26.74101 ], [ -105.89834, 26.76385 ], [ -105.90861, 26.75284 ], [ -105.92811, 26.76593 ], [ -105.93919, 26.76322 ], [ -106.04734, 26.84488 ], [ -106.06505, 26.82763 ], [ -106.10064, 26.75933 ], [ -106.12526, 26.77941 ], [ -106.17763, 26.77234 ], [ -106.17043, 26.75013 ], [ -106.17873, 26.74444 ], [ -106.17658, 26.72772 ], [ -106.14144, 26.72079 ], [ -106.13067, 26.7022 ], [ -106.13302, 26.69733 ], [ -106.14746, 26.70924 ], [ -106.16013, 26.70234 ], [ -106.17266, 26.70517 ], [ -106.18968, 26.69514 ], [ -106.18799, 26.67448 ], [ -106.19713, 26.68378 ], [ -106.19835, 26.67601 ], [ -106.20792, 26.67806 ], [ -106.20604, 26.66895 ], [ -106.21983, 26.65636 ], [ -106.22673, 26.61496 ], [ -106.23654, 26.61217 ], [ -106.23296, 26.55956 ], [ -106.23953, 26.56244 ], [ -106.24122, 26.54499 ], [ -106.28014, 26.53207 ], [ -106.26957, 26.52717 ], [ -106.28067, 26.51175 ], [ -106.25388, 26.50736 ], [ -106.25086, 26.47858 ], [ -106.24203, 26.46682 ], [ -106.26522, 26.42414 ], [ -106.26437, 26.40612 ], [ -106.2976, 26.39645 ], [ -106.30218, 26.36388 ], [ -106.27546, 26.36742 ], [ -106.28704, 26.33508 ], [ -106.31226, 26.34875 ], [ -106.43278, 26.20401 ], [ -106.41561, 26.1394 ], [ -106.45864, 26.11216 ], [ -106.45441, 26.09526 ], [ -106.47123, 26.06052 ], [ -106.4541, 26.04636 ], [ -106.4534, 26.02784 ], [ -106.46745, 26.01829 ], [ -106.47041, 26.00543 ], [ -106.44471, 26.00509 ], [ -106.45582, 25.97258 ], [ -106.49167, 25.96805 ], [ -106.50147, 25.95496 ], [ -106.53372, 25.94576 ], [ -106.54731, 25.95242 ], [ -106.56013, 25.91271 ], [ -106.55597, 25.69171 ], [ -106.52655, 25.71338 ], [ -106.46404, 25.74171 ], [ -106.46362, 25.72904 ], [ -106.50883, 25.70751 ], [ -106.53644, 25.67596 ], [ -106.56553, 25.66657 ], [ -106.56967, 25.65766 ], [ -106.59182, 25.64739 ], [ -106.62926, 25.60379 ], [ -106.63085, 25.5858 ], [ -106.6556, 25.57517 ], [ -106.65283, 25.55884 ], [ -106.67142, 25.56742 ], [ -106.68024, 25.58932 ], [ -106.70797, 25.60245 ], [ -106.68197, 25.57917 ], [ -106.69885, 25.58084 ], [ -106.70576, 25.59735 ], [ -106.70255, 25.58121 ], [ -106.7448, 25.58516 ], [ -106.87376, 25.57186 ], [ -106.89922, 25.64374 ], [ -106.89378, 25.64429 ], [ -106.99432, 25.66223 ], [ -106.96694, 25.66833 ], [ -106.96532, 25.69788 ], [ -106.9903, 25.71492 ], [ -107.01068, 25.69146 ], [ -107.04614, 25.69988 ], [ -107.04808, 25.71083 ], [ -107.06422, 25.71907 ], [ -107.06468, 25.74816 ], [ -107.0579, 25.75737 ], [ -107.20887, 25.85631 ], [ -107.20695, 25.86392 ], [ -107.22903, 25.86974 ], [ -107.23938, 25.88038 ], [ -107.24651, 25.87777 ], [ -107.24247, 25.89237 ], [ -107.29613, 25.92479 ], [ -107.28004, 25.9581 ], [ -107.27635, 26.00198 ], [ -107.30669, 26.04878 ], [ -107.30489, 26.0764 ], [ -107.34653, 26.10952 ], [ -107.41612, 26.14122 ], [ -107.43235, 26.13825 ], [ -107.43104, 26.14286 ], [ -107.46, 26.13831 ], [ -107.49217, 26.11146 ], [ -107.50612, 26.11579 ], [ -107.52002, 26.10423 ], [ -107.52627, 26.12775 ], [ -107.54368, 26.13732 ], [ -107.54328, 26.14635 ], [ -107.58203, 26.17064 ], [ -107.63575, 26.15458 ], [ -107.65276, 26.16364 ], [ -107.69632, 26.16547 ], [ -107.71108, 26.17441 ], [ -107.71743, 26.16474 ], [ -107.73872, 26.16724 ], [ -107.73787, 26.15695 ], [ -107.7476, 26.15379 ], [ -107.75517, 26.13451 ], [ -107.78069, 26.13694 ], [ -107.78892, 26.16861 ], [ -107.82275, 26.18763 ], [ -107.83995, 26.18294 ], [ -107.85402, 26.19652 ], [ -107.85626, 26.22604 ], [ -108.0128, 26.43905 ], [ -107.96964, 26.47017 ], [ -107.98562, 26.4721 ], [ -107.95727, 26.49374 ], [ -107.96102, 26.52696 ], [ -107.98974, 26.54804 ], [ -107.99205, 26.56228 ], [ -108.01248, 26.57964 ], [ -108.01217, 26.5914 ], [ -108.03251, 26.60318 ], [ -108.03181, 26.61592 ], [ -108.05158, 26.62984 ], [ -108.07456, 26.62799 ], [ -108.0816, 26.64199 ], [ -108.03172, 26.66798 ], [ -108.01175, 26.68948 ], [ -108.00678, 26.71549 ], [ -108.01923, 26.73067 ], [ -108.0057, 26.76105 ], [ -108.01426, 26.77315 ], [ -108.03765, 26.76978 ], [ -108.02682, 26.79847 ], [ -108.09411, 26.87046 ], [ -108.14425, 26.86765 ], [ -108.1431, 26.90788 ], [ -108.15591, 26.89522 ], [ -108.16856, 26.89507 ], [ -108.17455, 26.88146 ], [ -108.18392, 26.89974 ], [ -108.19008, 26.89587 ], [ -108.20739, 26.906 ], [ -108.20278, 26.89062 ], [ -108.20972, 26.88544 ], [ -108.23024, 26.90572 ], [ -108.22502, 26.92288 ], [ -108.23502, 26.95862 ], [ -108.21837, 26.96479 ], [ -108.21583, 26.97768 ], [ -108.19691, 26.98112 ], [ -108.18152, 26.99411 ], [ -108.19427, 27.03195 ], [ -108.21157, 27.03445 ], [ -108.22585, 27.02722 ], [ -108.24122, 27.04185 ], [ -108.25045, 27.04103 ], [ -108.28601, 27.01247 ], [ -108.28891, 27.02658 ], [ -108.30339, 27.03662 ], [ -108.31656, 27.03449 ], [ -108.32598, 27.02049 ], [ -108.32203, 27.00894 ], [ -108.33333, 27.0046 ], [ -108.35011, 27.02255 ], [ -108.40964, 27.0134 ], [ -108.4431, 27.0295 ], [ -108.45479, 27.02704 ], [ -108.46431, 27.0401 ], [ -108.47131, 27.0305 ], [ -108.47997, 27.03959 ], [ -108.49173, 27.03138 ], [ -108.48417, 27.01744 ], [ -108.50626, 27.00308 ], [ -108.50249, 26.98736 ], [ -108.55176, 26.99715 ], [ -108.57225, 27.01266 ], [ -108.56254, 27.04602 ], [ -108.60228, 27.03694 ], [ -108.60619, 27.06359 ], [ -108.59696, 27.0769 ], [ -108.61143, 27.15414 ], [ -108.64432, 27.17881 ], [ -108.65322, 27.17605 ], [ -108.64752, 27.1867 ], [ -108.66258, 27.21954 ], [ -108.65809, 27.23165 ], [ -108.66438, 27.2394 ], [ -108.62559, 27.28925 ], [ -108.59105, 27.31808 ], [ -108.62913, 27.38292 ], [ -108.63342, 27.42814 ], [ -108.66165, 27.46474 ], [ -108.65302, 27.46903 ], [ -108.65241, 27.53703 ], [ -108.65528, 27.5438 ], [ -108.71281, 27.56625 ], [ -108.72296, 27.58815 ], [ -108.73985, 27.59995 ], [ -108.7542, 27.63673 ], [ -108.74931, 27.66473 ], [ -108.77279, 27.6965 ], [ -108.76602, 27.70583 ], [ -108.78445, 27.71491 ], [ -108.78449, 27.73047 ], [ -108.79928, 27.72303 ], [ -108.80738, 27.73799 ], [ -108.817, 27.73217 ], [ -108.83296, 27.74435 ], [ -108.89552, 27.74481 ], [ -108.92029, 27.78397 ], [ -108.91046, 27.80914 ], [ -108.88608, 27.81367 ], [ -108.86914, 27.83929 ], [ -108.91487, 27.85401 ], [ -108.92651, 27.94059 ], [ -108.95031, 27.95404 ], [ -108.96371, 27.97252 ], [ -108.99168, 27.97998 ], [ -109.0319, 28.01829 ], [ -109.04895, 28.09265 ], [ -109.07289, 28.14857 ], [ -109.06199, 28.1992 ], [ -109.07489, 28.27261 ], [ -109.05844, 28.26727 ], [ -109.0687, 28.28614 ], [ -109.05188, 28.27642 ], [ -109.04576, 28.28116 ], [ -109.04068, 28.26699 ], [ -109.02278, 28.27753 ], [ -108.99744, 28.25505 ], [ -108.98831, 28.26254 ], [ -108.98705, 28.27783 ], [ -108.99555, 28.28639 ], [ -108.99397, 28.29796 ], [ -108.98291, 28.28707 ], [ -108.98356, 28.27696 ], [ -108.96726, 28.265 ], [ -108.92882, 28.25956 ], [ -108.92201, 28.25149 ], [ -108.91268, 28.26 ], [ -108.88066, 28.26473 ], [ -108.85609, 28.25154 ], [ -108.85138, 28.25948 ], [ -108.842, 28.25326 ], [ -108.83042, 28.26505 ], [ -108.79166, 28.25362 ], [ -108.79668, 28.26716 ], [ -108.75098, 28.27157 ], [ -108.68723, 28.30346 ], [ -108.66193, 28.29548 ], [ -108.65583, 28.30181 ], [ -108.64129, 28.29161 ], [ -108.63618, 28.33523 ], [ -108.61117, 28.33526 ], [ -108.60351, 28.34756 ], [ -108.55093, 28.31806 ], [ -108.51964, 28.33476 ], [ -108.52165, 28.36506 ], [ -108.50137, 28.35573 ], [ -108.4797, 28.36955 ], [ -108.51554, 28.42628 ], [ -108.50414, 28.45444 ], [ -108.52039, 28.45976 ], [ -108.5048, 28.49336 ], [ -108.50767, 28.50822 ], [ -108.52329, 28.50591 ], [ -108.53129, 28.55667 ], [ -108.56136, 28.59117 ], [ -108.5644, 28.61271 ], [ -108.58015, 28.63245 ], [ -108.58379, 28.74014 ], [ -108.62074, 28.75033 ], [ -108.62523, 28.75934 ], [ -108.64329, 28.76507 ], [ -108.64556, 28.79473 ], [ -108.63633, 28.79188 ], [ -108.62382, 28.80612 ], [ -108.62963, 28.81172 ], [ -108.65785, 28.80922 ], [ -108.6812, 28.85477 ], [ -108.67818, 28.86328 ], [ -108.7098, 28.88952 ], [ -108.69815, 28.93627 ], [ -108.72435, 29.0699 ], [ -108.71311, 29.07037 ], [ -108.70944, 29.083 ], [ -108.72747, 29.08576 ], [ -108.72959, 29.09653 ], [ -108.69853, 29.12774 ], [ -108.72885, 29.1718 ], [ -108.7453, 29.16234 ], [ -108.75387, 29.2001 ], [ -108.73983, 29.20082 ], [ -108.73541, 29.21771 ], [ -108.74283, 29.22586 ], [ -108.74124, 29.24043 ], [ -108.76189, 29.25388 ], [ -108.73067, 29.2634 ], [ -108.7303, 29.26909 ], [ -108.68221, 29.26743 ], [ -108.66973, 29.30742 ], [ -108.71775, 29.46595 ], [ -108.69433, 29.46711 ], [ -108.68961, 29.484 ], [ -108.64399, 29.48884 ], [ -108.62516, 29.50103 ], [ -108.64871, 29.5091 ], [ -108.66231, 29.54448 ], [ -108.63832, 29.55832 ], [ -108.65951, 29.58404 ], [ -108.64114, 29.58889 ], [ -108.64466, 29.62755 ], [ -108.65499, 29.64943 ], [ -108.61828, 29.66053 ], [ -108.6591, 29.71613 ], [ -108.59253, 29.71765 ], [ -108.59275, 29.72839 ], [ -108.54078, 29.73623 ], [ -108.53496, 29.75136 ], [ -108.54126, 29.79614 ], [ -108.61856, 29.80047 ], [ -108.62944, 29.80627 ], [ -108.63572, 29.82968 ], [ -108.6072, 29.84714 ], [ -108.62169, 29.87821 ], [ -108.61486, 29.89513 ], [ -108.62871, 29.95303 ], [ -108.6155, 29.96587 ], [ -108.60692, 30.02862 ], [ -108.61822, 30.08945 ], [ -108.61166, 30.10235 ], [ -108.62022, 30.29823 ], [ -108.55055, 30.26664 ], [ -108.5422, 30.28351 ], [ -108.56577, 30.30819 ], [ -108.58001, 30.33748 ], [ -108.62206, 30.34032 ], [ -108.61984, 30.3748 ], [ -108.64865, 30.41686 ], [ -108.61356, 30.43572 ], [ -108.60384, 30.46511 ], [ -108.66477, 30.46815 ], [ -108.65712, 30.47032 ], [ -108.66197, 30.52194 ], [ -108.67409, 30.53229 ], [ -108.67779, 30.55707 ], [ -108.6874, 30.55476 ], [ -108.72744, 30.58048 ], [ -108.72667, 30.59455 ], [ -108.75654, 30.59608 ], [ -108.76202, 30.58727 ], [ -108.83065, 30.60173 ], [ -108.87647, 30.62457 ], [ -108.86693, 30.68939 ], [ -108.88692, 30.71929 ], [ -108.91897, 30.73935 ], [ -108.9483, 30.73691 ], [ -108.93546, 30.77363 ], [ -108.92985, 30.86102 ], [ -108.93924, 30.90757 ], [ -108.80239, 30.9041 ], [ -108.80326, 31.00483 ], [ -108.68381, 31.00597 ], [ -108.68439, 31.03374 ], [ -108.75247, 31.03385 ], [ -108.7299, 31.05215 ], [ -108.76616, 31.07363 ], [ -108.77, 31.10247 ], [ -108.84564, 31.13558 ], [ -108.83501, 31.16933 ], [ -108.80502, 31.19296 ], [ -108.84833, 31.19511 ], [ -108.86069, 31.21893 ], [ -108.90033, 31.20245 ], [ -108.90629, 31.21334 ], [ -108.87981, 31.23879 ], [ -108.81723, 31.23901 ], [ -108.75592, 31.33242 ], [ -108.20847, 31.33336 ], [ -108.20837, 31.78375 ] ] ] } },
{ "type": "Feature", "properties": { "CVEGEO": "09", "CVE_ENT": "09", "NOMGEO": "Ciudad de México" }, "geometry": { "type": "Polygon", "coordinates": [ [ [ -99.11124, 19.5615 ], [ -99.13057, 19.53609 ], [ -99.128, 19.52453 ], [ -99.11441, 19.51106 ], [ -99.0974, 19.51263 ], [ -99.06386, 19.49878 ], [ -99.06799, 19.48908 ], [ -99.04646, 19.44236 ], [ -99.05814, 19.40069 ], [ -98.99194, 19.3676 ], [ -98.99456, 19.35814 ], [ -98.9579, 19.32323 ], [ -98.97653, 19.25313 ], [ -98.96599, 19.24994 ], [ -98.96859, 19.23222 ], [ -98.9403, 19.22324 ], [ -98.94255, 19.21561 ], [ -98.96853, 19.21057 ], [ -98.96769, 19.18974 ], [ -98.95239, 19.16864 ], [ -98.96737, 19.16444 ], [ -98.95463, 19.14952 ], [ -98.96646, 19.14387 ], [ -98.95751, 19.12238 ], [ -98.96572, 19.08586 ], [ -98.979, 19.07446 ], [ -99.02899, 19.08537 ], [ -99.04321, 19.07576 ], [ -99.0598, 19.04824 ], [ -99.13538, 19.0893 ], [ -99.22678, 19.09606 ], [ -99.2787, 19.1317 ], [ -99.31534, 19.2292 ], [ -99.34234, 19.24112 ], [ -99.33916, 19.2677 ], [ -99.36492, 19.27777 ], [ -99.34999, 19.29684 ], [ -99.35661, 19.30668 ], [ -99.33384, 19.33059 ], [ -99.31761, 19.36573 ], [ -99.30348, 19.37783 ], [ -99.29902, 19.36752 ], [ -99.29389, 19.37015 ], [ -99.25813, 19.40476 ], [ -99.22227, 19.42702 ], [ -99.22963, 19.43737 ], [ -99.21813, 19.44411 ], [ -99.21997, 19.45288 ], [ -99.20717, 19.46957 ], [ -99.22112, 19.47507 ], [ -99.20926, 19.51241 ], [ -99.15718, 19.50285 ], [ -99.17705, 19.52933 ], [ -99.1568, 19.52809 ], [ -99.15108, 19.54485 ], [ -99.1609, 19.54926 ], [ -99.1581, 19.55735 ], [ -99.12371, 19.59276 ], [ -99.11124, 19.5615 ] ] ] } },
{ "type": "Feature", "properties": { "CVEGEO": "10", "CVE_ENT": "10", "NOMGEO": "Durango" }, "geometry": { "type": "Polygon", "coordinates": [ [ [ -106.04734, 26.84488 ], [ -105.93919, 26.76322 ], [ -105.92811, 26.76593 ], [ -105.90861, 26.75284 ], [ -105.89834, 26.76385 ], [ -105.8941, 26.74101 ], [ -105.87454, 26.73858 ], [ -105.86544, 26.74738 ], [ -105.81455, 26.69097 ], [ -105.77581, 26.66093 ], [ -105.79426, 26.69877 ], [ -105.74634, 26.71387 ], [ -105.73496, 26.68482 ], [ -105.72891, 26.6979 ], [ -105.7048, 26.65291 ], [ -105.68988, 26.65719 ], [ -105.67095, 26.63523 ], [ -105.67488, 26.61767 ], [ -105.64553, 26.61661 ], [ -105.6372, 26.60914 ], [ -105.64089, 26.62 ], [ -105.60101, 26.61485 ], [ -105.61949, 26.68351 ], [ -105.549, 26.54658 ], [ -105.49609, 26.54285 ], [ -105.49563, 26.52563 ], [ -105.47151, 26.5087 ], [ -105.47014, 26.5279 ], [ -105.4386, 26.52834 ], [ -105.40343, 26.51752 ], [ -105.36862, 26.53427 ], [ -105.34271, 26.50452 ], [ -105.35452, 26.49262 ], [ -105.35277, 26.47888 ], [ -105.33875, 26.47805 ], [ -105.31675, 26.46229 ], [ -105.31548, 26.47035 ], [ -105.30193, 26.47245 ], [ -105.28993, 26.48811 ], [ -105.27908, 26.48748 ], [ -105.26468, 26.46207 ], [ -105.10155, 26.52141 ], [ -105.05663, 26.4193 ], [ -105.05258, 26.42976 ], [ -105.00039, 26.45495 ], [ -104.9631, 26.44918 ], [ -104.95624, 26.46284 ], [ -104.96959, 26.46595 ], [ -104.96322, 26.47339 ], [ -104.94438, 26.46834 ], [ -104.93673, 26.48371 ], [ -104.8989, 26.51002 ], [ -104.85658, 26.50287 ], [ -104.80927, 26.5085 ], [ -104.76096, 26.48582 ], [ -104.74784, 26.49245 ], [ -104.72704, 26.47796 ], [ -104.67729, 26.42933 ], [ -104.65408, 26.39105 ], [ -104.64532, 26.39161 ], [ -104.62009, 26.36884 ], [ -104.59386, 26.38044 ], [ -104.57445, 26.34047 ], [ -104.50097, 26.41476 ], [ -104.4954, 26.43342 ], [ -104.50283, 26.46585 ], [ -104.4959, 26.46686 ], [ -104.46856, 26.52034 ], [ -104.43478, 26.60452 ], [ -104.37542, 26.64072 ], [ -104.33039, 26.65653 ], [ -104.3068, 26.70717 ], [ -104.28654, 26.7254 ], [ -104.29976, 26.75195 ], [ -104.31728, 26.76074 ], [ -104.30176, 26.77195 ], [ -104.30532, 26.79289 ], [ -104.31531, 26.79907 ], [ -104.28616, 26.8152 ], [ -104.29489, 26.81775 ], [ -104.27304, 26.84228 ], [ -104.22781, 26.77715 ], [ -104.18394, 26.77357 ], [ -104.04574, 26.74298 ], [ -104.03319, 26.77439 ], [ -103.995, 26.77754 ], [ -103.99383, 26.75361 ], [ -103.8613, 26.75409 ], [ -103.65826, 26.71948 ], [ -103.64389, 26.69016 ], [ -103.63698, 26.69344 ], [ -103.37418, 26.60235 ], [ -103.31679, 26.36178 ], [ -103.26083, 26.28473 ], [ -103.35049, 26.14239 ], [ -103.34636, 25.8603 ], [ -103.31859, 25.8127 ], [ -103.33371, 25.73874 ], [ -103.35284, 25.71655 ], [ -103.33944, 25.7076 ], [ -103.35499, 25.69986 ], [ -103.34921, 25.69344 ], [ -103.38304, 25.65532 ], [ -103.38142, 25.64034 ], [ -103.406, 25.64503 ], [ -103.40328, 25.62813 ], [ -103.42477, 25.62368 ], [ -103.41603, 25.61442 ], [ -103.42685, 25.61209 ], [ -103.42962, 25.59892 ], [ -103.43841, 25.59664 ], [ -103.43537, 25.58278 ], [ -103.45099, 25.57893 ], [ -103.45465, 25.55793 ], [ -103.49441, 25.53773 ], [ -103.36906, 25.41646 ], [ -103.34137, 25.41014 ], [ -103.33692, 25.37123 ], [ -103.35123, 25.37298 ], [ -103.36552, 25.39316 ], [ -103.4067, 25.3989 ], [ -103.46206, 25.37631 ], [ -103.46622, 25.35235 ], [ -103.48648, 25.33286 ], [ -103.47925, 25.32392 ], [ -103.49574, 25.31111 ], [ -103.49767, 25.29515 ], [ -103.50935, 25.29146 ], [ -103.51071, 25.27913 ], [ -103.49672, 25.25575 ], [ -103.47318, 25.25011 ], [ -103.45021, 25.22861 ], [ -103.43868, 25.20196 ], [ -103.4258, 25.20154 ], [ -103.40286, 25.18235 ], [ -103.39429, 25.15774 ], [ -103.35954, 25.11003 ], [ -103.34266, 25.11033 ], [ -103.33723, 25.09913 ], [ -103.26218, 25.05855 ], [ -103.27802, 25.03461 ], [ -103.26749, 25.02804 ], [ -103.27405, 25.02336 ], [ -103.27047, 25.01566 ], [ -103.24656, 24.99603 ], [ -103.24536, 24.98246 ], [ -103.25915, 24.96466 ], [ -103.0892, 24.82123 ], [ -103.05374, 24.80994 ], [ -103.03336, 24.81084 ], [ -103.00514, 24.79322 ], [ -102.97522, 24.79946 ], [ -102.97457, 24.79281 ], [ -102.96492, 24.79401 ], [ -102.94914, 24.77971 ], [ -102.92299, 24.78022 ], [ -102.92167, 24.77309 ], [ -102.89549, 24.76603 ], [ -102.8831, 24.75044 ], [ -102.8564, 24.73977 ], [ -102.85313, 24.772 ], [ -102.66969, 25.06664 ], [ -102.65242, 25.04523 ], [ -102.64955, 25.02796 ], [ -102.62888, 25.00832 ], [ -102.64296, 24.97865 ], [ -102.67298, 24.97882 ], [ -102.67306, 24.94275 ], [ -102.56624, 24.90222 ], [ -102.56537, 24.86636 ], [ -102.51218, 24.70972 ], [ -102.47981, 24.49045 ], [ -102.487, 24.44423 ], [ -102.47313, 24.44521 ], [ -102.48027, 24.42801 ], [ -102.52015, 24.42393 ], [ -102.53393, 24.40772 ], [ -102.60659, 24.41117 ], [ -102.61856, 24.39638 ], [ -102.6999, 24.37397 ], [ -102.75665, 24.37698 ], [ -102.78885, 24.40625 ], [ -102.83174, 24.38469 ], [ -102.8459, 24.39808 ], [ -102.85389, 24.42436 ], [ -102.86501, 24.43031 ], [ -102.86062, 24.43449 ], [ -102.89189, 24.46112 ], [ -102.90011, 24.4285 ], [ -102.96744, 24.4577 ], [ -102.98357, 24.43326 ], [ -103.04315, 24.4665 ], [ -103.07508, 24.42262 ], [ -103.08751, 24.43603 ], [ -103.09853, 24.40163 ], [ -103.13171, 24.42468 ], [ -103.15773, 24.42784 ], [ -103.16526, 24.4352 ], [ -103.17546, 24.43326 ], [ -103.18195, 24.4199 ], [ -103.20209, 24.42447 ], [ -103.22283, 24.4171 ], [ -103.23664, 24.42706 ], [ -103.23398, 24.43584 ], [ -103.25353, 24.44725 ], [ -103.26452, 24.43458 ], [ -103.28265, 24.42884 ], [ -103.31025, 24.43566 ], [ -103.32393, 24.42651 ], [ -103.3862, 24.42296 ], [ -103.39406, 24.4321 ], [ -103.40981, 24.42628 ], [ -103.41933, 24.43049 ], [ -103.43024, 24.40891 ], [ -103.42515, 24.38786 ], [ -103.43052, 24.36015 ], [ -103.44834, 24.3326 ], [ -103.4627, 24.32047 ], [ -103.48406, 24.31834 ], [ -103.485, 24.30093 ], [ -103.50455, 24.29577 ], [ -103.50676, 24.28796 ], [ -103.53124, 24.29391 ], [ -103.56835, 24.28637 ], [ -103.55649, 24.242 ], [ -103.56552, 24.21141 ], [ -103.55954, 24.19379 ], [ -103.60577, 24.15115 ], [ -103.62201, 24.11746 ], [ -103.63597, 24.11029 ], [ -103.66036, 24.14933 ], [ -103.79977, 24.05056 ], [ -103.81028, 24.04009 ], [ -103.81327, 24.02197 ], [ -103.84313, 24.02697 ], [ -103.84783, 24.00324 ], [ -103.87239, 24.00702 ], [ -103.85028, 23.98884 ], [ -103.8388, 23.96482 ], [ -103.83395, 23.96964 ], [ -103.81836, 23.96491 ], [ -103.8308, 23.9078 ], [ -103.85311, 23.87462 ], [ -103.84975, 23.86257 ], [ -103.83262, 23.84893 ], [ -103.83119, 23.82466 ], [ -103.81607, 23.80765 ], [ -103.82027, 23.79188 ], [ -103.83509, 23.78509 ], [ -103.86236, 23.75264 ], [ -103.84101, 23.70124 ], [ -103.85108, 23.6796 ], [ -103.7851, 23.67656 ], [ -103.79354, 23.63086 ], [ -103.8113, 23.61365 ], [ -103.84918, 23.64008 ], [ -103.87743, 23.62897 ], [ -103.87345, 23.62047 ], [ -103.88252, 23.59227 ], [ -103.89901, 23.60397 ], [ -103.90687, 23.60187 ], [ -103.89009, 23.57983 ], [ -103.91193, 23.57608 ], [ -103.91228, 23.58812 ], [ -103.92147, 23.58918 ], [ -103.91627, 23.56573 ], [ -103.92531, 23.55698 ], [ -104.06598, 23.46349 ], [ -104.08627, 23.39863 ], [ -104.11121, 23.35121 ], [ -104.12902, 23.18221 ], [ -104.17213, 23.12841 ], [ -104.17361, 22.98244 ], [ -104.16285, 22.9753 ], [ -104.16659, 22.94522 ], [ -104.1541, 22.93784 ], [ -104.15112, 22.92214 ], [ -104.13596, 22.91812 ], [ -104.13299, 22.90496 ], [ -104.11264, 22.90512 ], [ -104.11774, 22.89771 ], [ -104.1075, 22.8848 ], [ -104.1063, 22.85689 ], [ -104.11683, 22.85095 ], [ -104.10431, 22.8336 ], [ -104.11148, 22.81031 ], [ -104.09523, 22.80584 ], [ -104.10022, 22.79483 ], [ -104.08048, 22.76662 ], [ -104.09529, 22.75924 ], [ -104.1072, 22.7686 ], [ -104.11938, 22.76226 ], [ -104.13926, 22.76842 ], [ -104.18218, 22.75827 ], [ -104.19961, 22.77648 ], [ -104.22104, 22.77942 ], [ -104.23207, 22.7531 ], [ -104.26634, 22.73654 ], [ -104.26915, 22.72086 ], [ -104.26271, 22.71764 ], [ -104.27763, 22.70241 ], [ -104.27486, 22.68202 ], [ -104.28833, 22.66353 ], [ -104.28073, 22.65339 ], [ -104.28997, 22.64561 ], [ -104.26927, 22.63582 ], [ -104.28329, 22.6217 ], [ -104.26053, 22.59617 ], [ -104.26141, 22.5862 ], [ -104.27817, 22.58307 ], [ -104.28885, 22.55297 ], [ -104.30569, 22.55789 ], [ -104.31409, 22.54073 ], [ -104.32582, 22.5374 ], [ -104.30283, 22.49202 ], [ -104.29903, 22.4617 ], [ -104.31543, 22.44815 ], [ -104.32019, 22.43009 ], [ -104.3306, 22.43223 ], [ -104.33094, 22.4242 ], [ -104.34884, 22.40972 ], [ -104.37151, 22.42166 ], [ -104.49539, 22.37632 ], [ -104.48786, 22.36891 ], [ -104.49499, 22.36053 ], [ -104.48369, 22.34943 ], [ -104.50651, 22.34516 ], [ -104.51866, 22.3606 ], [ -104.53591, 22.3648 ], [ -104.55125, 22.38887 ], [ -104.55738, 22.38575 ], [ -104.56088, 22.39478 ], [ -104.58167, 22.39995 ], [ -104.60544, 22.44546 ], [ -104.60256, 22.46051 ], [ -104.65529, 22.46215 ], [ -104.65368, 22.52424 ], [ -104.66762, 22.56255 ], [ -104.70874, 22.55462 ], [ -104.7198, 22.56905 ], [ -104.73607, 22.55795 ], [ -104.75981, 22.56872 ], [ -104.77593, 22.58512 ], [ -104.77409, 22.63255 ], [ -104.78892, 22.64797 ], [ -104.80426, 22.64874 ], [ -104.80402, 22.64034 ], [ -104.81468, 22.63425 ], [ -104.84012, 22.65114 ], [ -104.8584, 22.64833 ], [ -104.86249, 22.60707 ], [ -104.96053, 22.50531 ], [ -104.98791, 22.49873 ], [ -105.00755, 22.58567 ], [ -105.07237, 22.6565 ], [ -105.06842, 22.67841 ], [ -105.0573, 22.68809 ], [ -104.89272, 22.73741 ], [ -104.91564, 22.74854 ], [ -104.91338, 22.79049 ], [ -104.90558, 22.79958 ], [ -104.91839, 22.81978 ], [ -104.93423, 22.82731 ], [ -104.9405, 22.81616 ], [ -104.95172, 22.82183 ], [ -104.95897, 22.8136 ], [ -104.98841, 22.83605 ], [ -104.9878, 22.88825 ], [ -105.00507, 22.90355 ], [ -105.00005, 22.9089 ], [ -105.01004, 22.92236 ], [ -104.99689, 22.952 ], [ -105.00834, 22.96846 ], [ -105.00314, 22.97698 ], [ -105.07602, 22.95964 ], [ -105.2977, 22.95416 ], [ -105.32357, 22.94133 ], [ -105.33414, 22.95341 ], [ -105.33085, 22.96317 ], [ -105.34305, 22.96816 ], [ -105.3337, 22.99468 ], [ -105.35386, 23.01978 ], [ -105.3508, 23.03563 ], [ -105.35878, 23.04626 ], [ -105.35047, 23.06058 ], [ -105.35794, 23.0632 ], [ -105.35832, 23.07392 ], [ -105.39825, 23.08821 ], [ -105.3988, 23.10221 ], [ -105.40853, 23.1032 ], [ -105.41589, 23.1169 ], [ -105.45532, 23.11734 ], [ -105.50198, 23.12801 ], [ -105.53122, 23.11806 ], [ -105.53707, 23.10454 ], [ -105.55431, 23.09889 ], [ -105.56934, 23.11006 ], [ -105.57538, 23.10497 ], [ -105.58425, 23.11286 ], [ -105.59764, 23.10915 ], [ -105.60696, 23.12179 ], [ -105.62397, 23.12239 ], [ -105.64399, 23.14177 ], [ -105.64581, 23.1515 ], [ -105.63688, 23.15592 ], [ -105.63304, 23.17345 ], [ -105.64072, 23.18545 ], [ -105.62971, 23.20229 ], [ -105.63574, 23.21475 ], [ -105.63032, 23.23558 ], [ -105.64264, 23.23896 ], [ -105.64321, 23.27648 ], [ -105.66371, 23.28742 ], [ -105.67265, 23.28164 ], [ -105.68708, 23.28752 ], [ -105.69397, 23.30131 ], [ -105.68738, 23.30714 ], [ -105.69947, 23.30772 ], [ -105.69233, 23.31097 ], [ -105.70218, 23.33265 ], [ -105.694, 23.34057 ], [ -105.71516, 23.35022 ], [ -105.71225, 23.36428 ], [ -105.73069, 23.3749 ], [ -105.71733, 23.37859 ], [ -105.72242, 23.38604 ], [ -105.71208, 23.39255 ], [ -105.70029, 23.42017 ], [ -105.72833, 23.42898 ], [ -105.7284, 23.43959 ], [ -105.73886, 23.44521 ], [ -105.72466, 23.46081 ], [ -105.72344, 23.47484 ], [ -105.76034, 23.50296 ], [ -105.75687, 23.5249 ], [ -105.76912, 23.54194 ], [ -105.7693, 23.55647 ], [ -105.80665, 23.58887 ], [ -105.81164, 23.61103 ], [ -105.84552, 23.60326 ], [ -105.84519, 23.58369 ], [ -105.8536, 23.59729 ], [ -105.88432, 23.59039 ], [ -105.89266, 23.55265 ], [ -105.90891, 23.58827 ], [ -105.92663, 23.68414 ], [ -105.90609, 23.7394 ], [ -105.92306, 23.74775 ], [ -105.92878, 23.78658 ], [ -105.93217, 23.7947 ], [ -105.93933, 23.79143 ], [ -105.96127, 23.84074 ], [ -105.95366, 23.90858 ], [ -105.86724, 23.87524 ], [ -105.85759, 23.8993 ], [ -105.88155, 23.93282 ], [ -105.89992, 23.94392 ], [ -105.94542, 23.94803 ], [ -105.90846, 23.98343 ], [ -105.91214, 23.99753 ], [ -105.92887, 23.99929 ], [ -105.94234, 24.01432 ], [ -105.95981, 24.0174 ], [ -105.97951, 24.04196 ], [ -105.99872, 24.04338 ], [ -105.99672, 24.05422 ], [ -106.00788, 24.07251 ], [ -106.00071, 24.07606 ], [ -105.98972, 24.11439 ], [ -106.00405, 24.12053 ], [ -106.00321, 24.14684 ], [ -106.02856, 24.18033 ], [ -106.04388, 24.22085 ], [ -106.06995, 24.2202 ], [ -106.07584, 24.27139 ], [ -106.15254, 24.33877 ], [ -106.16998, 24.33365 ], [ -106.19441, 24.35179 ], [ -106.26887, 24.37476 ], [ -106.33633, 24.3557 ], [ -106.34615, 24.34493 ], [ -106.35262, 24.31647 ], [ -106.36754, 24.30194 ], [ -106.46965, 24.27786 ], [ -106.5091, 24.29114 ], [ -106.51709, 24.28698 ], [ -106.58596, 24.379 ], [ -106.58347, 24.39027 ], [ -106.60159, 24.41457 ], [ -106.56928, 24.43702 ], [ -106.56002, 24.47271 ], [ -106.59365, 24.49506 ], [ -106.60036, 24.48321 ], [ -106.60999, 24.49785 ], [ -106.63007, 24.5065 ], [ -106.62261, 24.5249 ], [ -106.64546, 24.52898 ], [ -106.68361, 24.59853 ], [ -106.70595, 24.66526 ], [ -106.79301, 24.74391 ], [ -106.86585, 24.82296 ], [ -106.90295, 24.82839 ], [ -106.91928, 24.81395 ], [ -106.93066, 24.82092 ], [ -106.94649, 24.83975 ], [ -106.94396, 24.85153 ], [ -106.95142, 24.85902 ], [ -106.92708, 24.86662 ], [ -106.93451, 24.88054 ], [ -107.00058, 24.92824 ], [ -107.02105, 24.90991 ], [ -107.02515, 24.92838 ], [ -107.01834, 24.93362 ], [ -107.06042, 25.00243 ], [ -107.06357, 25.02526 ], [ -107.12989, 25.05314 ], [ -107.12492, 25.18664 ], [ -107.14877, 25.22455 ], [ -107.13202, 25.22671 ], [ -107.12106, 25.24311 ], [ -107.1572, 25.26176 ], [ -107.20782, 25.33156 ], [ -107.17155, 25.32636 ], [ -107.21013, 25.4171 ], [ -107.18487, 25.43682 ], [ -107.15869, 25.44199 ], [ -107.15112, 25.4767 ], [ -107.13929, 25.48956 ], [ -107.14768, 25.50503 ], [ -107.16629, 25.503 ], [ -107.17812, 25.51518 ], [ -107.16951, 25.53247 ], [ -107.17688, 25.54082 ], [ -107.17388, 25.55655 ], [ -107.13875, 25.5601 ], [ -107.13826, 25.5522 ], [ -107.12456, 25.55041 ], [ -106.97329, 25.62957 ], [ -106.99432, 25.66223 ], [ -106.89378, 25.64429 ], [ -106.89922, 25.64374 ], [ -106.87376, 25.57186 ], [ -106.7448, 25.58516 ], [ -106.70255, 25.58121 ], [ -106.70576, 25.59735 ], [ -106.69885, 25.58084 ], [ -106.68197, 25.57917 ], [ -106.70797, 25.60245 ], [ -106.68024, 25.58932 ], [ -106.67142, 25.56742 ], [ -106.65283, 25.55884 ], [ -106.6556, 25.57517 ], [ -106.63085, 25.5858 ], [ -106.62926, 25.60379 ], [ -106.59182, 25.64739 ], [ -106.56967, 25.65766 ], [ -106.56553, 25.66657 ], [ -106.53644, 25.67596 ], [ -106.50883, 25.70751 ], [ -106.46362, 25.72904 ], [ -106.46404, 25.74171 ], [ -106.52655, 25.71338 ], [ -106.55597, 25.69171 ], [ -106.56013, 25.91271 ], [ -106.54731, 25.95242 ], [ -106.53372, 25.94576 ], [ -106.50147, 25.95496 ], [ -106.49167, 25.96805 ], [ -106.45582, 25.97258 ], [ -106.44471, 26.00509 ], [ -106.47041, 26.00543 ], [ -106.46745, 26.01829 ], [ -106.4534, 26.02784 ], [ -106.4541, 26.04636 ], [ -106.47123, 26.06052 ], [ -106.45441, 26.09526 ], [ -106.45864, 26.11216 ], [ -106.41561, 26.1394 ], [ -106.43278, 26.20401 ], [ -106.31226, 26.34875 ], [ -106.28704, 26.33508 ], [ -106.27546, 26.36742 ], [ -106.30218, 26.36388 ], [ -106.2976, 26.39645 ], [ -106.26437, 26.40612 ], [ -106.26522, 26.42414 ], [ -106.24203, 26.46682 ], [ -106.25086, 26.47858 ], [ -106.25388, 26.50736 ], [ -106.28067, 26.51175 ], [ -106.26957, 26.52717 ], [ -106.28014, 26.53207 ], [ -106.24122, 26.54499 ], [ -106.23953, 26.56244 ], [ -106.23296, 26.55956 ], [ -106.23654, 26.61217 ], [ -106.22673, 26.61496 ], [ -106.21983, 26.65636 ], [ -106.20604, 26.66895 ], [ -106.20792, 26.67806 ], [ -106.19835, 26.67601 ], [ -106.19713, 26.68378 ], [ -106.19329, 26.68188 ], [ -106.18925, 26.67463 ], [ -106.18799, 26.67448 ], [ -106.18968, 26.69514 ], [ -106.17266, 26.70517 ], [ -106.16013, 26.70234 ], [ -106.14746, 26.70924 ], [ -106.13302, 26.69733 ], [ -106.13067, 26.7022 ], [ -106.14144, 26.72079 ], [ -106.17658, 26.72772 ], [ -106.17873, 26.74444 ], [ -106.17043, 26.75013 ], [ -106.17763, 26.77234 ], [ -106.12526, 26.77941 ], [ -106.10064, 26.75933 ], [ -106.06505, 26.82763 ], [ -106.04734, 26.84488 ] ] ] } },
{ "type": "Feature", "properties": { "CVEGEO": "11", "CVE_ENT": "11", "NOMGEO": "Guanajuato" }, "geometry": { "type": "Polygon", "coordinates": [ [ [ -101.36146, 21.83912 ], [ -101.31948, 21.83533 ], [ -101.28969, 21.81214 ], [ -101.28153, 21.82147 ], [ -101.26231, 21.82344 ], [ -101.21715, 21.81608 ], [ -101.21979, 21.8022 ], [ -101.16127, 21.75751 ], [ -101.13614, 21.75323 ], [ -101.05925, 21.76552 ], [ -101.00517, 21.75723 ], [ -101.0023, 21.75082 ], [ -101.00003, 21.75641 ], [ -100.98197, 21.75353 ], [ -100.96555, 21.73493 ], [ -100.9435, 21.73262 ], [ -100.93805, 21.72053 ], [ -100.91258, 21.71365 ], [ -100.92127, 21.70027 ], [ -100.90839, 21.69166 ], [ -100.90718, 21.68164 ], [ -100.87011, 21.67249 ], [ -100.86515, 21.68708 ], [ -100.83432, 21.66456 ], [ -100.85768, 21.61899 ], [ -100.81656, 21.60265 ], [ -100.8095, 21.59205 ], [ -100.79231, 21.59483 ], [ -100.7733, 21.58812 ], [ -100.77247, 21.59545 ], [ -100.76176, 21.58494 ], [ -100.73434, 21.57873 ], [ -100.71763, 21.55023 ], [ -100.68117, 21.5475 ], [ -100.65746, 21.52472 ], [ -100.63854, 21.52829 ], [ -100.63545, 21.54319 ], [ -100.6143, 21.53313 ], [ -100.62191, 21.51899 ], [ -100.61496, 21.50579 ], [ -100.58198, 21.52612 ], [ -100.54686, 21.5322 ], [ -100.53395, 21.54233 ], [ -100.46108, 21.54533 ], [ -100.46485, 21.55362 ], [ -100.45538, 21.55626 ], [ -100.4607, 21.57121 ], [ -100.48569, 21.59528 ], [ -100.47049, 21.60647 ], [ -100.45135, 21.6666 ], [ -100.43504, 21.68272 ], [ -100.42305, 21.67506 ], [ -100.39999, 21.67448 ], [ -100.35137, 21.69167 ], [ -100.32208, 21.68209 ], [ -100.27214, 21.68735 ], [ -100.24631, 21.66493 ], [ -100.22228, 21.66565 ], [ -100.19284, 21.64696 ], [ -100.17963, 21.65079 ], [ -100.16715, 21.63412 ], [ -100.17144, 21.60127 ], [ -100.14719, 21.61813 ], [ -100.07584, 21.55793 ], [ -100.06228, 21.52331 ], [ -99.95682, 21.52623 ], [ -99.96511, 21.50512 ], [ -99.94571, 21.49743 ], [ -99.95935, 21.48351 ], [ -99.94233, 21.44962 ], [ -99.94317, 21.46178 ], [ -99.90517, 21.44816 ], [ -99.867, 21.47346 ], [ -99.83493, 21.47812 ], [ -99.83918, 21.46239 ], [ -99.82529, 21.46652 ], [ -99.81707, 21.46169 ], [ -99.78799, 21.47751 ], [ -99.79104, 21.49067 ], [ -99.77608, 21.49454 ], [ -99.7755, 21.37497 ], [ -99.79452, 21.3574 ], [ -99.79213, 21.34391 ], [ -99.77757, 21.34324 ], [ -99.78779, 21.32962 ], [ -99.784, 21.32015 ], [ -99.75789, 21.29214 ], [ -99.73416, 21.30144 ], [ -99.73725, 21.31288 ], [ -99.70757, 21.31455 ], [ -99.6713, 21.30119 ], [ -99.69908, 21.2667 ], [ -99.69871, 21.24075 ], [ -99.68785, 21.22578 ], [ -99.73848, 21.23582 ], [ -99.77583, 21.20728 ], [ -99.77697, 21.19594 ], [ -99.83043, 21.15751 ], [ -99.88825, 21.1696 ], [ -99.89935, 21.1839 ], [ -99.94265, 21.19442 ], [ -99.94536, 21.20989 ], [ -99.95471, 21.20567 ], [ -99.94786, 21.21237 ], [ -99.98637, 21.21831 ], [ -100.01109, 21.18946 ], [ -99.99642, 21.18259 ], [ -100.02754, 21.10025 ], [ -100.02188, 21.10008 ], [ -100.02642, 21.07356 ], [ -100.01977, 21.05513 ], [ -100.00666, 21.04639 ], [ -100.01107, 21.0285 ], [ -100.02256, 21.01462 ], [ -100.05448, 21.02779 ], [ -100.06895, 21.02281 ], [ -100.06075, 21.00582 ], [ -100.07376, 20.99176 ], [ -100.06985, 20.98349 ], [ -100.07804, 20.97266 ], [ -100.0688, 20.95791 ], [ -100.08074, 20.94986 ], [ -100.06417, 20.93629 ], [ -100.11783, 20.92216 ], [ -100.13531, 20.93726 ], [ -100.17837, 20.93867 ], [ -100.18153, 20.9304 ], [ -100.26362, 20.971 ], [ -100.27206, 20.96303 ], [ -100.2618, 20.95337 ], [ -100.26554, 20.92925 ], [ -100.29921, 20.93133 ], [ -100.30538, 20.92383 ], [ -100.29839, 20.91529 ], [ -100.33359, 20.89073 ], [ -100.4134, 20.88743 ], [ -100.45396, 20.90018 ], [ -100.45318, 20.9232 ], [ -100.47223, 20.92845 ], [ -100.46996, 20.90704 ], [ -100.48537, 20.9088 ], [ -100.50902, 20.87071 ], [ -100.50205, 20.85292 ], [ -100.57759, 20.81667 ], [ -100.57336, 20.80367 ], [ -100.55833, 20.80457 ], [ -100.56408, 20.7747 ], [ -100.54812, 20.74956 ], [ -100.54891, 20.73638 ], [ -100.58441, 20.72894 ], [ -100.59654, 20.71726 ], [ -100.58128, 20.69293 ], [ -100.5836, 20.67842 ], [ -100.56193, 20.67143 ], [ -100.55113, 20.63377 ], [ -100.52954, 20.63867 ], [ -100.52149, 20.62486 ], [ -100.49618, 20.61619 ], [ -100.48209, 20.57151 ], [ -100.485, 20.5538 ], [ -100.50477, 20.55503 ], [ -100.50852, 20.52621 ], [ -100.50111, 20.5126 ], [ -100.50976, 20.50653 ], [ -100.49736, 20.50483 ], [ -100.49238, 20.49042 ], [ -100.4895, 20.43139 ], [ -100.47827, 20.41629 ], [ -100.47618, 20.38961 ], [ -100.41, 20.37601 ], [ -100.39402, 20.35023 ], [ -100.39126, 20.31309 ], [ -100.34813, 20.28658 ], [ -100.32356, 20.25193 ], [ -100.35524, 20.21902 ], [ -100.35234, 20.20046 ], [ -100.34031, 20.18974 ], [ -100.35584, 20.18239 ], [ -100.37089, 20.13619 ], [ -100.39151, 20.12103 ], [ -100.38529, 20.10451 ], [ -100.39726, 20.09695 ], [ -100.38975, 20.08082 ], [ -100.35826, 20.06492 ], [ -100.35497, 20.01012 ], [ -100.36051, 20.02396 ], [ -100.3704, 20.02127 ], [ -100.36293, 19.98986 ], [ -100.44358, 19.98229 ], [ -100.46582, 19.9874 ], [ -100.46246, 19.97927 ], [ -100.49818, 19.95804 ], [ -100.51169, 19.95822 ], [ -100.51995, 19.91882 ], [ -100.53601, 19.92301 ], [ -100.52678, 19.96576 ], [ -100.53182, 19.97639 ], [ -100.54063, 19.97493 ], [ -100.53393, 19.96921 ], [ -100.55072, 19.95797 ], [ -100.56548, 19.96614 ], [ -100.59308, 19.95828 ], [ -100.58759, 19.97139 ], [ -100.5657, 19.97453 ], [ -100.55678, 19.9853 ], [ -100.55789, 19.99172 ], [ -100.57671, 19.99306 ], [ -100.5956, 19.99166 ], [ -100.61757, 19.95769 ], [ -100.64887, 19.958 ], [ -100.66038, 19.96455 ], [ -100.68065, 19.95046 ], [ -100.71882, 19.94052 ], [ -100.74875, 19.91275 ], [ -100.77881, 19.91515 ], [ -100.79206, 19.95557 ], [ -100.8243, 19.97833 ], [ -100.83287, 19.9724 ], [ -100.83576, 19.9346 ], [ -100.85452, 19.93491 ], [ -100.86029, 19.94894 ], [ -100.88261, 19.94393 ], [ -100.90601, 19.96158 ], [ -100.93258, 19.95349 ], [ -100.94754, 19.96255 ], [ -100.94788, 19.93356 ], [ -100.97055, 19.92924 ], [ -100.98079, 19.95522 ], [ -101.00228, 19.95236 ], [ -101.00466, 19.96623 ], [ -100.97671, 19.98274 ], [ -100.9827, 20.00263 ], [ -100.97278, 20.00209 ], [ -100.96764, 20.01129 ], [ -100.98785, 20.02692 ], [ -101.00809, 20.02809 ], [ -101.00357, 20.03796 ], [ -101.01421, 20.04035 ], [ -100.99283, 20.06491 ], [ -101.01728, 20.0857 ], [ -101.0429, 20.09195 ], [ -101.11392, 20.07723 ], [ -101.13315, 20.05998 ], [ -101.15437, 20.08503 ], [ -101.17524, 20.09712 ], [ -101.17162, 20.07345 ], [ -101.17908, 20.06243 ], [ -101.19632, 20.05719 ], [ -101.16035, 20.0402 ], [ -101.18229, 20.02686 ], [ -101.20153, 20.02574 ], [ -101.20306, 20.00722 ], [ -101.22073, 20.01144 ], [ -101.23835, 20.03212 ], [ -101.25077, 20.02326 ], [ -101.25303, 20.0355 ], [ -101.28097, 20.02754 ], [ -101.29646, 20.03864 ], [ -101.33404, 20.03152 ], [ -101.37495, 20.04043 ], [ -101.38874, 20.0304 ], [ -101.40168, 20.03501 ], [ -101.40266, 20.04643 ], [ -101.39428, 20.05291 ], [ -101.39545, 20.06996 ], [ -101.38751, 20.08296 ], [ -101.4047, 20.0802 ], [ -101.40869, 20.12313 ], [ -101.39101, 20.12712 ], [ -101.38938, 20.13486 ], [ -101.39237, 20.14403 ], [ -101.4036, 20.14212 ], [ -101.4225, 20.16323 ], [ -101.41989, 20.20159 ], [ -101.3632, 20.19579 ], [ -101.35262, 20.23493 ], [ -101.36052, 20.24906 ], [ -101.39532, 20.24855 ], [ -101.42056, 20.2752 ], [ -101.43548, 20.27738 ], [ -101.43686, 20.26379 ], [ -101.45593, 20.26717 ], [ -101.45717, 20.28514 ], [ -101.44498, 20.28973 ], [ -101.44972, 20.29823 ], [ -101.4402, 20.30519 ], [ -101.4567, 20.30437 ], [ -101.45094, 20.3195 ], [ -101.46393, 20.32852 ], [ -101.48023, 20.33017 ], [ -101.50107, 20.31167 ], [ -101.50288, 20.32488 ], [ -101.51418, 20.31791 ], [ -101.52416, 20.32123 ], [ -101.52294, 20.33235 ], [ -101.53781, 20.32438 ], [ -101.55327, 20.33252 ], [ -101.56578, 20.31574 ], [ -101.5831, 20.32736 ], [ -101.58924, 20.3096 ], [ -101.60093, 20.31005 ], [ -101.60107, 20.29802 ], [ -101.60468, 20.30942 ], [ -101.62465, 20.31458 ], [ -101.63492, 20.28897 ], [ -101.62397, 20.27611 ], [ -101.62553, 20.267 ], [ -101.64252, 20.26765 ], [ -101.65093, 20.25348 ], [ -101.64625, 20.23867 ], [ -101.65458, 20.2435 ], [ -101.66331, 20.23758 ], [ -101.66847, 20.21314 ], [ -101.68692, 20.21722 ], [ -101.69793, 20.18967 ], [ -101.71062, 20.20531 ], [ -101.72594, 20.20562 ], [ -101.7312, 20.2148 ], [ -101.74351, 20.20391 ], [ -101.75939, 20.20173 ], [ -101.78231, 20.21075 ], [ -101.78662, 20.21932 ], [ -101.82486, 20.20184 ], [ -101.81965, 20.20867 ], [ -101.83387, 20.22479 ], [ -101.8716, 20.21099 ], [ -101.88143, 20.2 ], [ -101.87919, 20.18918 ], [ -101.88811, 20.18839 ], [ -101.89302, 20.20378 ], [ -101.9179, 20.19508 ], [ -101.90794, 20.21515 ], [ -101.91778, 20.21933 ], [ -101.9306, 20.20812 ], [ -101.93235, 20.22589 ], [ -101.93987, 20.22708 ], [ -101.93217, 20.24374 ], [ -101.95118, 20.27158 ], [ -101.93686, 20.28146 ], [ -101.94714, 20.28636 ], [ -101.93455, 20.29769 ], [ -101.95992, 20.30514 ], [ -101.94896, 20.31511 ], [ -101.96347, 20.31856 ], [ -101.94732, 20.33098 ], [ -101.94529, 20.34267 ], [ -101.96234, 20.34469 ], [ -101.96899, 20.36026 ], [ -101.99639, 20.35964 ], [ -102.0137, 20.35063 ], [ -102.0049, 20.33307 ], [ -102.0138, 20.32793 ], [ -102.02523, 20.34798 ], [ -102.01006, 20.38186 ], [ -102.01359, 20.3939 ], [ -102.02265, 20.38089 ], [ -102.06503, 20.37492 ], [ -102.09641, 20.38426 ], [ -102.08453, 20.40501 ], [ -102.07088, 20.40902 ], [ -102.07662, 20.42816 ], [ -102.04399, 20.45659 ], [ -102.04603, 20.48261 ], [ -102.02819, 20.49654 ], [ -102.01009, 20.52606 ], [ -102.01414, 20.5426 ], [ -101.98791, 20.54528 ], [ -101.98395, 20.53501 ], [ -101.97392, 20.54179 ], [ -101.9699, 20.56881 ], [ -101.9628, 20.57024 ], [ -101.96703, 20.57934 ], [ -101.95114, 20.60743 ], [ -101.95874, 20.60879 ], [ -101.95708, 20.63264 ], [ -101.97119, 20.63761 ], [ -101.96808, 20.66364 ], [ -101.98138, 20.65753 ], [ -101.98194, 20.66333 ], [ -102.01384, 20.66444 ], [ -102.01909, 20.67618 ], [ -102.01439, 20.71706 ], [ -102.03774, 20.7174 ], [ -102.03446, 20.74214 ], [ -102.06449, 20.73875 ], [ -102.06104, 20.74852 ], [ -102.07363, 20.74876 ], [ -102.06759, 20.77225 ], [ -102.09591, 20.78005 ], [ -102.08709, 20.80146 ], [ -102.07995, 20.80179 ], [ -102.07987, 20.82907 ], [ -102.07368, 20.83792 ], [ -102.03859, 20.84735 ], [ -102.02178, 20.86216 ], [ -102.01258, 20.87834 ], [ -102.01799, 20.88328 ], [ -101.9811, 20.91481 ], [ -101.97988, 20.92505 ], [ -101.9631, 20.92252 ], [ -101.95788, 20.9352 ], [ -101.93895, 20.93061 ], [ -101.93714, 20.9558 ], [ -101.92221, 20.97194 ], [ -101.92471, 20.98324 ], [ -101.90875, 20.99859 ], [ -101.90663, 21.02882 ], [ -101.89661, 21.04775 ], [ -101.90133, 21.05296 ], [ -101.89455, 21.05124 ], [ -101.87494, 21.07009 ], [ -101.875, 21.09289 ], [ -101.83749, 21.09677 ], [ -101.81766, 21.10705 ], [ -101.82027, 21.11867 ], [ -101.83085, 21.11937 ], [ -101.83345, 21.13727 ], [ -101.81183, 21.14124 ], [ -101.8157, 21.14953 ], [ -101.80401, 21.16635 ], [ -101.78727, 21.15638 ], [ -101.78111, 21.16053 ], [ -101.7712, 21.23473 ], [ -101.75459, 21.24389 ], [ -101.7682, 21.25773 ], [ -101.7594, 21.26061 ], [ -101.75972, 21.26762 ], [ -101.73854, 21.26916 ], [ -101.73579, 21.27729 ], [ -101.70938, 21.28073 ], [ -101.70201, 21.27546 ], [ -101.68668, 21.29406 ], [ -101.66285, 21.28658 ], [ -101.64318, 21.29934 ], [ -101.64284, 21.35511 ], [ -101.67949, 21.38951 ], [ -101.67758, 21.39514 ], [ -101.65852, 21.4068 ], [ -101.63094, 21.40731 ], [ -101.60026, 21.42054 ], [ -101.58914, 21.41513 ], [ -101.57042, 21.41854 ], [ -101.58042, 21.42828 ], [ -101.58187, 21.44781 ], [ -101.58995, 21.44558 ], [ -101.58904, 21.4649 ], [ -101.63243, 21.51905 ], [ -101.64026, 21.51363 ], [ -101.64117, 21.52227 ], [ -101.60726, 21.56201 ], [ -101.61231, 21.58292 ], [ -101.59526, 21.61 ], [ -101.58602, 21.60781 ], [ -101.58019, 21.62553 ], [ -101.59609, 21.63706 ], [ -101.56914, 21.69231 ], [ -101.58404, 21.70957 ], [ -101.57086, 21.70431 ], [ -101.55765, 21.7351 ], [ -101.57968, 21.7364 ], [ -101.58569, 21.77878 ], [ -101.53883, 21.77733 ], [ -101.47387, 21.82739 ], [ -101.46406, 21.82023 ], [ -101.45507, 21.82996 ], [ -101.42267, 21.82496 ], [ -101.36146, 21.83912 ] ] ] } },
{ "type": "Feature", "properties": { "CVEGEO": "12", "CVE_ENT": "12", "NOMGEO": "Guerrero" }, "geometry": { "type": "MultiPolygon", "coordinates": [ [ [ [ -99.91815, 16.82271 ], [ -99.90142, 16.82274 ], [ -99.90561, 16.81755 ], [ -99.91815, 16.82271 ] ] ], [ [ [ -101.65959, 17.67329 ], [ -101.65454, 17.67882 ], [ -101.65201, 17.67383 ], [ -101.65959, 17.67329 ] ] ], [ [ [ -100.61018, 18.88712 ], [ -100.58549, 18.85877 ], [ -100.54111, 18.83673 ], [ -100.53862, 18.84411 ], [ -100.49348, 18.82392 ], [ -100.48988, 18.81038 ], [ -100.49761, 18.80596 ], [ -100.49029, 18.7893 ], [ -100.48177, 18.79865 ], [ -100.45939, 18.79689 ], [ -100.456, 18.77788 ], [ -100.43063, 18.78325 ], [ -100.42776, 18.76662 ], [ -100.41809, 18.75951 ], [ -100.43713, 18.75056 ], [ -100.45037, 18.71605 ], [ -100.44713, 18.70158 ], [ -100.47834, 18.68686 ], [ -100.48703, 18.64035 ], [ -100.47429, 18.61922 ], [ -100.44651, 18.62247 ], [ -100.42973, 18.59927 ], [ -100.43694, 18.59647 ], [ -100.44936, 18.55656 ], [ -100.4291, 18.51005 ], [ -100.39595, 18.54052 ], [ -100.3737, 18.52911 ], [ -100.362, 18.49685 ], [ -100.38536, 18.42652 ], [ -100.35944, 18.42346 ], [ -100.34614, 18.40031 ], [ -100.30375, 18.36702 ], [ -100.29198, 18.38161 ], [ -100.27089, 18.37373 ], [ -100.25952, 18.42743 ], [ -100.2364, 18.41677 ], [ -100.23801, 18.42522 ], [ -100.21708, 18.44592 ], [ -100.20871, 18.44916 ], [ -100.20866, 18.44123 ], [ -100.20014, 18.45669 ], [ -100.18574, 18.45511 ], [ -100.18237, 18.46812 ], [ -100.17198, 18.47151 ], [ -100.1742, 18.48168 ], [ -100.16534, 18.47971 ], [ -100.15877, 18.49182 ], [ -100.14559, 18.48802 ], [ -100.13618, 18.50612 ], [ -100.13217, 18.49996 ], [ -100.12801, 18.5078 ], [ -100.11852, 18.50596 ], [ -100.12268, 18.51649 ], [ -100.08995, 18.52216 ], [ -100.06889, 18.56444 ], [ -100.07073, 18.58282 ], [ -100.08241, 18.58795 ], [ -100.07175, 18.59369 ], [ -100.0636, 18.5855 ], [ -100.02496, 18.60687 ], [ -99.9993, 18.58358 ], [ -100.0016, 18.56393 ], [ -99.98969, 18.5697 ], [ -99.96167, 18.55298 ], [ -99.94716, 18.58794 ], [ -99.907, 18.60182 ], [ -99.88846, 18.61866 ], [ -99.86374, 18.61786 ], [ -99.84762, 18.60549 ], [ -99.84836, 18.62026 ], [ -99.83048, 18.62757 ], [ -99.81656, 18.625 ], [ -99.81252, 18.64086 ], [ -99.793, 18.63066 ], [ -99.78332, 18.64237 ], [ -99.78431, 18.66234 ], [ -99.77242, 18.6862 ], [ -99.7549, 18.69739 ], [ -99.7583, 18.71128 ], [ -99.7391, 18.72828 ], [ -99.73703, 18.73983 ], [ -99.70473, 18.73493 ], [ -99.67956, 18.71133 ], [ -99.67197, 18.7135 ], [ -99.70916, 18.76884 ], [ -99.69474, 18.77677 ], [ -99.69699, 18.78634 ], [ -99.66146, 18.77131 ], [ -99.63091, 18.72055 ], [ -99.62112, 18.72593 ], [ -99.62287, 18.73984 ], [ -99.58991, 18.73931 ], [ -99.57972, 18.73518 ], [ -99.58169, 18.72175 ], [ -99.56978, 18.70551 ], [ -99.53643, 18.69375 ], [ -99.49441, 18.72054 ], [ -99.45389, 18.6099 ], [ -99.4412, 18.61257 ], [ -99.44049, 18.59746 ], [ -99.4197, 18.59034 ], [ -99.42288, 18.56207 ], [ -99.4078, 18.55607 ], [ -99.39027, 18.52568 ], [ -99.36295, 18.49903 ], [ -99.3574, 18.46767 ], [ -99.34345, 18.46713 ], [ -99.35268, 18.48598 ], [ -99.32826, 18.48883 ], [ -99.32837, 18.45954 ], [ -99.24761, 18.451 ], [ -99.24601, 18.45643 ], [ -99.20542, 18.45659 ], [ -99.20667, 18.44743 ], [ -99.17791, 18.42475 ], [ -99.18132, 18.44842 ], [ -99.15613, 18.46635 ], [ -99.14241, 18.46529 ], [ -99.14062, 18.47497 ], [ -99.1361, 18.44919 ], [ -99.1244, 18.44124 ], [ -99.12831, 18.42731 ], [ -99.11066, 18.41907 ], [ -99.10052, 18.40119 ], [ -99.08955, 18.39999 ], [ -99.07854, 18.38707 ], [ -99.08126, 18.37311 ], [ -99.07284, 18.37731 ], [ -99.06605, 18.36711 ], [ -99.07596, 18.34238 ], [ -99.06612, 18.33307 ], [ -99.06991, 18.32423 ], [ -99.05177, 18.28982 ], [ -99.06936, 18.28323 ], [ -99.05323, 18.26416 ], [ -99.06382, 18.2625 ], [ -99.06371, 18.25148 ], [ -99.05577, 18.25017 ], [ -99.03171, 18.27231 ], [ -99.0169, 18.26639 ], [ -99.01933, 18.24541 ], [ -98.98904, 18.24932 ], [ -99.00007, 18.1902 ], [ -98.95722, 18.1887 ], [ -98.88188, 18.16616 ], [ -98.85237, 18.1176 ], [ -98.86981, 18.05722 ], [ -98.813, 18.06488 ], [ -98.8113, 18.05063 ], [ -98.80034, 18.05308 ], [ -98.79707, 18.06265 ], [ -98.75914, 18.04468 ], [ -98.7351, 18.0451 ], [ -98.7671, 18.01961 ], [ -98.80126, 18.02205 ], [ -98.81494, 18.0017 ], [ -98.73183, 17.98255 ], [ -98.70884, 17.96754 ], [ -98.70595, 17.95561 ], [ -98.6881, 17.96194 ], [ -98.67295, 17.94327 ], [ -98.65054, 17.93316 ], [ -98.63298, 17.94353 ], [ -98.62205, 17.94171 ], [ -98.61048, 17.95806 ], [ -98.59321, 17.96036 ], [ -98.58552, 17.97494 ], [ -98.55539, 17.97284 ], [ -98.55395, 17.97877 ], [ -98.54378, 17.97335 ], [ -98.53843, 17.9838 ], [ -98.52963, 17.97582 ], [ -98.52672, 17.99629 ], [ -98.50049, 17.99558 ], [ -98.47639, 17.98104 ], [ -98.47147, 17.99178 ], [ -98.44814, 17.99071 ], [ -98.42509, 17.97693 ], [ -98.43273, 17.972 ], [ -98.42417, 17.93824 ], [ -98.445, 17.9223 ], [ -98.43444, 17.90837 ], [ -98.43552, 17.89141 ], [ -98.42423, 17.89224 ], [ -98.42496, 17.83959 ], [ -98.49634, 17.76881 ], [ -98.4867, 17.73373 ], [ -98.48966, 17.70344 ], [ -98.48617, 17.68099 ], [ -98.4707, 17.6781 ], [ -98.46104, 17.63036 ], [ -98.4505, 17.63335 ], [ -98.43311, 17.623 ], [ -98.41015, 17.59977 ], [ -98.37697, 17.60535 ], [ -98.36473, 17.58262 ], [ -98.35459, 17.57898 ], [ -98.35348, 17.56486 ], [ -98.3453, 17.56259 ], [ -98.34116, 17.54192 ], [ -98.32945, 17.53298 ], [ -98.33083, 17.51176 ], [ -98.3203, 17.50688 ], [ -98.31188, 17.47749 ], [ -98.32901, 17.47873 ], [ -98.33585, 17.4563 ], [ -98.30491, 17.3943 ], [ -98.28737, 17.32901 ], [ -98.30481, 17.32752 ], [ -98.3235, 17.27594 ], [ -98.28848, 17.23822 ], [ -98.27719, 17.25008 ], [ -98.24434, 17.25147 ], [ -98.20314, 17.21629 ], [ -98.2004, 17.20381 ], [ -98.20512, 17.19102 ], [ -98.21768, 17.18686 ], [ -98.22505, 17.15228 ], [ -98.2226, 17.12215 ], [ -98.15342, 17.1104 ], [ -98.15001, 17.10243 ], [ -98.11801, 17.09552 ], [ -98.08091, 17.06658 ], [ -98.00728, 17.04014 ], [ -98.03016, 17.01576 ], [ -98.05749, 17.02378 ], [ -98.11126, 16.95887 ], [ -98.07233, 16.87425 ], [ -98.10816, 16.76095 ], [ -98.1205, 16.75473 ], [ -98.13518, 16.75839 ], [ -98.13475, 16.75151 ], [ -98.12424, 16.74964 ], [ -98.13899, 16.72378 ], [ -98.17521, 16.718 ], [ -98.20027, 16.69724 ], [ -98.20552, 16.69802 ], [ -98.20154, 16.71267 ], [ -98.22135, 16.70855 ], [ -98.23353, 16.71737 ], [ -98.24344, 16.6967 ], [ -98.24631, 16.67237 ], [ -98.23307, 16.67063 ], [ -98.22846, 16.6395 ], [ -98.21421, 16.6188 ], [ -98.19378, 16.62146 ], [ -98.20336, 16.58718 ], [ -98.22927, 16.58089 ], [ -98.2415, 16.56777 ], [ -98.26943, 16.55846 ], [ -98.29283, 16.55778 ], [ -98.2917, 16.57007 ], [ -98.32997, 16.57275 ], [ -98.34028, 16.55817 ], [ -98.39514, 16.54684 ], [ -98.38332, 16.51266 ], [ -98.38733, 16.49779 ], [ -98.36833, 16.50085 ], [ -98.36884, 16.49118 ], [ -98.35253, 16.48943 ], [ -98.35988, 16.47171 ], [ -98.34947, 16.44559 ], [ -98.39916, 16.38051 ], [ -98.45418, 16.38579 ], [ -98.45595, 16.38042 ], [ -98.47086, 16.38116 ], [ -98.48548, 16.3688 ], [ -98.5334, 16.35158 ], [ -98.55263, 16.31595 ], [ -98.57084, 16.32698 ], [ -98.56548, 16.33446 ], [ -98.57498, 16.34907 ], [ -98.69749, 16.46043 ], [ -98.77275, 16.55475 ], [ -98.80666, 16.5581 ], [ -98.84172, 16.54845 ], [ -98.85695, 16.52825 ], [ -98.90586, 16.53443 ], [ -99.07409, 16.59189 ], [ -99.33289, 16.65845 ], [ -99.46044, 16.68218 ], [ -99.54969, 16.68884 ], [ -99.608, 16.68314 ], [ -99.66388, 16.69789 ], [ -99.75601, 16.74123 ], [ -99.81661, 16.7874 ], [ -99.8287, 16.79021 ], [ -99.83657, 16.7828 ], [ -99.85685, 16.79352 ], [ -99.85255, 16.79929 ], [ -99.8398, 16.79399 ], [ -99.83617, 16.80235 ], [ -99.84638, 16.81103 ], [ -99.85472, 16.80581 ], [ -99.87652, 16.81455 ], [ -99.86305, 16.83479 ], [ -99.85122, 16.83698 ], [ -99.86209, 16.85513 ], [ -99.8825, 16.85967 ], [ -99.89809, 16.85388 ], [ -99.91092, 16.84186 ], [ -99.89446, 16.8395 ], [ -99.89406, 16.83279 ], [ -99.91575, 16.82776 ], [ -99.9229, 16.85952 ], [ -99.93284, 16.86037 ], [ -99.94531, 16.87935 ], [ -99.95804, 16.88407 ], [ -99.95921, 16.89297 ], [ -99.98988, 16.90926 ], [ -100.12161, 16.94903 ], [ -100.57844, 17.11164 ], [ -100.67579, 17.13759 ], [ -100.82472, 17.19535 ], [ -101.01347, 17.25403 ], [ -101.03758, 17.26854 ], [ -101.06127, 17.26476 ], [ -101.06624, 17.27325 ], [ -101.05535, 17.27624 ], [ -101.05026, 17.29157 ], [ -101.0562, 17.30695 ], [ -101.12081, 17.36024 ], [ -101.17447, 17.38912 ], [ -101.17967, 17.40895 ], [ -101.20682, 17.42873 ], [ -101.28967, 17.46702 ], [ -101.44301, 17.52575 ], [ -101.45701, 17.52497 ], [ -101.46056, 17.53668 ], [ -101.44295, 17.53624 ], [ -101.4436, 17.5639 ], [ -101.49439, 17.61342 ], [ -101.5168, 17.6241 ], [ -101.55245, 17.61132 ], [ -101.55773, 17.61996 ], [ -101.54573, 17.62529 ], [ -101.55182, 17.63857 ], [ -101.57212, 17.62234 ], [ -101.5773, 17.6365 ], [ -101.59594, 17.63475 ], [ -101.60679, 17.6608 ], [ -101.6312, 17.66701 ], [ -101.65317, 17.66247 ], [ -101.64284, 17.67161 ], [ -101.64749, 17.70116 ], [ -101.66707, 17.73375 ], [ -101.74743, 17.79281 ], [ -101.74807, 17.80812 ], [ -101.77162, 17.83065 ], [ -101.76954, 17.84403 ], [ -101.78401, 17.86472 ], [ -101.81813, 17.89245 ], [ -101.86527, 17.91068 ], [ -101.87119, 17.91987 ], [ -101.93667, 17.95537 ], [ -102.03217, 17.98756 ], [ -102.09883, 17.98296 ], [ -102.13791, 17.94019 ], [ -102.13299, 17.95084 ], [ -102.13755, 17.96968 ], [ -102.18016, 17.9989 ], [ -102.18435, 18.05949 ], [ -102.17828, 18.12292 ], [ -102.16321, 18.14478 ], [ -102.16182, 18.16415 ], [ -102.15064, 18.16988 ], [ -102.14246, 18.18706 ], [ -102.05737, 18.19515 ], [ -102.03868, 18.2082 ], [ -102.01906, 18.20212 ], [ -101.97815, 18.20731 ], [ -101.97341, 18.23231 ], [ -101.92797, 18.23161 ], [ -101.90665, 18.24481 ], [ -101.90712, 18.26118 ], [ -101.89682, 18.27712 ], [ -101.88304, 18.26242 ], [ -101.86325, 18.26166 ], [ -101.88292, 18.27744 ], [ -101.86269, 18.28723 ], [ -101.8702, 18.30832 ], [ -101.85572, 18.31428 ], [ -101.8708, 18.33177 ], [ -101.86157, 18.35647 ], [ -101.87405, 18.36835 ], [ -101.87303, 18.3843 ], [ -101.88932, 18.40047 ], [ -101.87376, 18.43749 ], [ -101.86044, 18.44619 ], [ -101.88793, 18.4815 ], [ -101.88226, 18.53423 ], [ -101.84384, 18.5744 ], [ -101.77179, 18.60372 ], [ -101.71736, 18.61201 ], [ -101.70118, 18.58789 ], [ -101.63899, 18.60253 ], [ -101.6245, 18.59915 ], [ -101.60509, 18.5746 ], [ -101.58356, 18.52099 ], [ -101.50744, 18.4868 ], [ -101.46802, 18.48694 ], [ -101.45742, 18.49735 ], [ -101.44195, 18.48899 ], [ -101.43215, 18.50168 ], [ -101.41758, 18.49755 ], [ -101.40688, 18.51251 ], [ -101.39492, 18.50613 ], [ -101.37859, 18.50985 ], [ -101.3656, 18.49988 ], [ -101.36188, 18.52022 ], [ -101.29896, 18.53313 ], [ -101.28208, 18.54473 ], [ -101.27001, 18.53516 ], [ -101.2119, 18.53642 ], [ -101.19157, 18.51783 ], [ -101.16821, 18.52102 ], [ -101.14279, 18.51053 ], [ -101.13151, 18.51749 ], [ -101.12027, 18.50926 ], [ -101.08866, 18.50591 ], [ -101.03797, 18.52621 ], [ -101.012, 18.52754 ], [ -101.00599, 18.49365 ], [ -100.97371, 18.48196 ], [ -100.96083, 18.46503 ], [ -100.96642, 18.44852 ], [ -100.95744, 18.44443 ], [ -100.94275, 18.45508 ], [ -100.92227, 18.44457 ], [ -100.91452, 18.47175 ], [ -100.89437, 18.46314 ], [ -100.87398, 18.49201 ], [ -100.85917, 18.47839 ], [ -100.83848, 18.47307 ], [ -100.79818, 18.48054 ], [ -100.77764, 18.43954 ], [ -100.75136, 18.42577 ], [ -100.73737, 18.4273 ], [ -100.72273, 18.40045 ], [ -100.70704, 18.419 ], [ -100.69105, 18.41415 ], [ -100.68932, 18.39394 ], [ -100.67495, 18.38362 ], [ -100.67669, 18.37256 ], [ -100.643, 18.34616 ], [ -100.63968, 18.36392 ], [ -100.62694, 18.37565 ], [ -100.6106, 18.37705 ], [ -100.60966, 18.38724 ], [ -100.59615, 18.39945 ], [ -100.59958, 18.40579 ], [ -100.58823, 18.41215 ], [ -100.63149, 18.43847 ], [ -100.63724, 18.45775 ], [ -100.64798, 18.45741 ], [ -100.69779, 18.49064 ], [ -100.70461, 18.48332 ], [ -100.71504, 18.4864 ], [ -100.70698, 18.4899 ], [ -100.72268, 18.51377 ], [ -100.73199, 18.52098 ], [ -100.74423, 18.51807 ], [ -100.7649, 18.56121 ], [ -100.75121, 18.64167 ], [ -100.7601, 18.64163 ], [ -100.76128, 18.67599 ], [ -100.77028, 18.69271 ], [ -100.78426, 18.687 ], [ -100.77294, 18.73257 ], [ -100.78178, 18.74511 ], [ -100.79691, 18.74627 ], [ -100.79016, 18.76144 ], [ -100.79897, 18.78454 ], [ -100.78252, 18.80165 ], [ -100.79177, 18.83417 ], [ -100.78212, 18.85426 ], [ -100.76667, 18.86542 ], [ -100.7484, 18.86793 ], [ -100.7462, 18.85798 ], [ -100.73683, 18.86051 ], [ -100.73637, 18.85131 ], [ -100.70999, 18.83643 ], [ -100.71197, 18.82591 ], [ -100.70276, 18.82376 ], [ -100.70584, 18.79641 ], [ -100.69607, 18.79413 ], [ -100.68, 18.81723 ], [ -100.66685, 18.81938 ], [ -100.67293, 18.8248 ], [ -100.66608, 18.83425 ], [ -100.64341, 18.84888 ], [ -100.64084, 18.86591 ], [ -100.62225, 18.86684 ], [ -100.61018, 18.88712 ] ] ] ] } },
{ "type": "Feature", "properties": { "CVEGEO": "13", "CVE_ENT": "13", "NOMGEO": "Hidalgo" }, "geometry": { "type": "Polygon", "coordinates": [ [ [ -98.48554, 21.39838 ], [ -98.48109, 21.3884 ], [ -98.4687, 21.38703 ], [ -98.46996, 21.35754 ], [ -98.46361, 21.35015 ], [ -98.47788, 21.34376 ], [ -98.48518, 21.35015 ], [ -98.49562, 21.34042 ], [ -98.49557, 21.32997 ], [ -98.54398, 21.2639 ], [ -98.51654, 21.24427 ], [ -98.49901, 21.25223 ], [ -98.46836, 21.24965 ], [ -98.46926, 21.23416 ], [ -98.48081, 21.23067 ], [ -98.47966, 21.22389 ], [ -98.45695, 21.21483 ], [ -98.45289, 21.21003 ], [ -98.45963, 21.2048 ], [ -98.44667, 21.19962 ], [ -98.44677, 21.17981 ], [ -98.43011, 21.17279 ], [ -98.41644, 21.15498 ], [ -98.40454, 21.15265 ], [ -98.38681, 21.16226 ], [ -98.38022, 21.15512 ], [ -98.36624, 21.16224 ], [ -98.35075, 21.15714 ], [ -98.31586, 21.18688 ], [ -98.2979, 21.1774 ], [ -98.29615, 21.18796 ], [ -98.27913, 21.19275 ], [ -98.27858, 21.17258 ], [ -98.29535, 21.15597 ], [ -98.29451, 21.14719 ], [ -98.28217, 21.13642 ], [ -98.2625, 21.14066 ], [ -98.24911, 21.1294 ], [ -98.22735, 21.15042 ], [ -98.21682, 21.15147 ], [ -98.20505, 21.13809 ], [ -98.20742, 21.12873 ], [ -98.19515, 21.12036 ], [ -98.20198, 21.10644 ], [ -98.17486, 21.10622 ], [ -98.14741, 21.07658 ], [ -98.16116, 21.01913 ], [ -98.18827, 21.03131 ], [ -98.189, 21.01832 ], [ -98.20207, 21.01175 ], [ -98.20062, 20.9947 ], [ -98.21501, 20.98963 ], [ -98.21692, 20.97374 ], [ -98.20954, 20.96709 ], [ -98.21611, 20.95261 ], [ -98.22857, 20.95761 ], [ -98.23935, 20.92303 ], [ -98.22982, 20.91459 ], [ -98.2227, 20.91845 ], [ -98.22486, 20.90636 ], [ -98.25097, 20.8973 ], [ -98.2655, 20.86654 ], [ -98.25622, 20.85897 ], [ -98.25464, 20.84895 ], [ -98.26232, 20.84689 ], [ -98.25377, 20.82149 ], [ -98.22471, 20.81824 ], [ -98.23365, 20.79756 ], [ -98.24489, 20.80222 ], [ -98.24775, 20.78944 ], [ -98.25404, 20.7941 ], [ -98.2616, 20.78597 ], [ -98.29202, 20.78551 ], [ -98.29881, 20.77784 ], [ -98.30448, 20.78273 ], [ -98.29845, 20.80143 ], [ -98.30288, 20.7959 ], [ -98.30783, 20.80192 ], [ -98.31532, 20.78875 ], [ -98.32852, 20.7841 ], [ -98.34467, 20.79749 ], [ -98.31484, 20.80982 ], [ -98.31654, 20.81777 ], [ -98.32865, 20.8205 ], [ -98.3272, 20.82944 ], [ -98.35287, 20.83601 ], [ -98.34515, 20.86485 ], [ -98.35751, 20.85679 ], [ -98.37113, 20.86231 ], [ -98.37966, 20.85186 ], [ -98.40291, 20.85838 ], [ -98.41372, 20.84864 ], [ -98.43064, 20.84767 ], [ -98.45055, 20.82147 ], [ -98.44964, 20.80609 ], [ -98.46456, 20.77253 ], [ -98.44973, 20.75135 ], [ -98.50361, 20.73223 ], [ -98.50814, 20.74419 ], [ -98.51665, 20.74289 ], [ -98.51449, 20.73232 ], [ -98.50644, 20.73312 ], [ -98.53016, 20.7181 ], [ -98.52907, 20.70399 ], [ -98.55018, 20.68939 ], [ -98.5334, 20.66272 ], [ -98.52505, 20.68184 ], [ -98.46034, 20.71331 ], [ -98.43386, 20.74316 ], [ -98.42551, 20.74893 ], [ -98.42145, 20.74428 ], [ -98.4292, 20.71641 ], [ -98.44335, 20.70988 ], [ -98.4459, 20.69434 ], [ -98.44922, 20.7009 ], [ -98.45988, 20.6962 ], [ -98.46369, 20.66724 ], [ -98.49485, 20.64434 ], [ -98.48018, 20.589 ], [ -98.51225, 20.59422 ], [ -98.52298, 20.58181 ], [ -98.52449, 20.54836 ], [ -98.53467, 20.53066 ], [ -98.55461, 20.51871 ], [ -98.55761, 20.50936 ], [ -98.59729, 20.49577 ], [ -98.54969, 20.43536 ], [ -98.55018, 20.39571 ], [ -98.54306, 20.37556 ], [ -98.54897, 20.36029 ], [ -98.5174, 20.33685 ], [ -98.46039, 20.33145 ], [ -98.41829, 20.38005 ], [ -98.38615, 20.40271 ], [ -98.35982, 20.39981 ], [ -98.32101, 20.41801 ], [ -98.31214, 20.44977 ], [ -98.28046, 20.46938 ], [ -98.25577, 20.49994 ], [ -98.2341, 20.5062 ], [ -98.22869, 20.52083 ], [ -98.2116, 20.5287 ], [ -98.18834, 20.52322 ], [ -98.15804, 20.54256 ], [ -98.15372, 20.56522 ], [ -98.14774, 20.56266 ], [ -98.13019, 20.59093 ], [ -98.12164, 20.58609 ], [ -98.11872, 20.59413 ], [ -98.12691, 20.59727 ], [ -98.11498, 20.6001 ], [ -98.11179, 20.61594 ], [ -98.10059, 20.61388 ], [ -98.09821, 20.62437 ], [ -98.08718, 20.62288 ], [ -98.07196, 20.65772 ], [ -98.0749, 20.67655 ], [ -98.06678, 20.67387 ], [ -98.03998, 20.63193 ], [ -98.02101, 20.62678 ], [ -98.01771, 20.6017 ], [ -98.02873, 20.58971 ], [ -98.00831, 20.53269 ], [ -98.01727, 20.52599 ], [ -97.98507, 20.51741 ], [ -97.99743, 20.5061 ], [ -97.98879, 20.49539 ], [ -97.99337, 20.48522 ], [ -98.00886, 20.48254 ], [ -98.01138, 20.45577 ], [ -98.07048, 20.43027 ], [ -98.07732, 20.40312 ], [ -98.10839, 20.37396 ], [ -98.11565, 20.36311 ], [ -98.1125, 20.3543 ], [ -98.12618, 20.3463 ], [ -98.12684, 20.33623 ], [ -98.16325, 20.32785 ], [ -98.18131, 20.33654 ], [ -98.17908, 20.29381 ], [ -98.21595, 20.29146 ], [ -98.23648, 20.30435 ], [ -98.25403, 20.30134 ], [ -98.26604, 20.27361 ], [ -98.28444, 20.26279 ], [ -98.27892, 20.22527 ], [ -98.27055, 20.21581 ], [ -98.24381, 20.21794 ], [ -98.22914, 20.23661 ], [ -98.21296, 20.23429 ], [ -98.1924, 20.25822 ], [ -98.17592, 20.25423 ], [ -98.14773, 20.22639 ], [ -98.15392, 20.20858 ], [ -98.12796, 20.18594 ], [ -98.12973, 20.16148 ], [ -98.13958, 20.15014 ], [ -98.09788, 20.14539 ], [ -98.10846, 20.1208 ], [ -98.12461, 20.12407 ], [ -98.12827, 20.1072 ], [ -98.1597, 20.09257 ], [ -98.16815, 20.05723 ], [ -98.1809, 20.04699 ], [ -98.175, 20.0296 ], [ -98.16396, 20.02246 ], [ -98.17426, 19.99774 ], [ -98.16043, 19.97813 ], [ -98.1807, 19.95975 ], [ -98.21594, 19.96852 ], [ -98.22675, 19.95622 ], [ -98.22208, 19.94693 ], [ -98.2516, 19.94815 ], [ -98.24219, 19.94115 ], [ -98.25626, 19.92931 ], [ -98.24531, 19.924 ], [ -98.24807, 19.91753 ], [ -98.26782, 19.91611 ], [ -98.26935, 19.89571 ], [ -98.29093, 19.88888 ], [ -98.29107, 19.87581 ], [ -98.315, 19.85512 ], [ -98.30529, 19.84587 ], [ -98.26715, 19.84334 ], [ -98.26458, 19.823 ], [ -98.25086, 19.81276 ], [ -98.25103, 19.79506 ], [ -98.23482, 19.77705 ], [ -98.21616, 19.77842 ], [ -98.22142, 19.77358 ], [ -98.19448, 19.76559 ], [ -98.1957, 19.74162 ], [ -98.21511, 19.74131 ], [ -98.23626, 19.72333 ], [ -98.25957, 19.71721 ], [ -98.28052, 19.72632 ], [ -98.27967, 19.71688 ], [ -98.29332, 19.72623 ], [ -98.33167, 19.72232 ], [ -98.33005, 19.69904 ], [ -98.32095, 19.70101 ], [ -98.3238, 19.6853 ], [ -98.3817, 19.60936 ], [ -98.41267, 19.6175 ], [ -98.44142, 19.61258 ], [ -98.4902, 19.61995 ], [ -98.49161, 19.60737 ], [ -98.51924, 19.6024 ], [ -98.53558, 19.63442 ], [ -98.5504, 19.61858 ], [ -98.55561, 19.6281 ], [ -98.56372, 19.62715 ], [ -98.56636, 19.64112 ], [ -98.57994, 19.63742 ], [ -98.60984, 19.60201 ], [ -98.63469, 19.59776 ], [ -98.64591, 19.60753 ], [ -98.66315, 19.60475 ], [ -98.6724, 19.62515 ], [ -98.67005, 19.65868 ], [ -98.66644, 19.66227 ], [ -98.64381, 19.64884 ], [ -98.61967, 19.66116 ], [ -98.6399, 19.67108 ], [ -98.62392, 19.69641 ], [ -98.63292, 19.72224 ], [ -98.6159, 19.72948 ], [ -98.6081, 19.72508 ], [ -98.59687, 19.76584 ], [ -98.61166, 19.77413 ], [ -98.61223, 19.78637 ], [ -98.62526, 19.78518 ], [ -98.62356, 19.79389 ], [ -98.63879, 19.80077 ], [ -98.6399, 19.81196 ], [ -98.66081, 19.83503 ], [ -98.67479, 19.8324 ], [ -98.67588, 19.81318 ], [ -98.69764, 19.83211 ], [ -98.67184, 19.85366 ], [ -98.67266, 19.86283 ], [ -98.68537, 19.85055 ], [ -98.69913, 19.85842 ], [ -98.71282, 19.8538 ], [ -98.73917, 19.87256 ], [ -98.78057, 19.88354 ], [ -98.79393, 19.87208 ], [ -98.78972, 19.86189 ], [ -98.79517, 19.85641 ], [ -98.84403, 19.88199 ], [ -98.84095, 19.89231 ], [ -98.85583, 19.90428 ], [ -98.8659, 19.89259 ], [ -98.88316, 19.90153 ], [ -98.89589, 19.89571 ], [ -98.89827, 19.88361 ], [ -98.90412, 19.88758 ], [ -98.91182, 19.88102 ], [ -98.91748, 19.86923 ], [ -98.9052, 19.86354 ], [ -98.90879, 19.85712 ], [ -98.90298, 19.85931 ], [ -98.90602, 19.84513 ], [ -98.91632, 19.83933 ], [ -98.92763, 19.84339 ], [ -98.95004, 19.79964 ], [ -99.0082, 19.8284 ], [ -99.00015, 19.83418 ], [ -99.02058, 19.86768 ], [ -98.96601, 19.89166 ], [ -98.95355, 19.88854 ], [ -98.96145, 19.89364 ], [ -98.95272, 19.90671 ], [ -98.95611, 19.92818 ], [ -98.98316, 19.93861 ], [ -98.98469, 19.94632 ], [ -98.99978, 19.94183 ], [ -98.99562, 19.95689 ], [ -98.98118, 19.95472 ], [ -98.96622, 19.974 ], [ -98.94273, 19.97907 ], [ -98.94665, 20.02748 ], [ -98.96398, 20.03124 ], [ -98.95869, 20.03957 ], [ -98.98898, 20.06826 ], [ -99.00564, 20.0532 ], [ -99.0105, 20.03548 ], [ -99.00527, 20.02894 ], [ -99.02155, 19.98701 ], [ -99.00755, 19.97916 ], [ -99.00412, 19.96495 ], [ -99.02766, 19.96456 ], [ -99.03451, 19.97177 ], [ -99.02742, 20.00165 ], [ -99.03134, 20.01485 ], [ -99.04943, 20.0077 ], [ -99.04765, 19.99516 ], [ -99.0585, 19.9884 ], [ -99.05958, 19.974 ], [ -99.06756, 19.98499 ], [ -99.06384, 20.01419 ], [ -99.07832, 20.0183 ], [ -99.08545, 20.03249 ], [ -99.1586, 20.02719 ], [ -99.16787, 20.00351 ], [ -99.18, 19.99809 ], [ -99.17722, 19.99314 ], [ -99.19005, 19.99396 ], [ -99.18921, 19.98482 ], [ -99.19692, 19.98483 ], [ -99.21539, 19.95461 ], [ -99.22776, 19.95107 ], [ -99.21857, 19.92724 ], [ -99.21152, 19.92429 ], [ -99.20922, 19.93244 ], [ -99.2056, 19.9275 ], [ -99.22393, 19.902 ], [ -99.21747, 19.89142 ], [ -99.2283, 19.87505 ], [ -99.24143, 19.87526 ], [ -99.24796, 19.85979 ], [ -99.26947, 19.85956 ], [ -99.27872, 19.84041 ], [ -99.29694, 19.83522 ], [ -99.31192, 19.81416 ], [ -99.3066, 19.79769 ], [ -99.32558, 19.7931 ], [ -99.33865, 19.80203 ], [ -99.34456, 19.77945 ], [ -99.37061, 19.78184 ], [ -99.38303, 19.77142 ], [ -99.38788, 19.77791 ], [ -99.38117, 19.78405 ], [ -99.39033, 19.78573 ], [ -99.37754, 19.79645 ], [ -99.38672, 19.81303 ], [ -99.37325, 19.85154 ], [ -99.39175, 19.85992 ], [ -99.41499, 19.85053 ], [ -99.42678, 19.875 ], [ -99.43041, 19.87088 ], [ -99.44521, 19.88432 ], [ -99.43593, 19.90313 ], [ -99.46388, 19.8926 ], [ -99.48398, 19.90518 ], [ -99.47362, 19.95444 ], [ -99.47776, 19.96057 ], [ -99.45024, 19.96425 ], [ -99.45514, 19.97972 ], [ -99.44466, 19.98475 ], [ -99.43685, 20.0013 ], [ -99.45976, 20.06546 ], [ -99.48101, 20.0822 ], [ -99.4835, 20.10097 ], [ -99.51813, 20.14567 ], [ -99.50183, 20.15329 ], [ -99.51224, 20.1751 ], [ -99.52593, 20.1733 ], [ -99.53349, 20.16206 ], [ -99.54829, 20.16313 ], [ -99.55066, 20.17139 ], [ -99.57142, 20.17022 ], [ -99.57626, 20.16209 ], [ -99.59956, 20.16967 ], [ -99.6306, 20.14569 ], [ -99.64099, 20.16423 ], [ -99.65508, 20.16309 ], [ -99.65973, 20.18082 ], [ -99.6694, 20.1793 ], [ -99.67695, 20.16247 ], [ -99.68208, 20.17059 ], [ -99.71937, 20.16714 ], [ -99.79524, 20.22774 ], [ -99.78807, 20.23003 ], [ -99.79042, 20.23799 ], [ -99.84189, 20.28188 ], [ -99.85954, 20.26463 ], [ -99.82807, 20.54301 ], [ -99.80463, 20.54476 ], [ -99.77933, 20.5593 ], [ -99.73868, 20.56052 ], [ -99.72824, 20.57511 ], [ -99.71195, 20.58127 ], [ -99.69641, 20.57445 ], [ -99.65787, 20.6018 ], [ -99.63458, 20.60565 ], [ -99.61951, 20.59141 ], [ -99.60741, 20.6064 ], [ -99.59274, 20.61083 ], [ -99.58971, 20.6204 ], [ -99.57895, 20.61883 ], [ -99.57865, 20.6285 ], [ -99.56534, 20.64039 ], [ -99.53881, 20.64367 ], [ -99.52704, 20.65663 ], [ -99.50192, 20.65896 ], [ -99.50064, 20.67304 ], [ -99.51104, 20.67839 ], [ -99.50554, 20.6847 ], [ -99.53427, 20.70597 ], [ -99.54847, 20.7372 ], [ -99.50382, 20.76579 ], [ -99.50645, 20.77172 ], [ -99.49631, 20.78235 ], [ -99.50377, 20.79483 ], [ -99.49725, 20.79094 ], [ -99.48871, 20.79937 ], [ -99.49973, 20.80427 ], [ -99.48529, 20.81783 ], [ -99.48873, 20.83293 ], [ -99.45654, 20.84902 ], [ -99.45443, 20.85798 ], [ -99.44606, 20.85303 ], [ -99.43523, 20.8994 ], [ -99.41256, 20.90543 ], [ -99.41559, 20.9249 ], [ -99.40304, 20.9302 ], [ -99.40724, 20.9371 ], [ -99.39063, 20.95227 ], [ -99.38828, 20.9662 ], [ -99.39633, 20.98109 ], [ -99.38995, 21.00414 ], [ -99.38457, 21.01809 ], [ -99.36836, 21.02477 ], [ -99.36325, 21.04173 ], [ -99.37708, 21.05662 ], [ -99.36744, 21.06948 ], [ -99.37581, 21.07337 ], [ -99.38767, 21.06783 ], [ -99.39867, 21.08901 ], [ -99.39728, 21.10207 ], [ -99.34636, 21.10088 ], [ -99.34183, 21.12366 ], [ -99.30921, 21.1473 ], [ -99.28325, 21.1318 ], [ -99.27129, 21.11307 ], [ -99.24768, 21.10127 ], [ -99.23422, 21.1128 ], [ -99.2141, 21.10678 ], [ -99.20623, 21.11869 ], [ -99.1846, 21.12226 ], [ -99.17622, 21.13784 ], [ -99.15052, 21.14775 ], [ -99.13256, 21.15303 ], [ -99.12679, 21.1467 ], [ -99.112, 21.14835 ], [ -99.1104, 21.15661 ], [ -99.09063, 21.1531 ], [ -99.07118, 21.16603 ], [ -99.07648, 21.17346 ], [ -99.06241, 21.17431 ], [ -99.0598, 21.16751 ], [ -99.07271, 21.15797 ], [ -99.06133, 21.15421 ], [ -99.04308, 21.17868 ], [ -99.05237, 21.21952 ], [ -99.07353, 21.23043 ], [ -99.06994, 21.24306 ], [ -99.05118, 21.25343 ], [ -99.05514, 21.28254 ], [ -99.04345, 21.27943 ], [ -99.00228, 21.29796 ], [ -98.97504, 21.297 ], [ -98.9653, 21.30694 ], [ -98.95651, 21.3018 ], [ -98.94496, 21.31134 ], [ -98.94028, 21.2946 ], [ -98.93258, 21.29829 ], [ -98.92928, 21.29273 ], [ -98.92794, 21.26874 ], [ -98.91773, 21.2555 ], [ -98.92287, 21.24673 ], [ -98.91782, 21.23975 ], [ -98.89989, 21.23856 ], [ -98.89889, 21.23127 ], [ -98.91508, 21.22519 ], [ -98.88513, 21.19634 ], [ -98.88266, 21.17961 ], [ -98.8574, 21.18926 ], [ -98.8521, 21.1768 ], [ -98.82495, 21.16135 ], [ -98.79395, 21.16018 ], [ -98.78988, 21.1785 ], [ -98.79859, 21.17808 ], [ -98.80814, 21.19324 ], [ -98.79736, 21.19132 ], [ -98.79797, 21.18334 ], [ -98.78081, 21.18598 ], [ -98.77292, 21.17197 ], [ -98.76408, 21.17957 ], [ -98.7673, 21.18442 ], [ -98.74653, 21.18433 ], [ -98.74131, 21.19279 ], [ -98.72766, 21.17955 ], [ -98.72034, 21.18713 ], [ -98.70212, 21.18512 ], [ -98.70252, 21.16189 ], [ -98.69664, 21.16146 ], [ -98.69112, 21.16705 ], [ -98.69465, 21.1822 ], [ -98.68266, 21.20064 ], [ -98.65052, 21.18093 ], [ -98.60874, 21.20141 ], [ -98.59945, 21.24773 ], [ -98.60892, 21.2527 ], [ -98.59997, 21.2612 ], [ -98.60394, 21.27645 ], [ -98.59524, 21.28323 ], [ -98.60467, 21.30184 ], [ -98.67073, 21.32472 ], [ -98.68108, 21.34618 ], [ -98.65275, 21.34684 ], [ -98.63855, 21.36772 ], [ -98.62716, 21.35981 ], [ -98.6235, 21.36472 ], [ -98.61901, 21.35886 ], [ -98.59694, 21.35907 ], [ -98.59005, 21.37276 ], [ -98.56772, 21.37077 ], [ -98.54957, 21.3846 ], [ -98.51143, 21.36251 ], [ -98.50738, 21.36997 ], [ -98.51575, 21.37229 ], [ -98.50708, 21.38616 ], [ -98.4946, 21.38717 ], [ -98.48554, 21.39838 ] ] ] } },
{ "type": "Feature", "properties": { "CVEGEO": "14", "CVE_ENT": "14", "NOMGEO": "Jalisco" }, "geometry": { "type": "MultiPolygon", "coordinates": [ [ [ [ -104.8149, 19.23129 ], [ -104.81353, 19.2259 ], [ -104.81636, 19.2209 ], [ -104.8149, 19.23129 ] ] ], [ [ [ -104.81482, 19.2331 ], [ -104.81226, 19.23214 ], [ -104.81339, 19.23093 ], [ -104.81482, 19.2331 ] ] ], [ [ [ -104.87686, 19.27373 ], [ -104.87651, 19.27237 ], [ -104.87747, 19.27275 ], [ -104.87686, 19.27373 ] ] ], [ [ [ -104.95954, 19.30709 ], [ -104.96095, 19.30769 ], [ -104.9606, 19.30813 ], [ -104.95954, 19.30709 ] ] ], [ [ [ -104.95561, 19.31058 ], [ -104.95569, 19.30943 ], [ -104.95658, 19.31034 ], [ -104.95561, 19.31058 ] ] ], [ [ [ -104.95135, 19.31496 ], [ -104.95194, 19.31463 ], [ -104.95195, 19.31527 ], [ -104.95135, 19.31496 ] ] ], [ [ [ -105.036, 19.38903 ], [ -105.03395, 19.39026 ], [ -105.03409, 19.38897 ], [ -105.036, 19.38903 ] ] ], [ [ [ -105.03637, 19.4401 ], [ -105.03476, 19.44047 ], [ -105.03573, 19.43961 ], [ -105.03637, 19.4401 ] ] ], [ [ [ -105.06463, 19.4771 ], [ -105.06344, 19.47632 ], [ -105.06627, 19.47635 ], [ -105.06463, 19.4771 ] ] ], [ [ [ -105.06844, 19.47778 ], [ -105.06449, 19.47898 ], [ -105.06388, 19.47785 ], [ -105.06698, 19.47714 ], [ -105.06844, 19.47778 ] ] ], [ [ [ -105.08619, 19.51445 ], [ -105.08499, 19.51462 ], [ -105.0852, 19.51382 ], [ -105.08619, 19.51445 ] ] ], [ [ [ -105.08699, 19.5215 ], [ -105.08549, 19.5225 ], [ -105.08563, 19.5211 ], [ -105.08699, 19.5215 ] ] ], [ [ [ -105.09589, 19.52598 ], [ -105.09088, 19.52464 ], [ -105.09102, 19.5233 ], [ -105.09589, 19.52598 ] ] ], [ [ [ -105.09416, 19.53043 ], [ -105.09309, 19.5302 ], [ -105.09446, 19.52916 ], [ -105.09416, 19.53043 ] ] ], [ [ [ -105.08965, 19.53322 ], [ -105.08786, 19.53163 ], [ -105.08953, 19.53184 ], [ -105.08965, 19.53322 ] ] ], [ [ [ -105.08929, 19.53401 ], [ -105.08769, 19.53574 ], [ -105.0872, 19.53433 ], [ -105.08929, 19.53401 ] ] ], [ [ [ -105.09187, 19.53604 ], [ -105.09282, 19.53526 ], [ -105.09212, 19.53639 ], [ -105.09187, 19.53604 ] ] ], [ [ [ -105.09512, 19.53878 ], [ -105.09208, 19.53929 ], [ -105.09323, 19.53793 ], [ -105.09512, 19.53878 ] ] ], [ [ [ -105.11568, 19.54878 ], [ -105.11318, 19.54833 ], [ -105.11601, 19.5473 ], [ -105.11568, 19.54878 ] ] ], [ [ [ -105.11126, 19.5505 ], [ -105.10805, 19.54453 ], [ -105.1133, 19.54543 ], [ -105.11126, 19.5505 ] ] ], [ [ [ -105.10795, 19.55573 ], [ -105.10661, 19.55635 ], [ -105.1064, 19.55609 ], [ -105.10795, 19.55573 ] ] ], [ [ [ -105.11357, 19.56152 ], [ -105.11164, 19.55734 ], [ -105.11717, 19.55497 ], [ -105.11357, 19.56152 ] ] ], [ [ [ -105.13056, 19.57367 ], [ -105.13108, 19.57327 ], [ -105.13088, 19.57394 ], [ -105.13056, 19.57367 ] ] ], [ [ [ -105.13428, 19.57402 ], [ -105.13247, 19.57366 ], [ -105.13451, 19.57365 ], [ -105.13428, 19.57402 ] ] ], [ [ [ -105.13529, 19.57519 ], [ -105.1358, 19.57377 ], [ -105.13694, 19.57436 ], [ -105.13529, 19.57519 ] ] ], [ [ [ -105.14781, 19.57903 ], [ -105.14661, 19.57878 ], [ -105.14787, 19.57865 ], [ -105.14781, 19.57903 ] ] ], [ [ [ -105.14668, 19.58105 ], [ -105.14691, 19.58036 ], [ -105.14748, 19.58068 ], [ -105.14668, 19.58105 ] ] ], [ [ [ -105.29138, 20.54551 ], [ -105.29323, 20.54442 ], [ -105.29343, 20.54519 ], [ -105.29138, 20.54551 ] ] ], [ [ [ -104.02569, 22.74328 ], [ -103.90885, 22.74998 ], [ -103.89833, 22.72828 ], [ -103.87511, 22.73716 ], [ -103.83621, 22.72801 ], [ -103.82661, 22.73494 ], [ -103.81917, 22.72833 ], [ -103.77467, 22.73387 ], [ -103.76907, 22.72039 ], [ -103.75481, 22.71955 ], [ -103.75199, 22.71165 ], [ -103.75131, 22.69505 ], [ -103.7632, 22.67702 ], [ -103.75867, 22.65842 ], [ -103.76846, 22.64333 ], [ -103.76096, 22.62561 ], [ -103.77345, 22.6115 ], [ -103.8196, 22.59558 ], [ -103.86072, 22.56762 ], [ -103.8518, 22.55362 ], [ -103.86688, 22.5447 ], [ -103.87519, 22.52158 ], [ -103.86421, 22.51346 ], [ -103.86399, 22.49144 ], [ -103.87107, 22.47247 ], [ -103.88537, 22.47353 ], [ -103.8761, 22.44118 ], [ -103.8947, 22.43816 ], [ -103.87318, 22.42476 ], [ -103.88062, 22.41816 ], [ -103.86598, 22.41523 ], [ -103.86693, 22.40938 ], [ -103.86931, 22.40126 ], [ -103.8862, 22.4002 ], [ -103.88345, 22.39002 ], [ -103.89873, 22.37958 ], [ -103.89574, 22.36411 ], [ -103.90786, 22.36205 ], [ -103.92612, 22.33207 ], [ -103.91015, 22.28333 ], [ -103.91788, 22.26197 ], [ -103.88614, 22.22618 ], [ -103.88509, 22.19642 ], [ -103.86294, 22.16688 ], [ -103.84408, 22.22207 ], [ -103.84487, 22.26255 ], [ -103.82862, 22.28661 ], [ -103.84543, 22.34276 ], [ -103.81115, 22.37675 ], [ -103.81018, 22.42729 ], [ -103.78698, 22.47777 ], [ -103.78566, 22.51046 ], [ -103.7691, 22.55579 ], [ -103.75924, 22.55167 ], [ -103.7445, 22.5585 ], [ -103.73845, 22.57196 ], [ -103.72656, 22.57415 ], [ -103.68179, 22.5548 ], [ -103.67259, 22.56113 ], [ -103.66101, 22.54714 ], [ -103.65157, 22.55648 ], [ -103.62238, 22.56357 ], [ -103.60276, 22.55679 ], [ -103.59933, 22.52637 ], [ -103.58373, 22.52197 ], [ -103.5946, 22.50545 ], [ -103.57933, 22.4962 ], [ -103.5806, 22.4774 ], [ -103.57083, 22.46917 ], [ -103.57253, 22.43754 ], [ -103.55919, 22.42843 ], [ -103.57842, 22.4105 ], [ -103.59402, 22.40721 ], [ -103.59756, 22.37453 ], [ -103.60284, 22.3609 ], [ -103.61069, 22.35984 ], [ -103.6048, 22.34014 ], [ -103.64211, 22.34087 ], [ -103.64475, 22.31497 ], [ -103.63779, 22.29523 ], [ -103.5949, 22.27308 ], [ -103.6309, 22.23892 ], [ -103.65776, 22.18384 ], [ -103.65447, 22.17194 ], [ -103.69029, 22.13009 ], [ -103.67737, 22.11871 ], [ -103.68385, 22.10921 ], [ -103.64795, 22.1005 ], [ -103.62853, 22.10633 ], [ -103.6204, 22.09849 ], [ -103.6047, 22.09794 ], [ -103.59404, 22.11165 ], [ -103.58112, 22.10487 ], [ -103.57995, 22.12683 ], [ -103.56014, 22.13659 ], [ -103.55022, 22.13568 ], [ -103.54274, 22.12061 ], [ -103.51455, 22.12911 ], [ -103.5159, 22.10992 ], [ -103.50156, 22.10556 ], [ -103.4956, 22.11051 ], [ -103.48613, 22.10653 ], [ -103.4793, 22.11479 ], [ -103.47318, 22.10553 ], [ -103.45918, 22.10588 ], [ -103.45494, 22.11531 ], [ -103.4395, 22.11764 ], [ -103.43829, 22.12885 ], [ -103.42593, 22.13942 ], [ -103.42918, 22.16218 ], [ -103.41969, 22.17748 ], [ -103.43412, 22.19076 ], [ -103.41723, 22.19048 ], [ -103.40896, 22.21536 ], [ -103.38566, 22.21253 ], [ -103.38303, 22.22701 ], [ -103.3377, 22.24516 ], [ -103.31193, 22.23326 ], [ -103.2951, 22.25329 ], [ -103.31394, 22.25871 ], [ -103.30532, 22.26566 ], [ -103.30784, 22.28171 ], [ -103.29779, 22.29834 ], [ -103.30688, 22.30628 ], [ -103.32771, 22.30736 ], [ -103.33838, 22.28751 ], [ -103.35569, 22.2798 ], [ -103.35009, 22.30746 ], [ -103.36376, 22.31448 ], [ -103.34296, 22.33512 ], [ -103.36255, 22.33635 ], [ -103.36668, 22.35104 ], [ -103.36472, 22.36954 ], [ -103.35314, 22.36939 ], [ -103.33964, 22.3855 ], [ -103.32929, 22.38454 ], [ -103.31458, 22.40491 ], [ -103.30918, 22.39201 ], [ -103.3005, 22.39299 ], [ -103.28523, 22.41424 ], [ -103.26025, 22.41186 ], [ -103.25219, 22.39895 ], [ -103.23212, 22.39339 ], [ -103.21341, 22.41007 ], [ -103.20393, 22.40407 ], [ -103.19877, 22.3806 ], [ -103.18936, 22.39025 ], [ -103.16858, 22.38501 ], [ -103.17405, 22.37776 ], [ -103.16642, 22.37059 ], [ -103.16859, 22.35462 ], [ -103.19409, 22.33198 ], [ -103.20823, 22.33308 ], [ -103.22062, 22.28047 ], [ -103.20192, 22.2803 ], [ -103.19057, 22.29853 ], [ -103.10099, 22.29397 ], [ -103.08296, 22.27708 ], [ -103.07827, 22.2571 ], [ -103.05546, 22.24726 ], [ -103.06207, 22.22827 ], [ -103.05233, 22.22065 ], [ -103.05477, 22.21383 ], [ -103.07193, 22.21197 ], [ -103.07104, 22.20354 ], [ -103.0882, 22.20438 ], [ -103.10606, 22.19136 ], [ -103.10145, 22.17862 ], [ -103.10869, 22.15342 ], [ -103.10254, 22.1536 ], [ -103.1088, 22.14434 ], [ -103.07875, 22.13705 ], [ -103.07702, 22.1255 ], [ -103.1017, 22.1018 ], [ -103.12559, 22.10479 ], [ -103.13509, 22.09046 ], [ -103.15278, 22.08762 ], [ -103.15429, 22.07224 ], [ -103.10791, 22.0634 ], [ -103.11149, 22.01426 ], [ -103.16566, 21.99681 ], [ -103.20166, 21.99857 ], [ -103.19181, 21.97445 ], [ -103.20557, 21.96519 ], [ -103.23997, 21.97672 ], [ -103.24682, 21.97595 ], [ -103.24475, 21.9666 ], [ -103.26472, 21.97184 ], [ -103.27856, 21.98965 ], [ -103.34135, 21.9404 ], [ -103.34408, 21.91347 ], [ -103.3748, 21.91368 ], [ -103.39434, 21.89669 ], [ -103.41387, 21.90546 ], [ -103.45133, 21.85392 ], [ -103.45536, 21.8328 ], [ -103.46673, 21.83996 ], [ -103.47236, 21.836 ], [ -103.47053, 21.81354 ], [ -103.48251, 21.81326 ], [ -103.50282, 21.83307 ], [ -103.53143, 21.81784 ], [ -103.52606, 21.80507 ], [ -103.57263, 21.80349 ], [ -103.56076, 21.78028 ], [ -103.54326, 21.77112 ], [ -103.52789, 21.77233 ], [ -103.50847, 21.73974 ], [ -103.50984, 21.71301 ], [ -103.51785, 21.71147 ], [ -103.52671, 21.67556 ], [ -103.5408, 21.66529 ], [ -103.55549, 21.63408 ], [ -103.54522, 21.58764 ], [ -103.55889, 21.5764 ], [ -103.5905, 21.58979 ], [ -103.59292, 21.55923 ], [ -103.619, 21.55686 ], [ -103.62979, 21.57335 ], [ -103.64488, 21.57645 ], [ -103.66004, 21.56479 ], [ -103.65832, 21.55591 ], [ -103.6832, 21.55772 ], [ -103.68979, 21.55235 ], [ -103.68629, 21.53505 ], [ -103.69449, 21.52889 ], [ -103.67258, 21.50545 ], [ -103.69178, 21.4956 ], [ -103.70146, 21.46627 ], [ -103.65874, 21.4637 ], [ -103.6647, 21.45487 ], [ -103.66079, 21.44158 ], [ -103.65031, 21.4346 ], [ -103.6342, 21.43926 ], [ -103.62653, 21.43448 ], [ -103.61932, 21.42403 ], [ -103.62291, 21.41311 ], [ -103.59531, 21.39091 ], [ -103.58639, 21.39237 ], [ -103.57588, 21.43615 ], [ -103.56772, 21.4393 ], [ -103.56041, 21.43022 ], [ -103.5387, 21.44477 ], [ -103.53359, 21.42061 ], [ -103.50392, 21.37684 ], [ -103.51308, 21.36407 ], [ -103.50996, 21.35489 ], [ -103.55737, 21.34813 ], [ -103.56763, 21.35222 ], [ -103.56859, 21.33762 ], [ -103.57845, 21.33023 ], [ -103.58868, 21.34219 ], [ -103.61695, 21.35341 ], [ -103.61872, 21.34448 ], [ -103.66362, 21.33813 ], [ -103.6774, 21.31991 ], [ -103.70508, 21.3255 ], [ -103.72084, 21.30796 ], [ -103.72214, 21.28394 ], [ -103.71365, 21.26669 ], [ -103.69805, 21.28258 ], [ -103.66668, 21.29047 ], [ -103.65819, 21.28043 ], [ -103.63399, 21.28229 ], [ -103.63947, 21.27753 ], [ -103.6402, 21.22207 ], [ -103.66335, 21.22416 ], [ -103.66732, 21.21605 ], [ -103.63337, 21.19125 ], [ -103.61863, 21.18878 ], [ -103.61136, 21.17874 ], [ -103.61361, 21.15625 ], [ -103.60198, 21.15167 ], [ -103.59168, 21.12862 ], [ -103.56896, 21.11672 ], [ -103.5537, 21.11675 ], [ -103.55034, 21.12498 ], [ -103.52979, 21.13409 ], [ -103.53146, 21.14198 ], [ -103.51096, 21.14622 ], [ -103.50405, 21.12774 ], [ -103.46926, 21.14336 ], [ -103.42858, 21.14672 ], [ -103.41627, 21.13728 ], [ -103.42323, 21.12523 ], [ -103.41828, 21.11523 ], [ -103.39608, 21.09868 ], [ -103.39596, 21.08029 ], [ -103.38786, 21.07922 ], [ -103.38551, 21.06739 ], [ -103.37661, 21.0659 ], [ -103.36902, 21.05196 ], [ -103.3531, 21.04526 ], [ -103.335, 21.04264 ], [ -103.33032, 21.0545 ], [ -103.30189, 21.05458 ], [ -103.29656, 21.06484 ], [ -103.27573, 21.05145 ], [ -103.2572, 21.07073 ], [ -103.25823, 21.08307 ], [ -103.23259, 21.07909 ], [ -103.2096, 21.09422 ], [ -103.18845, 21.08515 ], [ -103.18837, 21.07066 ], [ -103.16288, 21.07289 ], [ -103.12733, 21.05353 ], [ -103.12332, 21.0668 ], [ -103.10503, 21.06202 ], [ -103.07736, 21.07243 ], [ -103.05648, 21.09932 ], [ -103.06521, 21.10433 ], [ -103.07579, 21.09689 ], [ -103.07365, 21.10995 ], [ -103.09174, 21.11582 ], [ -103.0985, 21.12849 ], [ -103.07812, 21.14001 ], [ -103.07138, 21.15293 ], [ -103.08431, 21.19406 ], [ -103.06924, 21.20993 ], [ -103.07753, 21.21545 ], [ -103.05699, 21.24679 ], [ -103.0655, 21.25581 ], [ -103.04489, 21.26237 ], [ -103.04588, 21.24943 ], [ -103.02977, 21.25107 ], [ -103.0265, 21.24212 ], [ -103.01701, 21.24105 ], [ -103.01118, 21.25537 ], [ -102.9969, 21.25968 ], [ -102.97905, 21.23973 ], [ -102.94629, 21.23444 ], [ -102.94781, 21.2146 ], [ -102.91065, 21.20523 ], [ -102.90303, 21.23519 ], [ -102.89167, 21.23351 ], [ -102.88366, 21.24181 ], [ -102.87657, 21.23663 ], [ -102.87286, 21.25516 ], [ -102.86365, 21.25276 ], [ -102.8594, 21.27048 ], [ -102.84483, 21.27733 ], [ -102.84878, 21.29318 ], [ -102.8371, 21.30341 ], [ -102.81516, 21.29467 ], [ -102.8176, 21.31854 ], [ -102.81196, 21.32372 ], [ -102.7985, 21.30691 ], [ -102.78892, 21.32951 ], [ -102.77182, 21.31601 ], [ -102.75528, 21.32316 ], [ -102.75777, 21.33919 ], [ -102.72796, 21.35709 ], [ -102.72913, 21.38736 ], [ -102.7141, 21.38056 ], [ -102.70191, 21.36379 ], [ -102.69828, 21.34327 ], [ -102.67778, 21.34089 ], [ -102.64244, 21.36774 ], [ -102.63814, 21.39324 ], [ -102.64684, 21.39422 ], [ -102.65967, 21.41088 ], [ -102.65213, 21.41221 ], [ -102.65501, 21.44665 ], [ -102.63613, 21.46291 ], [ -102.64788, 21.46254 ], [ -102.64907, 21.4742 ], [ -102.63667, 21.47712 ], [ -102.62484, 21.50141 ], [ -102.64217, 21.51872 ], [ -102.63073, 21.53398 ], [ -102.69641, 21.54303 ], [ -102.6951, 21.57291 ], [ -102.7171, 21.57131 ], [ -102.72951, 21.59306 ], [ -102.73741, 21.58676 ], [ -102.76474, 21.59606 ], [ -102.78361, 21.64669 ], [ -102.77341, 21.65831 ], [ -102.80528, 21.67128 ], [ -102.76649, 21.68693 ], [ -102.7453, 21.72005 ], [ -102.7228, 21.71911 ], [ -102.71561, 21.73409 ], [ -102.69626, 21.72877 ], [ -102.69067, 21.75244 ], [ -102.67877, 21.75317 ], [ -102.66893, 21.76405 ], [ -102.63349, 21.76734 ], [ -102.60631, 21.75106 ], [ -102.59677, 21.75498 ], [ -102.59628, 21.74405 ], [ -102.55249, 21.74265 ], [ -102.47652, 21.70208 ], [ -102.47576, 21.69495 ], [ -102.45686, 21.69809 ], [ -102.45213, 21.68691 ], [ -102.46107, 21.67926 ], [ -102.45121, 21.68196 ], [ -102.44145, 21.67342 ], [ -102.40459, 21.66559 ], [ -102.40749, 21.65948 ], [ -102.36953, 21.65059 ], [ -102.36687, 21.64275 ], [ -102.32572, 21.62227 ], [ -102.32105, 21.63009 ], [ -102.31017, 21.62663 ], [ -102.29537, 21.6531 ], [ -102.30265, 21.6546 ], [ -102.30399, 21.66668 ], [ -102.27944, 21.66444 ], [ -102.27522, 21.65397 ], [ -102.23762, 21.652 ], [ -102.22636, 21.65777 ], [ -102.21427, 21.69482 ], [ -102.17789, 21.68816 ], [ -102.17143, 21.707 ], [ -102.15486, 21.70004 ], [ -102.1421, 21.70537 ], [ -102.10206, 21.76104 ], [ -102.08618, 21.76726 ], [ -102.09457, 21.7777 ], [ -102.08307, 21.78707 ], [ -102.07196, 21.78265 ], [ -102.05512, 21.81636 ], [ -102.04174, 21.82307 ], [ -102.03842, 21.8532 ], [ -102.02079, 21.85117 ], [ -102.01995, 21.86254 ], [ -101.88021, 21.91015 ], [ -101.838, 21.90734 ], [ -101.83529, 21.94177 ], [ -101.87267, 21.94651 ], [ -101.8858, 21.93261 ], [ -101.89778, 21.95839 ], [ -101.89823, 21.98326 ], [ -101.90945, 21.98902 ], [ -101.9126, 21.99749 ], [ -101.89473, 21.98966 ], [ -101.89125, 21.97659 ], [ -101.86258, 21.99136 ], [ -101.86167, 22.02888 ], [ -101.81567, 22.01998 ], [ -101.80144, 22.031 ], [ -101.80426, 22.02525 ], [ -101.78443, 22.0241 ], [ -101.77763, 22.0073 ], [ -101.751, 22.01465 ], [ -101.72997, 22.00214 ], [ -101.73232, 21.99507 ], [ -101.70912, 21.97993 ], [ -101.71066, 21.97394 ], [ -101.68291, 21.96289 ], [ -101.6571, 21.93925 ], [ -101.6507, 21.90768 ], [ -101.62895, 21.9109 ], [ -101.61671, 21.92945 ], [ -101.59585, 21.90996 ], [ -101.56981, 21.91708 ], [ -101.56596, 21.84203 ], [ -101.54823, 21.83409 ], [ -101.53701, 21.81046 ], [ -101.51782, 21.81476 ], [ -101.51054, 21.79906 ], [ -101.53883, 21.77733 ], [ -101.58569, 21.77878 ], [ -101.57968, 21.7364 ], [ -101.55765, 21.7351 ], [ -101.57086, 21.70431 ], [ -101.58404, 21.70957 ], [ -101.56914, 21.69231 ], [ -101.59609, 21.63706 ], [ -101.58019, 21.62553 ], [ -101.58602, 21.60781 ], [ -101.59526, 21.61 ], [ -101.61231, 21.58292 ], [ -101.60655, 21.56387 ], [ -101.62166, 21.5519 ], [ -101.62001, 21.54107 ], [ -101.64127, 21.52665 ], [ -101.64026, 21.51363 ], [ -101.63243, 21.51905 ], [ -101.58904, 21.4649 ], [ -101.58995, 21.44558 ], [ -101.58187, 21.44781 ], [ -101.58042, 21.42828 ], [ -101.57042, 21.41854 ], [ -101.58914, 21.41513 ], [ -101.60026, 21.42054 ], [ -101.63094, 21.40731 ], [ -101.65852, 21.4068 ], [ -101.67758, 21.39514 ], [ -101.67949, 21.38951 ], [ -101.64284, 21.35511 ], [ -101.64318, 21.29934 ], [ -101.66285, 21.28658 ], [ -101.68668, 21.29406 ], [ -101.70201, 21.27546 ], [ -101.70938, 21.28073 ], [ -101.73579, 21.27729 ], [ -101.73854, 21.26916 ], [ -101.75972, 21.26762 ], [ -101.7594, 21.26061 ], [ -101.7682, 21.25773 ], [ -101.75459, 21.24389 ], [ -101.7712, 21.23473 ], [ -101.78111, 21.16053 ], [ -101.78727, 21.15638 ], [ -101.80401, 21.16635 ], [ -101.8157, 21.14953 ], [ -101.81183, 21.14124 ], [ -101.83345, 21.13727 ], [ -101.83085, 21.11937 ], [ -101.82027, 21.11867 ], [ -101.81766, 21.10705 ], [ -101.83749, 21.09677 ], [ -101.875, 21.09289 ], [ -101.87494, 21.07009 ], [ -101.89455, 21.05124 ], [ -101.90133, 21.05296 ], [ -101.89661, 21.04775 ], [ -101.90663, 21.02882 ], [ -101.90875, 20.99859 ], [ -101.92471, 20.98324 ], [ -101.92221, 20.97194 ], [ -101.93714, 20.9558 ], [ -101.93895, 20.93061 ], [ -101.95788, 20.9352 ], [ -101.9631, 20.92252 ], [ -101.97988, 20.92505 ], [ -101.9811, 20.91481 ], [ -102.01799, 20.88328 ], [ -102.01258, 20.87834 ], [ -102.02178, 20.86216 ], [ -102.03859, 20.84735 ], [ -102.07368, 20.83792 ], [ -102.07987, 20.82907 ], [ -102.07995, 20.80179 ], [ -102.08709, 20.80146 ], [ -102.09591, 20.78005 ], [ -102.06759, 20.77225 ], [ -102.07363, 20.74876 ], [ -102.06104, 20.74852 ], [ -102.06449, 20.73875 ], [ -102.03446, 20.74214 ], [ -102.03774, 20.7174 ], [ -102.01439, 20.71706 ], [ -102.01909, 20.67618 ], [ -102.01384, 20.66444 ], [ -101.98194, 20.66333 ], [ -101.98138, 20.65753 ], [ -101.96808, 20.66364 ], [ -101.97119, 20.63761 ], [ -101.95708, 20.63264 ], [ -101.95874, 20.60879 ], [ -101.95114, 20.60743 ], [ -101.96703, 20.57934 ], [ -101.9628, 20.57024 ], [ -101.9699, 20.56881 ], [ -101.97392, 20.54179 ], [ -101.98395, 20.53501 ], [ -101.98791, 20.54528 ], [ -102.01414, 20.5426 ], [ -102.01009, 20.52606 ], [ -102.02819, 20.49654 ], [ -102.04603, 20.48261 ], [ -102.04399, 20.45659 ], [ -102.07662, 20.42816 ], [ -102.07088, 20.40902 ], [ -102.08453, 20.40501 ], [ -102.09052, 20.38943 ], [ -102.10577, 20.37864 ], [ -102.16817, 20.37874 ], [ -102.15816, 20.36696 ], [ -102.17702, 20.36815 ], [ -102.17537, 20.35597 ], [ -102.19661, 20.3505 ], [ -102.20812, 20.35668 ], [ -102.22181, 20.34407 ], [ -102.25416, 20.33527 ], [ -102.28409, 20.34556 ], [ -102.28986, 20.34084 ], [ -102.29206, 20.35298 ], [ -102.3066, 20.35816 ], [ -102.31609, 20.34459 ], [ -102.32722, 20.34948 ], [ -102.36629, 20.32788 ], [ -102.3912, 20.33395 ], [ -102.39985, 20.32774 ], [ -102.43463, 20.34102 ], [ -102.45486, 20.32897 ], [ -102.4805, 20.32524 ], [ -102.49063, 20.3086 ], [ -102.50544, 20.31586 ], [ -102.50896, 20.30136 ], [ -102.53048, 20.29583 ], [ -102.52008, 20.28042 ], [ -102.52858, 20.27095 ], [ -102.54412, 20.28056 ], [ -102.55498, 20.26069 ], [ -102.56458, 20.27816 ], [ -102.56668, 20.26562 ], [ -102.59049, 20.25847 ], [ -102.61015, 20.26909 ], [ -102.62733, 20.22939 ], [ -102.6412, 20.22345 ], [ -102.66088, 20.23155 ], [ -102.67903, 20.22691 ], [ -102.68537, 20.21801 ], [ -102.67972, 20.1715 ], [ -102.73023, 20.16662 ], [ -102.77615, 20.13845 ], [ -102.81928, 20.13725 ], [ -102.80187, 20.12303 ], [ -102.81629, 20.10605 ], [ -102.84067, 20.11611 ], [ -102.85499, 20.13671 ], [ -102.85231, 20.14925 ], [ -102.86595, 20.16236 ], [ -102.88688, 20.15881 ], [ -102.94017, 20.17168 ], [ -102.954, 20.16657 ], [ -102.9245, 20.13626 ], [ -102.92645, 20.12958 ], [ -102.94203, 20.12883 ], [ -102.95958, 20.14124 ], [ -102.97058, 20.1254 ], [ -102.99839, 20.12596 ], [ -103.00482, 20.1382 ], [ -103.03246, 20.13645 ], [ -103.03133, 20.12675 ], [ -103.04415, 20.12412 ], [ -103.04259, 20.1152 ], [ -103.03282, 20.11136 ], [ -103.04171, 20.09064 ], [ -103.02072, 20.04731 ], [ -103.02652, 20.04934 ], [ -103.02439, 20.03331 ], [ -103.0357, 20.02941 ], [ -103.0515, 19.99161 ], [ -103.02522, 19.96049 ], [ -103.01548, 19.95975 ], [ -102.99381, 19.98389 ], [ -102.95121, 19.99656 ], [ -102.94362, 19.98413 ], [ -102.92627, 19.98419 ], [ -102.90262, 19.96686 ], [ -102.8821, 19.96959 ], [ -102.88205, 19.97577 ], [ -102.82197, 19.96458 ], [ -102.79401, 19.95029 ], [ -102.77687, 19.96015 ], [ -102.78404, 19.95124 ], [ -102.77063, 19.92987 ], [ -102.73122, 19.89951 ], [ -102.74249, 19.87876 ], [ -102.73477, 19.87452 ], [ -102.73035, 19.85321 ], [ -102.75333, 19.83412 ], [ -102.7394, 19.81583 ], [ -102.75908, 19.80798 ], [ -102.79231, 19.81412 ], [ -102.81953, 19.77794 ], [ -102.81281, 19.77595 ], [ -102.80861, 19.75956 ], [ -102.81627, 19.74991 ], [ -102.80393, 19.75216 ], [ -102.8108, 19.74102 ], [ -102.78048, 19.70432 ], [ -102.80566, 19.67484 ], [ -102.7912, 19.67319 ], [ -102.7926, 19.65455 ], [ -102.78419, 19.65209 ], [ -102.77585, 19.62771 ], [ -102.76086, 19.62753 ], [ -102.74757, 19.61278 ], [ -102.72609, 19.61314 ], [ -102.71593, 19.60294 ], [ -102.72604, 19.57903 ], [ -102.72036, 19.57962 ], [ -102.71352, 19.56326 ], [ -102.71845, 19.55032 ], [ -102.71066, 19.54107 ], [ -102.71752, 19.51947 ], [ -102.72458, 19.50912 ], [ -102.73097, 19.51054 ], [ -102.73806, 19.49336 ], [ -102.72373, 19.49318 ], [ -102.68949, 19.51342 ], [ -102.67302, 19.512 ], [ -102.67093, 19.49063 ], [ -102.65753, 19.48724 ], [ -102.62053, 19.49877 ], [ -102.58186, 19.52826 ], [ -102.57186, 19.51119 ], [ -102.57594, 19.49806 ], [ -102.54908, 19.49242 ], [ -102.54271, 19.47803 ], [ -102.5633, 19.46493 ], [ -102.56858, 19.44548 ], [ -102.5587, 19.447 ], [ -102.54769, 19.43949 ], [ -102.55924, 19.43688 ], [ -102.54372, 19.42958 ], [ -102.55104, 19.42538 ], [ -102.56508, 19.43516 ], [ -102.57679, 19.42391 ], [ -102.5688, 19.41263 ], [ -102.60106, 19.36449 ], [ -102.61118, 19.3228 ], [ -102.63272, 19.30698 ], [ -102.6431, 19.27834 ], [ -102.63821, 19.26266 ], [ -102.65665, 19.24116 ], [ -102.65184, 19.23552 ], [ -102.66211, 19.21881 ], [ -102.66773, 19.22151 ], [ -102.66992, 19.21241 ], [ -102.70069, 19.22454 ], [ -102.69426, 19.23842 ], [ -102.69883, 19.24993 ], [ -102.71272, 19.23581 ], [ -102.73772, 19.2422 ], [ -102.75382, 19.25581 ], [ -102.79024, 19.24246 ], [ -102.79376, 19.22541 ], [ -102.80836, 19.22326 ], [ -102.82443, 19.20569 ], [ -102.83142, 19.21464 ], [ -102.84564, 19.19905 ], [ -102.8626, 19.20323 ], [ -102.86538, 19.21129 ], [ -102.88643, 19.20439 ], [ -102.91507, 19.17937 ], [ -102.93513, 19.18203 ], [ -102.93615, 19.17362 ], [ -102.9601, 19.17406 ], [ -102.97936, 19.15241 ], [ -102.97762, 19.12006 ], [ -103.00446, 19.13757 ], [ -103.02043, 19.13049 ], [ -103.01202, 19.1092 ], [ -103.01946, 19.10384 ], [ -103.01601, 19.07919 ], [ -102.99084, 19.05338 ], [ -103.02521, 19.0531 ], [ -103.03324, 19.02912 ], [ -103.05056, 19.0356 ], [ -103.06324, 19.02785 ], [ -103.06377, 19.00567 ], [ -103.0525, 18.99813 ], [ -103.08811, 18.98411 ], [ -103.12502, 18.93014 ], [ -103.1482, 18.92587 ], [ -103.17336, 18.93626 ], [ -103.20301, 18.96534 ], [ -103.20952, 19.00299 ], [ -103.22166, 19.00945 ], [ -103.22388, 19.0241 ], [ -103.33249, 18.97325 ], [ -103.37725, 18.98017 ], [ -103.39442, 18.96741 ], [ -103.41143, 18.96766 ], [ -103.41945, 18.98125 ], [ -103.46313, 18.97702 ], [ -103.47266, 18.99114 ], [ -103.48373, 18.97979 ], [ -103.48204, 18.97021 ], [ -103.48859, 18.96489 ], [ -103.49502, 18.97067 ], [ -103.49083, 18.99582 ], [ -103.49874, 19.01204 ], [ -103.48851, 19.02759 ], [ -103.52648, 19.07873 ], [ -103.51739, 19.09879 ], [ -103.52362, 19.11564 ], [ -103.51101, 19.13205 ], [ -103.50917, 19.15596 ], [ -103.49763, 19.17464 ], [ -103.51524, 19.21135 ], [ -103.50569, 19.23616 ], [ -103.50918, 19.29515 ], [ -103.48988, 19.31069 ], [ -103.49567, 19.31976 ], [ -103.48643, 19.33789 ], [ -103.52221, 19.35783 ], [ -103.52672, 19.37276 ], [ -103.55621, 19.40697 ], [ -103.57427, 19.41156 ], [ -103.57892, 19.43549 ], [ -103.61536, 19.475 ], [ -103.61482, 19.49405 ], [ -103.6062, 19.50056 ], [ -103.61828, 19.51252 ], [ -103.69005, 19.49245 ], [ -103.71579, 19.46701 ], [ -103.71826, 19.4535 ], [ -103.79273, 19.42751 ], [ -103.81925, 19.40874 ], [ -103.82413, 19.43779 ], [ -103.85645, 19.43133 ], [ -103.86375, 19.44738 ], [ -103.87942, 19.44449 ], [ -103.88933, 19.4636 ], [ -103.90877, 19.45363 ], [ -103.89952, 19.43455 ], [ -103.9648, 19.45416 ], [ -103.97401, 19.47455 ], [ -104.00005, 19.46883 ], [ -104.06173, 19.4977 ], [ -104.07674, 19.48021 ], [ -104.08664, 19.44203 ], [ -104.07994, 19.43178 ], [ -104.07088, 19.43524 ], [ -104.09023, 19.39302 ], [ -104.13334, 19.35375 ], [ -104.12298, 19.31904 ], [ -104.13221, 19.32089 ], [ -104.14479, 19.31124 ], [ -104.15293, 19.31515 ], [ -104.16165, 19.30272 ], [ -104.1698, 19.31296 ], [ -104.1798, 19.31256 ], [ -104.19167, 19.29221 ], [ -104.20435, 19.3036 ], [ -104.21842, 19.29902 ], [ -104.26118, 19.31181 ], [ -104.28364, 19.29701 ], [ -104.29759, 19.30267 ], [ -104.3148, 19.27936 ], [ -104.34388, 19.28955 ], [ -104.36187, 19.26908 ], [ -104.37427, 19.28188 ], [ -104.40132, 19.26681 ], [ -104.40095, 19.28907 ], [ -104.43926, 19.27799 ], [ -104.43841, 19.26287 ], [ -104.45753, 19.25942 ], [ -104.4557, 19.24804 ], [ -104.46701, 19.24511 ], [ -104.46302, 19.23296 ], [ -104.47167, 19.22884 ], [ -104.47726, 19.2387 ], [ -104.48895, 19.22994 ], [ -104.49454, 19.25395 ], [ -104.50838, 19.24423 ], [ -104.53029, 19.25979 ], [ -104.55452, 19.2371 ], [ -104.56026, 19.2197 ], [ -104.56911, 19.2187 ], [ -104.56725, 19.20127 ], [ -104.57694, 19.1802 ], [ -104.58399, 19.17799 ], [ -104.59003, 19.18653 ], [ -104.60029, 19.17905 ], [ -104.59614, 19.16405 ], [ -104.58578, 19.16181 ], [ -104.58984, 19.1501 ], [ -104.61283, 19.15548 ], [ -104.61882, 19.18085 ], [ -104.62934, 19.17291 ], [ -104.67515, 19.1855 ], [ -104.67998, 19.19317 ], [ -104.69172, 19.17328 ], [ -104.70281, 19.17813 ], [ -104.68509, 19.20564 ], [ -104.70252, 19.22195 ], [ -104.71289, 19.22176 ], [ -104.71244, 19.215 ], [ -104.73401, 19.2217 ], [ -104.73293, 19.23923 ], [ -104.75188, 19.23732 ], [ -104.75821, 19.2285 ], [ -104.77634, 19.24026 ], [ -104.79564, 19.23064 ], [ -104.80849, 19.23257 ], [ -104.80945, 19.2586 ], [ -104.80105, 19.26029 ], [ -104.78866, 19.28178 ], [ -104.79411, 19.29528 ], [ -104.83275, 19.30687 ], [ -104.84094, 19.30001 ], [ -104.83709, 19.28961 ], [ -104.8668, 19.28951 ], [ -104.87311, 19.27617 ], [ -104.88103, 19.28652 ], [ -104.9374, 19.30864 ], [ -104.95357, 19.32163 ], [ -104.9954, 19.3629 ], [ -105.03209, 19.38725 ], [ -105.03072, 19.39728 ], [ -105.02399, 19.39363 ], [ -105.01767, 19.4055 ], [ -105.02986, 19.42911 ], [ -105.02523, 19.43641 ], [ -105.07312, 19.4711 ], [ -105.0591, 19.47157 ], [ -105.06661, 19.48945 ], [ -105.0607, 19.49551 ], [ -105.0815, 19.50541 ], [ -105.08338, 19.54271 ], [ -105.10425, 19.57805 ], [ -105.12804, 19.58781 ], [ -105.13424, 19.57604 ], [ -105.14231, 19.57508 ], [ -105.1444, 19.5833 ], [ -105.15229, 19.58714 ], [ -105.1527, 19.60351 ], [ -105.16187, 19.60374 ], [ -105.16216, 19.61152 ], [ -105.18072, 19.62071 ], [ -105.19952, 19.62126 ], [ -105.20224, 19.63138 ], [ -105.26468, 19.67917 ], [ -105.26355, 19.6956 ], [ -105.33034, 19.76636 ], [ -105.34464, 19.80491 ], [ -105.4117, 19.8831 ], [ -105.50444, 20.01055 ], [ -105.54999, 20.09452 ], [ -105.54287, 20.18437 ], [ -105.55488, 20.22466 ], [ -105.56688, 20.23685 ], [ -105.58093, 20.23669 ], [ -105.59021, 20.26305 ], [ -105.65616, 20.31771 ], [ -105.69277, 20.38823 ], [ -105.69496, 20.40923 ], [ -105.67318, 20.40691 ], [ -105.67127, 20.42588 ], [ -105.65442, 20.42809 ], [ -105.64821, 20.4451 ], [ -105.6356, 20.44584 ], [ -105.60415, 20.47577 ], [ -105.51787, 20.49351 ], [ -105.49488, 20.4894 ], [ -105.46578, 20.49651 ], [ -105.4455, 20.48838 ], [ -105.44277, 20.50099 ], [ -105.40088, 20.50892 ], [ -105.36973, 20.50416 ], [ -105.31646, 20.51176 ], [ -105.31975, 20.51891 ], [ -105.29204, 20.53232 ], [ -105.28735, 20.54487 ], [ -105.25816, 20.55749 ], [ -105.2327, 20.61722 ], [ -105.23373, 20.63522 ], [ -105.24507, 20.65331 ], [ -105.281, 20.67197 ], [ -105.27421, 20.67433 ], [ -105.27893, 20.68133 ], [ -105.26125, 20.67982 ], [ -105.25595, 20.70277 ], [ -105.24257, 20.70424 ], [ -105.23992, 20.74735 ], [ -105.20583, 20.76414 ], [ -105.19696, 20.77717 ], [ -105.1734, 20.76771 ], [ -105.16228, 20.79252 ], [ -105.17097, 20.79611 ], [ -105.17394, 20.81394 ], [ -105.16164, 20.83114 ], [ -105.16279, 20.84869 ], [ -105.15541, 20.85306 ], [ -105.16056, 20.85742 ], [ -105.14119, 20.87561 ], [ -105.14255, 20.88647 ], [ -105.11196, 20.90043 ], [ -105.08034, 20.93147 ], [ -105.0468, 20.93428 ], [ -105.03161, 20.90917 ], [ -105.00633, 20.92254 ], [ -105.00339, 20.91086 ], [ -104.99037, 20.92156 ], [ -104.96724, 20.90951 ], [ -104.95316, 20.93013 ], [ -104.90053, 20.94634 ], [ -104.90063, 20.96275 ], [ -104.86687, 20.9952 ], [ -104.84119, 21.00672 ], [ -104.8381, 21.02001 ], [ -104.81018, 21.01201 ], [ -104.79019, 21.01502 ], [ -104.78246, 21.02336 ], [ -104.77171, 21.0086 ], [ -104.7525, 21.01228 ], [ -104.73924, 21.00614 ], [ -104.72999, 21.01229 ], [ -104.72936, 20.98315 ], [ -104.71583, 20.98047 ], [ -104.70571, 20.96685 ], [ -104.68106, 20.96067 ], [ -104.681, 20.94384 ], [ -104.66144, 20.94398 ], [ -104.65813, 20.93323 ], [ -104.63809, 20.93413 ], [ -104.62853, 20.92387 ], [ -104.61184, 20.92321 ], [ -104.59074, 20.93462 ], [ -104.55692, 20.92415 ], [ -104.54285, 20.91194 ], [ -104.54474, 20.90114 ], [ -104.53572, 20.89586 ], [ -104.53462, 20.88404 ], [ -104.52444, 20.88576 ], [ -104.51949, 20.86915 ], [ -104.50639, 20.86084 ], [ -104.49994, 20.83819 ], [ -104.48529, 20.83328 ], [ -104.45841, 20.80652 ], [ -104.43574, 20.80576 ], [ -104.42726, 20.79102 ], [ -104.41412, 20.79377 ], [ -104.38421, 20.76648 ], [ -104.37755, 20.74237 ], [ -104.36372, 20.74441 ], [ -104.3508, 20.72534 ], [ -104.32412, 20.71754 ], [ -104.30565, 20.69417 ], [ -104.28849, 20.68916 ], [ -104.28201, 20.62899 ], [ -104.25364, 20.60342 ], [ -104.25377, 20.63061 ], [ -104.24692, 20.63149 ], [ -104.26039, 20.64284 ], [ -104.25531, 20.65328 ], [ -104.23646, 20.6629 ], [ -104.25316, 20.6823 ], [ -104.2433, 20.69175 ], [ -104.24815, 20.69963 ], [ -104.24182, 20.71343 ], [ -104.27447, 20.76999 ], [ -104.28002, 20.76893 ], [ -104.28286, 20.78348 ], [ -104.29762, 20.7708 ], [ -104.32832, 20.7981 ], [ -104.33579, 20.78988 ], [ -104.35825, 20.79053 ], [ -104.37522, 20.77544 ], [ -104.37589, 20.78407 ], [ -104.3504, 20.81164 ], [ -104.36406, 20.81393 ], [ -104.3571, 20.81987 ], [ -104.36177, 20.84093 ], [ -104.33426, 20.84666 ], [ -104.31842, 20.83857 ], [ -104.30882, 20.84681 ], [ -104.29542, 20.8455 ], [ -104.29069, 20.86234 ], [ -104.27911, 20.86452 ], [ -104.29092, 20.8878 ], [ -104.26788, 20.88746 ], [ -104.22875, 20.93558 ], [ -104.22107, 20.94153 ], [ -104.20659, 20.93637 ], [ -104.20131, 20.95924 ], [ -104.23313, 20.96874 ], [ -104.23847, 20.99215 ], [ -104.2232, 21.00126 ], [ -104.24271, 21.02733 ], [ -104.22655, 21.0443 ], [ -104.22516, 21.05053 ], [ -104.23924, 21.05707 ], [ -104.23479, 21.06768 ], [ -104.22181, 21.07002 ], [ -104.22084, 21.10136 ], [ -104.21086, 21.1186 ], [ -104.2106, 21.13093 ], [ -104.22517, 21.15121 ], [ -104.2194, 21.17661 ], [ -104.20279, 21.19283 ], [ -104.15951, 21.18456 ], [ -104.12405, 21.19627 ], [ -104.11084, 21.1886 ], [ -104.10004, 21.20087 ], [ -104.0888, 21.19613 ], [ -104.08566, 21.20536 ], [ -104.08098, 21.18969 ], [ -104.06859, 21.18677 ], [ -104.06789, 21.1982 ], [ -104.05628, 21.19414 ], [ -104.05284, 21.20541 ], [ -104.04518, 21.1992 ], [ -104.03842, 21.20444 ], [ -104.02797, 21.19467 ], [ -104.02941, 21.20866 ], [ -104.02498, 21.21294 ], [ -104.02232, 21.20511 ], [ -104.01602, 21.20746 ], [ -104.01749, 21.2272 ], [ -104.00609, 21.22804 ], [ -104.00357, 21.23646 ], [ -103.97345, 21.25633 ], [ -103.95839, 21.25275 ], [ -103.94587, 21.23802 ], [ -103.92402, 21.23457 ], [ -103.93546, 21.25418 ], [ -103.93106, 21.26255 ], [ -103.91858, 21.24563 ], [ -103.9179, 21.23103 ], [ -103.90306, 21.23342 ], [ -103.89836, 21.22649 ], [ -103.89231, 21.23843 ], [ -103.87525, 21.23864 ], [ -103.86189, 21.24887 ], [ -103.84002, 21.23982 ], [ -103.81939, 21.24844 ], [ -103.825, 21.27126 ], [ -103.82035, 21.28104 ], [ -103.80357, 21.30031 ], [ -103.78064, 21.30851 ], [ -103.77612, 21.32167 ], [ -103.74935, 21.33671 ], [ -103.74133, 21.37406 ], [ -103.76733, 21.38843 ], [ -103.7569, 21.39986 ], [ -103.7644, 21.4103 ], [ -103.75131, 21.41751 ], [ -103.73127, 21.4159 ], [ -103.7209, 21.42543 ], [ -103.74203, 21.44156 ], [ -103.75294, 21.46609 ], [ -103.74936, 21.47449 ], [ -103.76913, 21.48302 ], [ -103.77819, 21.49208 ], [ -103.77413, 21.49838 ], [ -103.79108, 21.49775 ], [ -103.80042, 21.48719 ], [ -103.82371, 21.49305 ], [ -103.83213, 21.5134 ], [ -103.84929, 21.51453 ], [ -103.85992, 21.52475 ], [ -103.85627, 21.55237 ], [ -103.88165, 21.55214 ], [ -103.89258, 21.57414 ], [ -103.91923, 21.58199 ], [ -103.92319, 21.59057 ], [ -103.91237, 21.60805 ], [ -103.91908, 21.61625 ], [ -103.9077, 21.61868 ], [ -103.91183, 21.62983 ], [ -103.93025, 21.64191 ], [ -103.92134, 21.66837 ], [ -103.9124, 21.66897 ], [ -103.88772, 21.69782 ], [ -103.89591, 21.72774 ], [ -103.90279, 21.71626 ], [ -103.93183, 21.74338 ], [ -103.9317, 21.75132 ], [ -103.91613, 21.75577 ], [ -103.92175, 21.77033 ], [ -103.94408, 21.77682 ], [ -103.98445, 21.77258 ], [ -103.98915, 21.77986 ], [ -104.05225, 21.79476 ], [ -104.07624, 21.78972 ], [ -104.07986, 21.78241 ], [ -104.09332, 21.78456 ], [ -104.09844, 21.79282 ], [ -104.10946, 21.78733 ], [ -104.13038, 21.79045 ], [ -104.14653, 21.80643 ], [ -104.16175, 21.80984 ], [ -104.19071, 21.85106 ], [ -104.19496, 21.85041 ], [ -104.19664, 21.85053 ], [ -104.197, 21.85077 ], [ -104.17223, 21.87132 ], [ -104.18639, 21.86801 ], [ -104.20104, 21.89148 ], [ -104.20024, 21.90947 ], [ -104.17872, 21.93902 ], [ -104.1737, 21.96339 ], [ -104.17366, 21.97088 ], [ -104.19332, 21.98542 ], [ -104.24601, 21.96694 ], [ -104.27545, 21.98062 ], [ -104.28138, 21.99966 ], [ -104.29408, 22.00276 ], [ -104.30814, 21.98862 ], [ -104.32491, 21.98413 ], [ -104.32686, 21.97537 ], [ -104.37069, 21.97617 ], [ -104.36004, 22.01506 ], [ -104.36904, 22.02456 ], [ -104.36154, 22.05285 ], [ -104.37319, 22.10256 ], [ -104.36471, 22.11244 ], [ -104.35627, 22.16543 ], [ -104.33184, 22.19979 ], [ -104.34136, 22.20956 ], [ -104.3259, 22.23179 ], [ -104.32868, 22.24536 ], [ -104.29564, 22.27691 ], [ -104.28487, 22.29709 ], [ -104.29926, 22.32577 ], [ -104.29302, 22.33073 ], [ -104.29838, 22.34781 ], [ -104.27376, 22.34277 ], [ -104.25474, 22.34879 ], [ -104.25834, 22.38466 ], [ -104.24098, 22.41277 ], [ -104.22075, 22.4211 ], [ -104.20704, 22.4217 ], [ -104.19304, 22.39912 ], [ -104.1777, 22.38963 ], [ -104.16469, 22.39165 ], [ -104.17886, 22.42743 ], [ -104.16749, 22.44515 ], [ -104.1951, 22.44763 ], [ -104.19987, 22.45631 ], [ -104.18498, 22.46462 ], [ -104.18573, 22.47141 ], [ -104.18636, 22.47179 ], [ -104.18704, 22.46984 ], [ -104.18996, 22.46825 ], [ -104.1973, 22.47712 ], [ -104.20492, 22.47191 ], [ -104.19887, 22.48046 ], [ -104.20119, 22.48302 ], [ -104.21129, 22.48141 ], [ -104.21483, 22.48416 ], [ -104.2017, 22.48696 ], [ -104.19023, 22.50761 ], [ -104.17805, 22.5053 ], [ -104.16316, 22.51444 ], [ -104.15835, 22.50933 ], [ -104.15041, 22.51628 ], [ -104.14309, 22.50465 ], [ -104.11351, 22.49661 ], [ -104.12038, 22.51748 ], [ -104.10271, 22.53145 ], [ -104.07716, 22.53178 ], [ -104.0688, 22.522 ], [ -104.07171, 22.503 ], [ -104.05659, 22.4928 ], [ -104.05157, 22.46675 ], [ -104.06224, 22.45128 ], [ -104.06164, 22.4258 ], [ -104.07128, 22.42224 ], [ -104.07682, 22.40719 ], [ -104.07693, 22.37965 ], [ -104.09719, 22.37145 ], [ -104.09416, 22.35505 ], [ -104.07531, 22.36439 ], [ -104.06748, 22.36141 ], [ -104.04875, 22.37644 ], [ -104.01513, 22.36481 ], [ -104.00325, 22.38993 ], [ -104.00591, 22.40868 ], [ -103.98639, 22.41483 ], [ -103.97556, 22.43619 ], [ -103.96057, 22.43318 ], [ -103.95866, 22.45109 ], [ -103.94933, 22.46179 ], [ -103.93795, 22.46276 ], [ -103.93779, 22.4752 ], [ -103.92944, 22.47512 ], [ -103.93981, 22.48894 ], [ -103.93308, 22.48909 ], [ -103.93441, 22.49992 ], [ -103.96341, 22.50804 ], [ -103.9662, 22.51723 ], [ -103.98065, 22.5151 ], [ -103.99126, 22.52327 ], [ -103.98723, 22.52884 ], [ -104.00557, 22.5366 ], [ -103.99888, 22.5436 ], [ -103.97233, 22.54511 ], [ -104.00084, 22.56678 ], [ -103.99017, 22.57304 ], [ -103.98622, 22.5909 ], [ -104.01807, 22.59699 ], [ -104.02701, 22.61318 ], [ -104.03329, 22.63411 ], [ -104.01551, 22.66891 ], [ -104.03083, 22.67906 ], [ -104.03365, 22.6707 ], [ -104.04327, 22.67189 ], [ -104.05481, 22.67842 ], [ -104.04896, 22.68714 ], [ -104.06919, 22.69006 ], [ -104.07362, 22.69695 ], [ -104.06903, 22.70125 ], [ -104.05916, 22.69206 ], [ -104.06415, 22.70696 ], [ -104.04775, 22.71215 ], [ -104.05591, 22.72398 ], [ -104.03698, 22.72962 ], [ -104.02569, 22.74328 ] ] ] ] } },
{ "type": "Feature", "properties": { "CVEGEO": "15", "CVE_ENT": "15", "NOMGEO": "México" }, "geometry": { "type": "Polygon", "coordinates": [ [ [ -99.91237, 20.28563 ], [ -99.85954, 20.26463 ], [ -99.84189, 20.28188 ], [ -99.79042, 20.23799 ], [ -99.78807, 20.23003 ], [ -99.79524, 20.22774 ], [ -99.71937, 20.16714 ], [ -99.68208, 20.17059 ], [ -99.67695, 20.16247 ], [ -99.6694, 20.1793 ], [ -99.65973, 20.18082 ], [ -99.65508, 20.16309 ], [ -99.64099, 20.16423 ], [ -99.6306, 20.14569 ], [ -99.59956, 20.16967 ], [ -99.57626, 20.16209 ], [ -99.57142, 20.17022 ], [ -99.55066, 20.17139 ], [ -99.54829, 20.16313 ], [ -99.53349, 20.16206 ], [ -99.52593, 20.1733 ], [ -99.51224, 20.1751 ], [ -99.50183, 20.15329 ], [ -99.51813, 20.14567 ], [ -99.4835, 20.10097 ], [ -99.48101, 20.0822 ], [ -99.45976, 20.06546 ], [ -99.43685, 20.0013 ], [ -99.44466, 19.98475 ], [ -99.45514, 19.97972 ], [ -99.45024, 19.96425 ], [ -99.47776, 19.96057 ], [ -99.47362, 19.95444 ], [ -99.48398, 19.90518 ], [ -99.46388, 19.8926 ], [ -99.43593, 19.90313 ], [ -99.44521, 19.88432 ], [ -99.43041, 19.87088 ], [ -99.42678, 19.875 ], [ -99.41499, 19.85053 ], [ -99.39175, 19.85992 ], [ -99.37325, 19.85154 ], [ -99.38672, 19.81303 ], [ -99.37754, 19.79645 ], [ -99.39033, 19.78573 ], [ -99.38117, 19.78405 ], [ -99.38788, 19.77791 ], [ -99.38245, 19.7712 ], [ -99.37061, 19.78184 ], [ -99.34456, 19.77945 ], [ -99.33865, 19.80203 ], [ -99.32558, 19.7931 ], [ -99.3066, 19.79769 ], [ -99.31192, 19.81416 ], [ -99.29694, 19.83522 ], [ -99.27872, 19.84041 ], [ -99.26947, 19.85956 ], [ -99.24796, 19.85979 ], [ -99.24143, 19.87526 ], [ -99.2283, 19.87505 ], [ -99.21747, 19.89142 ], [ -99.22393, 19.902 ], [ -99.2056, 19.9275 ], [ -99.20922, 19.93244 ], [ -99.21152, 19.92429 ], [ -99.21857, 19.92724 ], [ -99.22776, 19.95107 ], [ -99.21539, 19.95461 ], [ -99.19692, 19.98483 ], [ -99.18921, 19.98482 ], [ -99.19005, 19.99396 ], [ -99.17722, 19.99314 ], [ -99.18, 19.99809 ], [ -99.16787, 20.00351 ], [ -99.1586, 20.02719 ], [ -99.08545, 20.03249 ], [ -99.07832, 20.0183 ], [ -99.06384, 20.01419 ], [ -99.06756, 19.98499 ], [ -99.05958, 19.974 ], [ -99.0585, 19.9884 ], [ -99.04765, 19.99516 ], [ -99.04943, 20.0077 ], [ -99.03134, 20.01485 ], [ -99.02742, 20.00165 ], [ -99.03451, 19.97177 ], [ -99.02766, 19.96456 ], [ -99.00412, 19.96495 ], [ -99.00755, 19.97916 ], [ -99.02155, 19.98701 ], [ -99.00527, 20.02894 ], [ -99.0105, 20.03548 ], [ -99.00564, 20.0532 ], [ -98.98898, 20.06826 ], [ -98.95869, 20.03957 ], [ -98.96398, 20.03124 ], [ -98.94665, 20.02748 ], [ -98.94273, 19.97907 ], [ -98.96622, 19.974 ], [ -98.98118, 19.95472 ], [ -98.99562, 19.95689 ], [ -98.99978, 19.94183 ], [ -98.98469, 19.94632 ], [ -98.98316, 19.93861 ], [ -98.95611, 19.92818 ], [ -98.95272, 19.90671 ], [ -98.96145, 19.89364 ], [ -98.95355, 19.88854 ], [ -98.96601, 19.89166 ], [ -99.02058, 19.86768 ], [ -99.00015, 19.83418 ], [ -99.0082, 19.8284 ], [ -98.95004, 19.79964 ], [ -98.92763, 19.84339 ], [ -98.91632, 19.83933 ], [ -98.90602, 19.84513 ], [ -98.90298, 19.85931 ], [ -98.90879, 19.85712 ], [ -98.9052, 19.86354 ], [ -98.91748, 19.86923 ], [ -98.91182, 19.88102 ], [ -98.90412, 19.88758 ], [ -98.89827, 19.88361 ], [ -98.89589, 19.89571 ], [ -98.88316, 19.90153 ], [ -98.8659, 19.89259 ], [ -98.85583, 19.90428 ], [ -98.84095, 19.89231 ], [ -98.84403, 19.88199 ], [ -98.79517, 19.85641 ], [ -98.78972, 19.86189 ], [ -98.79393, 19.87208 ], [ -98.78057, 19.88354 ], [ -98.73917, 19.87256 ], [ -98.71282, 19.8538 ], [ -98.69913, 19.85842 ], [ -98.68537, 19.85055 ], [ -98.67266, 19.86283 ], [ -98.67184, 19.85366 ], [ -98.69764, 19.83211 ], [ -98.67588, 19.81318 ], [ -98.67479, 19.8324 ], [ -98.66081, 19.83503 ], [ -98.6399, 19.81196 ], [ -98.63879, 19.80077 ], [ -98.62356, 19.79389 ], [ -98.62526, 19.78518 ], [ -98.61223, 19.78637 ], [ -98.61166, 19.77413 ], [ -98.59687, 19.76584 ], [ -98.6081, 19.72508 ], [ -98.6159, 19.72948 ], [ -98.63292, 19.72224 ], [ -98.62392, 19.69641 ], [ -98.6399, 19.67108 ], [ -98.61967, 19.66116 ], [ -98.64381, 19.64884 ], [ -98.66644, 19.66227 ], [ -98.67005, 19.65868 ], [ -98.6724, 19.62515 ], [ -98.66175, 19.61011 ], [ -98.67008, 19.59848 ], [ -98.68138, 19.59828 ], [ -98.68151, 19.58792 ], [ -98.69243, 19.58588 ], [ -98.68911, 19.57686 ], [ -98.70127, 19.57094 ], [ -98.7084, 19.5476 ], [ -98.6604, 19.4855 ], [ -98.65323, 19.46599 ], [ -98.66144, 19.45809 ], [ -98.63482, 19.43124 ], [ -98.63707, 19.42597 ], [ -98.6502, 19.43464 ], [ -98.66018, 19.43209 ], [ -98.66285, 19.403 ], [ -98.65554, 19.37345 ], [ -98.63808, 19.35891 ], [ -98.64448, 19.352 ], [ -98.66059, 19.35174 ], [ -98.66348, 19.32479 ], [ -98.62752, 19.25776 ], [ -98.64357, 19.23873 ], [ -98.64702, 19.18483 ], [ -98.63534, 19.14703 ], [ -98.63892, 19.1506 ], [ -98.64066, 19.12546 ], [ -98.62549, 19.11957 ], [ -98.63256, 19.10061 ], [ -98.62589, 19.08938 ], [ -98.6393, 19.07744 ], [ -98.62347, 19.06638 ], [ -98.6311, 19.05965 ], [ -98.62979, 19.0436 ], [ -98.61987, 19.03506 ], [ -98.62927, 19.01709 ], [ -98.66447, 19.00356 ], [ -98.71404, 18.94303 ], [ -98.78611, 18.9429 ], [ -98.79208, 18.93534 ], [ -98.81685, 18.94326 ], [ -98.82645, 18.95669 ], [ -98.83589, 18.95015 ], [ -98.85948, 18.96478 ], [ -98.85733, 18.97459 ], [ -98.87001, 18.99051 ], [ -98.87406, 19.0104 ], [ -98.87103, 19.02539 ], [ -98.90339, 19.03848 ], [ -98.9156, 19.06406 ], [ -98.94435, 19.06973 ], [ -98.95778, 19.06029 ], [ -98.979, 19.07446 ], [ -98.96572, 19.08586 ], [ -98.95906, 19.10428 ], [ -98.95751, 19.12238 ], [ -98.96646, 19.14387 ], [ -98.95463, 19.14952 ], [ -98.96737, 19.16444 ], [ -98.95239, 19.16864 ], [ -98.96769, 19.18974 ], [ -98.96853, 19.21057 ], [ -98.94255, 19.21561 ], [ -98.9403, 19.22324 ], [ -98.96859, 19.23222 ], [ -98.96599, 19.24994 ], [ -98.97653, 19.25313 ], [ -98.9579, 19.32323 ], [ -98.99456, 19.35814 ], [ -98.99194, 19.3676 ], [ -99.05814, 19.40069 ], [ -99.04646, 19.44236 ], [ -99.06799, 19.48908 ], [ -99.06386, 19.49878 ], [ -99.0974, 19.51263 ], [ -99.11441, 19.51106 ], [ -99.1259, 19.52121 ], [ -99.13057, 19.53609 ], [ -99.1081, 19.56489 ], [ -99.12371, 19.59276 ], [ -99.1581, 19.55735 ], [ -99.1609, 19.54926 ], [ -99.15108, 19.54485 ], [ -99.1568, 19.52809 ], [ -99.17601, 19.53204 ], [ -99.17705, 19.52933 ], [ -99.15718, 19.50285 ], [ -99.20926, 19.51241 ], [ -99.22112, 19.47507 ], [ -99.20717, 19.46957 ], [ -99.21997, 19.45288 ], [ -99.21813, 19.44411 ], [ -99.22963, 19.43737 ], [ -99.22233, 19.42695 ], [ -99.25813, 19.40476 ], [ -99.29559, 19.36908 ], [ -99.30348, 19.37783 ], [ -99.31309, 19.37045 ], [ -99.32848, 19.35309 ], [ -99.33384, 19.33059 ], [ -99.35661, 19.30668 ], [ -99.34999, 19.29684 ], [ -99.36492, 19.27777 ], [ -99.33916, 19.2677 ], [ -99.34234, 19.24112 ], [ -99.31534, 19.2292 ], [ -99.2787, 19.1317 ], [ -99.29508, 19.12293 ], [ -99.31832, 19.08742 ], [ -99.3177, 19.05339 ], [ -99.30857, 19.0403 ], [ -99.31749, 19.04013 ], [ -99.31176, 19.02465 ], [ -99.31967, 19.01127 ], [ -99.30847, 18.99401 ], [ -99.30872, 18.9588 ], [ -99.31716, 18.94 ], [ -99.3379, 18.9324 ], [ -99.36704, 18.894 ], [ -99.40665, 18.89519 ], [ -99.41096, 18.87818 ], [ -99.42935, 18.87757 ], [ -99.42589, 18.82643 ], [ -99.45097, 18.77252 ], [ -99.46332, 18.76719 ], [ -99.46724, 18.75189 ], [ -99.49387, 18.72082 ], [ -99.53643, 18.69375 ], [ -99.56978, 18.70551 ], [ -99.58169, 18.72175 ], [ -99.57972, 18.73518 ], [ -99.58991, 18.73931 ], [ -99.62287, 18.73984 ], [ -99.62112, 18.72593 ], [ -99.63091, 18.72055 ], [ -99.66146, 18.77131 ], [ -99.69722, 18.78634 ], [ -99.69474, 18.77677 ], [ -99.70916, 18.76884 ], [ -99.67197, 18.7135 ], [ -99.67956, 18.71133 ], [ -99.70473, 18.73493 ], [ -99.73703, 18.73983 ], [ -99.7391, 18.72828 ], [ -99.7583, 18.71128 ], [ -99.7549, 18.69739 ], [ -99.77242, 18.6862 ], [ -99.78431, 18.66234 ], [ -99.78332, 18.64237 ], [ -99.793, 18.63066 ], [ -99.81252, 18.64086 ], [ -99.81656, 18.625 ], [ -99.83048, 18.62757 ], [ -99.84836, 18.62026 ], [ -99.84762, 18.60549 ], [ -99.86374, 18.61786 ], [ -99.88846, 18.61866 ], [ -99.907, 18.60182 ], [ -99.94716, 18.58794 ], [ -99.96167, 18.55298 ], [ -99.98969, 18.5697 ], [ -100.0016, 18.56393 ], [ -99.9993, 18.58358 ], [ -100.02496, 18.60687 ], [ -100.0636, 18.5855 ], [ -100.07175, 18.59369 ], [ -100.08241, 18.58795 ], [ -100.07073, 18.58282 ], [ -100.06889, 18.56444 ], [ -100.08995, 18.52216 ], [ -100.12268, 18.51649 ], [ -100.11852, 18.50596 ], [ -100.12801, 18.5078 ], [ -100.13217, 18.49996 ], [ -100.13618, 18.50612 ], [ -100.14559, 18.48802 ], [ -100.15877, 18.49182 ], [ -100.16534, 18.47971 ], [ -100.1742, 18.48168 ], [ -100.17198, 18.47151 ], [ -100.18237, 18.46812 ], [ -100.18574, 18.45511 ], [ -100.20014, 18.45669 ], [ -100.20866, 18.44123 ], [ -100.20871, 18.44916 ], [ -100.21708, 18.44592 ], [ -100.23801, 18.42522 ], [ -100.2364, 18.41677 ], [ -100.25952, 18.42743 ], [ -100.27089, 18.37373 ], [ -100.29198, 18.38161 ], [ -100.30338, 18.36694 ], [ -100.34614, 18.40031 ], [ -100.35944, 18.42346 ], [ -100.38536, 18.42652 ], [ -100.362, 18.49685 ], [ -100.3737, 18.52911 ], [ -100.39595, 18.54052 ], [ -100.4291, 18.51005 ], [ -100.44936, 18.55656 ], [ -100.43694, 18.59647 ], [ -100.42973, 18.59927 ], [ -100.44651, 18.62247 ], [ -100.47429, 18.61922 ], [ -100.48703, 18.64035 ], [ -100.47834, 18.68686 ], [ -100.44713, 18.70158 ], [ -100.45037, 18.71605 ], [ -100.43713, 18.75056 ], [ -100.41809, 18.75951 ], [ -100.42776, 18.76662 ], [ -100.43063, 18.78325 ], [ -100.456, 18.77788 ], [ -100.45939, 18.79689 ], [ -100.48177, 18.79865 ], [ -100.49029, 18.7893 ], [ -100.49761, 18.80596 ], [ -100.48988, 18.81038 ], [ -100.49348, 18.82392 ], [ -100.53862, 18.84411 ], [ -100.54111, 18.83673 ], [ -100.58549, 18.85877 ], [ -100.59747, 18.87618 ], [ -100.60518, 18.87568 ], [ -100.6129, 18.89345 ], [ -100.60048, 18.89285 ], [ -100.60411, 18.89938 ], [ -100.58939, 18.90812 ], [ -100.59324, 18.91528 ], [ -100.57424, 18.91453 ], [ -100.57595, 18.92287 ], [ -100.5652, 18.91769 ], [ -100.56199, 18.93281 ], [ -100.54379, 18.9347 ], [ -100.54971, 18.94642 ], [ -100.54667, 18.96419 ], [ -100.5334, 18.9644 ], [ -100.53772, 18.98419 ], [ -100.52324, 18.99363 ], [ -100.52985, 19.00933 ], [ -100.51416, 19.00835 ], [ -100.49528, 19.02202 ], [ -100.48434, 19.02103 ], [ -100.47711, 19.03415 ], [ -100.46129, 19.03148 ], [ -100.45116, 19.04777 ], [ -100.44559, 19.04544 ], [ -100.44713, 19.05202 ], [ -100.41977, 19.06594 ], [ -100.41083, 19.0636 ], [ -100.40666, 19.10589 ], [ -100.39516, 19.11791 ], [ -100.38948, 19.14291 ], [ -100.36159, 19.15471 ], [ -100.37819, 19.1711 ], [ -100.37111, 19.1775 ], [ -100.37309, 19.19417 ], [ -100.33126, 19.23046 ], [ -100.31988, 19.25299 ], [ -100.32007, 19.29093 ], [ -100.3131, 19.29726 ], [ -100.32327, 19.3068 ], [ -100.30682, 19.32282 ], [ -100.30073, 19.34274 ], [ -100.31237, 19.36236 ], [ -100.29437, 19.38093 ], [ -100.29309, 19.39513 ], [ -100.23743, 19.40351 ], [ -100.21594, 19.41342 ], [ -100.18987, 19.4397 ], [ -100.20609, 19.45447 ], [ -100.20644, 19.47037 ], [ -100.20098, 19.49279 ], [ -100.17769, 19.49262 ], [ -100.20194, 19.49953 ], [ -100.19643, 19.53173 ], [ -100.2147, 19.55277 ], [ -100.23748, 19.55722 ], [ -100.25214, 19.6175 ], [ -100.24752, 19.63451 ], [ -100.27399, 19.67225 ], [ -100.26387, 19.69579 ], [ -100.2437, 19.70479 ], [ -100.23414, 19.72004 ], [ -100.2258, 19.71716 ], [ -100.22949, 19.70221 ], [ -100.20415, 19.70462 ], [ -100.19211, 19.69714 ], [ -100.18601, 19.71297 ], [ -100.17005, 19.71295 ], [ -100.16934, 19.70774 ], [ -100.15562, 19.72195 ], [ -100.15976, 19.72605 ], [ -100.14819, 19.72822 ], [ -100.14341, 19.74954 ], [ -100.14933, 19.76679 ], [ -100.14186, 19.78739 ], [ -100.1467, 19.81285 ], [ -100.13149, 19.85201 ], [ -100.10205, 19.85399 ], [ -100.09485, 19.86043 ], [ -100.06303, 19.85581 ], [ -100.0647, 19.86282 ], [ -100.10242, 19.87971 ], [ -100.11917, 19.9121 ], [ -100.13012, 19.91619 ], [ -100.13139, 19.982 ], [ -100.11602, 20.00613 ], [ -100.12524, 20.01218 ], [ -100.15508, 20.00744 ], [ -100.15332, 20.05367 ], [ -100.09134, 20.02426 ], [ -100.08882, 20.01502 ], [ -100.08134, 20.02885 ], [ -100.06563, 20.03136 ], [ -100.06173, 20.03879 ], [ -100.0438, 20.03657 ], [ -100.02762, 20.05658 ], [ -100.00564, 20.0642 ], [ -100.00035, 20.07748 ], [ -99.97847, 20.07405 ], [ -99.98019, 20.05915 ], [ -99.92634, 20.06433 ], [ -99.92377, 20.08413 ], [ -99.94221, 20.1201 ], [ -99.93075, 20.14313 ], [ -99.93621, 20.16252 ], [ -99.92718, 20.15714 ], [ -99.9219, 20.15874 ], [ -99.93521, 20.16525 ], [ -99.93714, 20.18173 ], [ -99.96523, 20.20116 ], [ -99.9645, 20.2163 ], [ -99.98646, 20.25707 ], [ -99.97681, 20.27226 ], [ -99.95626, 20.24842 ], [ -99.95093, 20.2159 ], [ -99.91841, 20.21179 ], [ -99.93408, 20.24999 ], [ -99.92847, 20.25022 ], [ -99.92955, 20.26846 ], [ -99.91237, 20.28563 ] ] ] } },
{ "type": "Feature", "properties": { "CVEGEO": "16", "CVE_ENT": "16", "NOMGEO": "Michoacán de Ocampo" }, "geometry": { "type": "Polygon", "coordinates": [ [ [ -102.01493, 20.39447 ], [ -102.01006, 20.38186 ], [ -102.02523, 20.34798 ], [ -102.0158, 20.3293 ], [ -102.00772, 20.32659 ], [ -102.00493, 20.33245 ], [ -102.0137, 20.35063 ], [ -101.99639, 20.35964 ], [ -101.96899, 20.36026 ], [ -101.96234, 20.34469 ], [ -101.94472, 20.34213 ], [ -101.94732, 20.33098 ], [ -101.96347, 20.31856 ], [ -101.94896, 20.31511 ], [ -101.95992, 20.30514 ], [ -101.93455, 20.29769 ], [ -101.94714, 20.28636 ], [ -101.93686, 20.28146 ], [ -101.95118, 20.27158 ], [ -101.93217, 20.24374 ], [ -101.93987, 20.22708 ], [ -101.93235, 20.22589 ], [ -101.9306, 20.20812 ], [ -101.91778, 20.21933 ], [ -101.90794, 20.21515 ], [ -101.9179, 20.19508 ], [ -101.89302, 20.20378 ], [ -101.88811, 20.18839 ], [ -101.87919, 20.18918 ], [ -101.88143, 20.2 ], [ -101.8716, 20.21099 ], [ -101.83387, 20.22479 ], [ -101.81965, 20.20867 ], [ -101.82486, 20.20184 ], [ -101.78662, 20.21932 ], [ -101.78231, 20.21075 ], [ -101.75939, 20.20173 ], [ -101.74351, 20.20391 ], [ -101.7312, 20.2148 ], [ -101.72594, 20.20562 ], [ -101.71062, 20.20531 ], [ -101.69793, 20.18967 ], [ -101.68692, 20.21722 ], [ -101.66847, 20.21314 ], [ -101.66331, 20.23758 ], [ -101.65458, 20.2435 ], [ -101.64625, 20.23867 ], [ -101.65093, 20.25348 ], [ -101.64252, 20.26765 ], [ -101.62553, 20.267 ], [ -101.62397, 20.27611 ], [ -101.63492, 20.28897 ], [ -101.62465, 20.31458 ], [ -101.60468, 20.30942 ], [ -101.60107, 20.29802 ], [ -101.60093, 20.31005 ], [ -101.58924, 20.3096 ], [ -101.5831, 20.32736 ], [ -101.56578, 20.31574 ], [ -101.55327, 20.33252 ], [ -101.53781, 20.32438 ], [ -101.52294, 20.33235 ], [ -101.52416, 20.32123 ], [ -101.51418, 20.31791 ], [ -101.50288, 20.32488 ], [ -101.50107, 20.31167 ], [ -101.48023, 20.33017 ], [ -101.46491, 20.32901 ], [ -101.45094, 20.3195 ], [ -101.4567, 20.30437 ], [ -101.4402, 20.30519 ], [ -101.44972, 20.29823 ], [ -101.44498, 20.28973 ], [ -101.45717, 20.28514 ], [ -101.45593, 20.26717 ], [ -101.43686, 20.26379 ], [ -101.43548, 20.27738 ], [ -101.42056, 20.2752 ], [ -101.39532, 20.24855 ], [ -101.36052, 20.24906 ], [ -101.35262, 20.23493 ], [ -101.3632, 20.19579 ], [ -101.41989, 20.20159 ], [ -101.4225, 20.16323 ], [ -101.4036, 20.14212 ], [ -101.39237, 20.14403 ], [ -101.38938, 20.13486 ], [ -101.39101, 20.12712 ], [ -101.40869, 20.12313 ], [ -101.4047, 20.0802 ], [ -101.38751, 20.08296 ], [ -101.40168, 20.03501 ], [ -101.38814, 20.03041 ], [ -101.37495, 20.04043 ], [ -101.33404, 20.03152 ], [ -101.29646, 20.03864 ], [ -101.28097, 20.02754 ], [ -101.25303, 20.0355 ], [ -101.25077, 20.02326 ], [ -101.23835, 20.03212 ], [ -101.22073, 20.01144 ], [ -101.20306, 20.00722 ], [ -101.20153, 20.02574 ], [ -101.18229, 20.02686 ], [ -101.16035, 20.0402 ], [ -101.19632, 20.05719 ], [ -101.17908, 20.06243 ], [ -101.17162, 20.07345 ], [ -101.17524, 20.09712 ], [ -101.15437, 20.08503 ], [ -101.13315, 20.05998 ], [ -101.11392, 20.07723 ], [ -101.07486, 20.08839 ], [ -101.02135, 20.08694 ], [ -100.99272, 20.06449 ], [ -101.01399, 20.04571 ], [ -101.0127, 20.03776 ], [ -101.00357, 20.03796 ], [ -101.00809, 20.02809 ], [ -100.98785, 20.02692 ], [ -100.96733, 20.00991 ], [ -100.97278, 20.00209 ], [ -100.9827, 20.00263 ], [ -100.97671, 19.98274 ], [ -101.00458, 19.96659 ], [ -101.00344, 19.95356 ], [ -100.98198, 19.95606 ], [ -100.97662, 19.93534 ], [ -100.96441, 19.92827 ], [ -100.94788, 19.93356 ], [ -100.94754, 19.96255 ], [ -100.93258, 19.95349 ], [ -100.90601, 19.96158 ], [ -100.88261, 19.94393 ], [ -100.86029, 19.94894 ], [ -100.85452, 19.93491 ], [ -100.83576, 19.9346 ], [ -100.83287, 19.9724 ], [ -100.8243, 19.97833 ], [ -100.79206, 19.95557 ], [ -100.77881, 19.91515 ], [ -100.74875, 19.91275 ], [ -100.71882, 19.94052 ], [ -100.68065, 19.95046 ], [ -100.66038, 19.96455 ], [ -100.64887, 19.958 ], [ -100.61757, 19.95769 ], [ -100.5956, 19.99166 ], [ -100.57671, 19.99306 ], [ -100.55789, 19.99172 ], [ -100.55678, 19.9853 ], [ -100.5657, 19.97453 ], [ -100.58759, 19.97139 ], [ -100.59308, 19.95828 ], [ -100.56548, 19.96614 ], [ -100.55072, 19.95797 ], [ -100.53393, 19.96921 ], [ -100.54063, 19.97493 ], [ -100.53182, 19.97639 ], [ -100.52678, 19.96576 ], [ -100.53601, 19.92301 ], [ -100.51995, 19.91882 ], [ -100.51169, 19.95822 ], [ -100.49818, 19.95804 ], [ -100.46246, 19.97927 ], [ -100.46582, 19.9874 ], [ -100.44358, 19.98229 ], [ -100.36293, 19.98986 ], [ -100.3704, 20.02127 ], [ -100.36051, 20.02396 ], [ -100.35497, 20.01012 ], [ -100.35826, 20.06492 ], [ -100.38975, 20.08082 ], [ -100.39726, 20.09695 ], [ -100.38529, 20.10451 ], [ -100.39151, 20.12103 ], [ -100.37089, 20.13619 ], [ -100.35584, 20.18239 ], [ -100.34031, 20.18974 ], [ -100.35234, 20.20046 ], [ -100.35524, 20.21902 ], [ -100.32356, 20.25193 ], [ -100.33107, 20.26676 ], [ -100.34409, 20.27294 ], [ -100.35066, 20.28841 ], [ -100.34583, 20.298 ], [ -100.26046, 20.26751 ], [ -100.24513, 20.25036 ], [ -100.18114, 20.2088 ], [ -100.19186, 20.176 ], [ -100.2356, 20.14346 ], [ -100.19739, 20.12989 ], [ -100.20294, 20.07665 ], [ -100.17983, 20.083 ], [ -100.18309, 20.07386 ], [ -100.17674, 20.07091 ], [ -100.16446, 20.07835 ], [ -100.15721, 20.07068 ], [ -100.16264, 20.06305 ], [ -100.1471, 20.05767 ], [ -100.13808, 20.04756 ], [ -100.13935, 20.04297 ], [ -100.14691, 20.05517 ], [ -100.15332, 20.05367 ], [ -100.1577, 20.01791 ], [ -100.15377, 20.00639 ], [ -100.12524, 20.01218 ], [ -100.11602, 20.00613 ], [ -100.13139, 19.982 ], [ -100.13012, 19.91619 ], [ -100.11917, 19.9121 ], [ -100.10242, 19.87971 ], [ -100.0647, 19.86282 ], [ -100.06303, 19.85581 ], [ -100.09485, 19.86043 ], [ -100.10205, 19.85399 ], [ -100.13149, 19.85201 ], [ -100.1467, 19.81285 ], [ -100.14186, 19.78739 ], [ -100.14933, 19.76679 ], [ -100.14341, 19.74954 ], [ -100.14819, 19.72822 ], [ -100.15976, 19.72605 ], [ -100.15562, 19.72195 ], [ -100.16934, 19.70774 ], [ -100.17005, 19.71295 ], [ -100.18601, 19.71297 ], [ -100.19025, 19.69819 ], [ -100.19211, 19.69714 ], [ -100.20415, 19.70462 ], [ -100.22949, 19.70221 ], [ -100.2258, 19.71716 ], [ -100.23414, 19.72004 ], [ -100.2437, 19.70479 ], [ -100.26387, 19.69579 ], [ -100.27399, 19.67225 ], [ -100.24752, 19.63451 ], [ -100.25214, 19.6175 ], [ -100.23748, 19.55722 ], [ -100.2147, 19.55277 ], [ -100.19643, 19.53173 ], [ -100.20194, 19.49953 ], [ -100.17769, 19.49262 ], [ -100.20098, 19.49279 ], [ -100.20644, 19.47037 ], [ -100.20609, 19.45447 ], [ -100.18987, 19.4397 ], [ -100.21594, 19.41342 ], [ -100.23743, 19.40351 ], [ -100.29309, 19.39513 ], [ -100.29437, 19.38093 ], [ -100.31237, 19.36236 ], [ -100.30073, 19.34274 ], [ -100.30682, 19.32282 ], [ -100.32327, 19.3068 ], [ -100.3131, 19.29726 ], [ -100.32007, 19.29093 ], [ -100.31988, 19.25299 ], [ -100.33126, 19.23046 ], [ -100.37309, 19.19417 ], [ -100.37111, 19.1775 ], [ -100.37819, 19.1711 ], [ -100.36159, 19.15471 ], [ -100.38948, 19.14291 ], [ -100.39516, 19.11791 ], [ -100.40666, 19.10589 ], [ -100.41083, 19.0636 ], [ -100.41977, 19.06594 ], [ -100.44713, 19.05202 ], [ -100.44559, 19.04544 ], [ -100.45116, 19.04777 ], [ -100.46129, 19.03148 ], [ -100.47711, 19.03415 ], [ -100.48434, 19.02103 ], [ -100.49528, 19.02202 ], [ -100.51416, 19.00835 ], [ -100.52985, 19.00933 ], [ -100.52324, 18.99363 ], [ -100.53772, 18.98419 ], [ -100.5334, 18.9644 ], [ -100.54667, 18.96419 ], [ -100.54971, 18.94642 ], [ -100.54379, 18.9347 ], [ -100.56199, 18.93281 ], [ -100.5652, 18.91769 ], [ -100.57595, 18.92287 ], [ -100.57424, 18.91453 ], [ -100.59324, 18.91528 ], [ -100.58939, 18.90812 ], [ -100.60411, 18.89938 ], [ -100.60048, 18.89285 ], [ -100.6129, 18.89345 ], [ -100.62225, 18.86684 ], [ -100.64084, 18.86591 ], [ -100.64341, 18.84888 ], [ -100.66608, 18.83425 ], [ -100.67293, 18.8248 ], [ -100.66685, 18.81938 ], [ -100.68, 18.81723 ], [ -100.69607, 18.79413 ], [ -100.70584, 18.79641 ], [ -100.70276, 18.82376 ], [ -100.71197, 18.82591 ], [ -100.70956, 18.83585 ], [ -100.73637, 18.85131 ], [ -100.73683, 18.86051 ], [ -100.7462, 18.85798 ], [ -100.7484, 18.86793 ], [ -100.77692, 18.85975 ], [ -100.79177, 18.83417 ], [ -100.78252, 18.80165 ], [ -100.79897, 18.78454 ], [ -100.79016, 18.76144 ], [ -100.79691, 18.74627 ], [ -100.78178, 18.74511 ], [ -100.77294, 18.73257 ], [ -100.78541, 18.69148 ], [ -100.78352, 18.68703 ], [ -100.77028, 18.69271 ], [ -100.76128, 18.67599 ], [ -100.7601, 18.64163 ], [ -100.75121, 18.64167 ], [ -100.7649, 18.56121 ], [ -100.74423, 18.51807 ], [ -100.72999, 18.51972 ], [ -100.70954, 18.49598 ], [ -100.70747, 18.48823 ], [ -100.71504, 18.4864 ], [ -100.70461, 18.48332 ], [ -100.69779, 18.49064 ], [ -100.64798, 18.45741 ], [ -100.63724, 18.45775 ], [ -100.63149, 18.43847 ], [ -100.5907, 18.41546 ], [ -100.60874, 18.37919 ], [ -100.62694, 18.37565 ], [ -100.64587, 18.34615 ], [ -100.67669, 18.37256 ], [ -100.67495, 18.38362 ], [ -100.68932, 18.39394 ], [ -100.69105, 18.41415 ], [ -100.70704, 18.419 ], [ -100.72273, 18.40045 ], [ -100.73737, 18.4273 ], [ -100.75136, 18.42577 ], [ -100.77764, 18.43954 ], [ -100.79818, 18.48054 ], [ -100.83848, 18.47307 ], [ -100.85917, 18.47839 ], [ -100.87398, 18.49201 ], [ -100.89437, 18.46314 ], [ -100.91452, 18.47175 ], [ -100.92299, 18.44416 ], [ -100.94275, 18.45508 ], [ -100.95359, 18.44508 ], [ -100.96311, 18.44573 ], [ -100.9639, 18.47183 ], [ -100.98466, 18.48909 ], [ -101.00488, 18.49222 ], [ -101.012, 18.52754 ], [ -101.03797, 18.52621 ], [ -101.08866, 18.50591 ], [ -101.12027, 18.50926 ], [ -101.13151, 18.51749 ], [ -101.14279, 18.51053 ], [ -101.16821, 18.52102 ], [ -101.19157, 18.51783 ], [ -101.2119, 18.53642 ], [ -101.27001, 18.53516 ], [ -101.28208, 18.54473 ], [ -101.29896, 18.53313 ], [ -101.36188, 18.52022 ], [ -101.3656, 18.49988 ], [ -101.37859, 18.50985 ], [ -101.39492, 18.50613 ], [ -101.40688, 18.51251 ], [ -101.41758, 18.49755 ], [ -101.43215, 18.50168 ], [ -101.44195, 18.48899 ], [ -101.45742, 18.49735 ], [ -101.46802, 18.48694 ], [ -101.50648, 18.48669 ], [ -101.58356, 18.52099 ], [ -101.60509, 18.5746 ], [ -101.6245, 18.59915 ], [ -101.63899, 18.60253 ], [ -101.70118, 18.58789 ], [ -101.71736, 18.61201 ], [ -101.77179, 18.60372 ], [ -101.84384, 18.5744 ], [ -101.88226, 18.53423 ], [ -101.88793, 18.4815 ], [ -101.86044, 18.44619 ], [ -101.87376, 18.43749 ], [ -101.88932, 18.40047 ], [ -101.87303, 18.3843 ], [ -101.87405, 18.36835 ], [ -101.86157, 18.35647 ], [ -101.8708, 18.33177 ], [ -101.85572, 18.31428 ], [ -101.8702, 18.30832 ], [ -101.86269, 18.28723 ], [ -101.88292, 18.27744 ], [ -101.86325, 18.26166 ], [ -101.88304, 18.26242 ], [ -101.89682, 18.27712 ], [ -101.90712, 18.26118 ], [ -101.90665, 18.24481 ], [ -101.92797, 18.23161 ], [ -101.97341, 18.23231 ], [ -101.97648, 18.20802 ], [ -102.01906, 18.20212 ], [ -102.03868, 18.2082 ], [ -102.05737, 18.19515 ], [ -102.14031, 18.18826 ], [ -102.16182, 18.16415 ], [ -102.16321, 18.14478 ], [ -102.17871, 18.12034 ], [ -102.18131, 18.00332 ], [ -102.17328, 17.98964 ], [ -102.13755, 17.96968 ], [ -102.13299, 17.95084 ], [ -102.1378, 17.93529 ], [ -102.19178, 17.91337 ], [ -102.30918, 17.96949 ], [ -102.48042, 18.01737 ], [ -102.51871, 18.02146 ], [ -102.61105, 18.04853 ], [ -102.64964, 18.04933 ], [ -102.6735, 18.0592 ], [ -102.69924, 18.05514 ], [ -102.71895, 18.06102 ], [ -102.72517, 18.07032 ], [ -102.74426, 18.06704 ], [ -102.74811, 18.07494 ], [ -102.75913, 18.06988 ], [ -102.76339, 18.07777 ], [ -102.78967, 18.08286 ], [ -103.02836, 18.18675 ], [ -103.06293, 18.19413 ], [ -103.07008, 18.18895 ], [ -103.10952, 18.19021 ], [ -103.11758, 18.2027 ], [ -103.1466, 18.20035 ], [ -103.18628, 18.22182 ], [ -103.20633, 18.2223 ], [ -103.21233, 18.23204 ], [ -103.23511, 18.23057 ], [ -103.29184, 18.24712 ], [ -103.30813, 18.26069 ], [ -103.33961, 18.27076 ], [ -103.36139, 18.26455 ], [ -103.37656, 18.28106 ], [ -103.38917, 18.27969 ], [ -103.39743, 18.2893 ], [ -103.40378, 18.28638 ], [ -103.41473, 18.2969 ], [ -103.49337, 18.32864 ], [ -103.49454, 18.33633 ], [ -103.51227, 18.34637 ], [ -103.51362, 18.36256 ], [ -103.53006, 18.38329 ], [ -103.52942, 18.40495 ], [ -103.58309, 18.50591 ], [ -103.6699, 18.57925 ], [ -103.71188, 18.59701 ], [ -103.69028, 18.61244 ], [ -103.68621, 18.62864 ], [ -103.70989, 18.66296 ], [ -103.73791, 18.68402 ], [ -103.73798, 18.69407 ], [ -103.71893, 18.71043 ], [ -103.7003, 18.75436 ], [ -103.68544, 18.75729 ], [ -103.67902, 18.77321 ], [ -103.63798, 18.78321 ], [ -103.62003, 18.80138 ], [ -103.6262, 18.83097 ], [ -103.61719, 18.84285 ], [ -103.64057, 18.86724 ], [ -103.63028, 18.88532 ], [ -103.61556, 18.89242 ], [ -103.60253, 18.8816 ], [ -103.59629, 18.88395 ], [ -103.58758, 18.86585 ], [ -103.58234, 18.87562 ], [ -103.57324, 18.87133 ], [ -103.55807, 18.90658 ], [ -103.53204, 18.90543 ], [ -103.53362, 18.92704 ], [ -103.51411, 18.93493 ], [ -103.52232, 18.94852 ], [ -103.50637, 18.94823 ], [ -103.50292, 18.95779 ], [ -103.5086, 18.96367 ], [ -103.4912, 18.95836 ], [ -103.4731, 18.99107 ], [ -103.46313, 18.97702 ], [ -103.41945, 18.98125 ], [ -103.41143, 18.96766 ], [ -103.39442, 18.96741 ], [ -103.37725, 18.98017 ], [ -103.33249, 18.97325 ], [ -103.22539, 19.02412 ], [ -103.2174, 19.00353 ], [ -103.20952, 19.00299 ], [ -103.20447, 18.96761 ], [ -103.17336, 18.93626 ], [ -103.14963, 18.92594 ], [ -103.12502, 18.93014 ], [ -103.08811, 18.98411 ], [ -103.0525, 18.99813 ], [ -103.06377, 19.00567 ], [ -103.06324, 19.02785 ], [ -103.05056, 19.0356 ], [ -103.03324, 19.02912 ], [ -103.02521, 19.0531 ], [ -102.99084, 19.05338 ], [ -103.01601, 19.07919 ], [ -103.01946, 19.10384 ], [ -103.01202, 19.1092 ], [ -103.01973, 19.13237 ], [ -103.00446, 19.13757 ], [ -102.97762, 19.12006 ], [ -102.97936, 19.15241 ], [ -102.9601, 19.17406 ], [ -102.93615, 19.17362 ], [ -102.93513, 19.18203 ], [ -102.91507, 19.17937 ], [ -102.88643, 19.20439 ], [ -102.86538, 19.21129 ], [ -102.8626, 19.20323 ], [ -102.84564, 19.19905 ], [ -102.83142, 19.21464 ], [ -102.82443, 19.20569 ], [ -102.80836, 19.22326 ], [ -102.79376, 19.22541 ], [ -102.79024, 19.24246 ], [ -102.75382, 19.25581 ], [ -102.73772, 19.2422 ], [ -102.71272, 19.23581 ], [ -102.69659, 19.24881 ], [ -102.70069, 19.22454 ], [ -102.66992, 19.21241 ], [ -102.63821, 19.26266 ], [ -102.6431, 19.27834 ], [ -102.63272, 19.30698 ], [ -102.61118, 19.3228 ], [ -102.60106, 19.36449 ], [ -102.5688, 19.41263 ], [ -102.57679, 19.42391 ], [ -102.56508, 19.43516 ], [ -102.55104, 19.42538 ], [ -102.54372, 19.42958 ], [ -102.55924, 19.43688 ], [ -102.54769, 19.43949 ], [ -102.5587, 19.447 ], [ -102.56858, 19.44548 ], [ -102.5633, 19.46493 ], [ -102.54271, 19.47803 ], [ -102.54908, 19.49242 ], [ -102.57594, 19.49806 ], [ -102.57186, 19.51119 ], [ -102.58186, 19.52826 ], [ -102.62053, 19.49877 ], [ -102.65753, 19.48724 ], [ -102.67093, 19.49063 ], [ -102.67302, 19.512 ], [ -102.68949, 19.51342 ], [ -102.72373, 19.49318 ], [ -102.73806, 19.49336 ], [ -102.73097, 19.51054 ], [ -102.72458, 19.50912 ], [ -102.71752, 19.51947 ], [ -102.71066, 19.54107 ], [ -102.71845, 19.55032 ], [ -102.71352, 19.56326 ], [ -102.72036, 19.57962 ], [ -102.72604, 19.57903 ], [ -102.71593, 19.60294 ], [ -102.72609, 19.61314 ], [ -102.74757, 19.61278 ], [ -102.76086, 19.62753 ], [ -102.77585, 19.62771 ], [ -102.78419, 19.65209 ], [ -102.7926, 19.65455 ], [ -102.7912, 19.67319 ], [ -102.80566, 19.67484 ], [ -102.78048, 19.70432 ], [ -102.8108, 19.74102 ], [ -102.80393, 19.75216 ], [ -102.81627, 19.74991 ], [ -102.80861, 19.75956 ], [ -102.81281, 19.77595 ], [ -102.81953, 19.77794 ], [ -102.79231, 19.81412 ], [ -102.75908, 19.80798 ], [ -102.7394, 19.81583 ], [ -102.75333, 19.83412 ], [ -102.73035, 19.85321 ], [ -102.73477, 19.87452 ], [ -102.74249, 19.87876 ], [ -102.73122, 19.89951 ], [ -102.77063, 19.92987 ], [ -102.78404, 19.95124 ], [ -102.77687, 19.96015 ], [ -102.79401, 19.95029 ], [ -102.82197, 19.96458 ], [ -102.88205, 19.97577 ], [ -102.8821, 19.96959 ], [ -102.90262, 19.96686 ], [ -102.92627, 19.98419 ], [ -102.94362, 19.98413 ], [ -102.95121, 19.99656 ], [ -102.99381, 19.98389 ], [ -103.01548, 19.95975 ], [ -103.02522, 19.96049 ], [ -103.0515, 19.99161 ], [ -103.0357, 20.02941 ], [ -103.02439, 20.03331 ], [ -103.02652, 20.04934 ], [ -103.02072, 20.04731 ], [ -103.04171, 20.09064 ], [ -103.03282, 20.11136 ], [ -103.04259, 20.1152 ], [ -103.04415, 20.12412 ], [ -103.03133, 20.12675 ], [ -103.03246, 20.13645 ], [ -103.00482, 20.1382 ], [ -102.99839, 20.12596 ], [ -102.97058, 20.1254 ], [ -102.95958, 20.14124 ], [ -102.94203, 20.12883 ], [ -102.92645, 20.12958 ], [ -102.9245, 20.13626 ], [ -102.954, 20.16657 ], [ -102.94017, 20.17168 ], [ -102.88688, 20.15881 ], [ -102.86595, 20.16236 ], [ -102.85231, 20.14925 ], [ -102.85499, 20.13671 ], [ -102.84067, 20.11611 ], [ -102.81629, 20.10605 ], [ -102.80187, 20.12303 ], [ -102.81925, 20.13683 ], [ -102.8152, 20.13926 ], [ -102.77615, 20.13845 ], [ -102.73023, 20.16662 ], [ -102.67972, 20.1715 ], [ -102.68537, 20.21801 ], [ -102.67903, 20.22691 ], [ -102.66088, 20.23155 ], [ -102.6412, 20.22345 ], [ -102.62733, 20.22939 ], [ -102.61015, 20.26909 ], [ -102.59049, 20.25847 ], [ -102.56668, 20.26562 ], [ -102.56458, 20.27816 ], [ -102.55498, 20.26069 ], [ -102.54412, 20.28056 ], [ -102.52928, 20.27062 ], [ -102.52008, 20.28042 ], [ -102.53002, 20.29622 ], [ -102.50896, 20.30136 ], [ -102.50544, 20.31586 ], [ -102.49063, 20.3086 ], [ -102.481, 20.32491 ], [ -102.45486, 20.32897 ], [ -102.44739, 20.33849 ], [ -102.3667, 20.3278 ], [ -102.32722, 20.34948 ], [ -102.31609, 20.34459 ], [ -102.3066, 20.35816 ], [ -102.29206, 20.35298 ], [ -102.28986, 20.34084 ], [ -102.28409, 20.34556 ], [ -102.25416, 20.33527 ], [ -102.22181, 20.34407 ], [ -102.20812, 20.35668 ], [ -102.19661, 20.3505 ], [ -102.17537, 20.35597 ], [ -102.17702, 20.36815 ], [ -102.15816, 20.36696 ], [ -102.16817, 20.37874 ], [ -102.1349, 20.37566 ], [ -102.13157, 20.38113 ], [ -102.10886, 20.37805 ], [ -102.08731, 20.38489 ], [ -102.06503, 20.37492 ], [ -102.02265, 20.38089 ], [ -102.01493, 20.39447 ] ] ] } },
{ "type": "Feature", "properties": { "CVEGEO": "17", "CVE_ENT": "17", "NOMGEO": "Morelos" }, "geometry": { "type": "Polygon", "coordinates": [ [ [ -99.13538, 19.0893 ], [ -99.0598, 19.04824 ], [ -99.04321, 19.07576 ], [ -99.02899, 19.08537 ], [ -98.98359, 19.07876 ], [ -98.95778, 19.06029 ], [ -98.94435, 19.06973 ], [ -98.9156, 19.06406 ], [ -98.90339, 19.03848 ], [ -98.87103, 19.02539 ], [ -98.87406, 19.0104 ], [ -98.87001, 18.99051 ], [ -98.85733, 18.97459 ], [ -98.85948, 18.96478 ], [ -98.83589, 18.95015 ], [ -98.82645, 18.95669 ], [ -98.81685, 18.94326 ], [ -98.79208, 18.93534 ], [ -98.78611, 18.9429 ], [ -98.71404, 18.94303 ], [ -98.66447, 19.00356 ], [ -98.63295, 19.01555 ], [ -98.64961, 18.99958 ], [ -98.67363, 18.95167 ], [ -98.67809, 18.92372 ], [ -98.70734, 18.90286 ], [ -98.71347, 18.86724 ], [ -98.69776, 18.87695 ], [ -98.70031, 18.8938 ], [ -98.68141, 18.90717 ], [ -98.66593, 18.90604 ], [ -98.66486, 18.88767 ], [ -98.68198, 18.87596 ], [ -98.70715, 18.8218 ], [ -98.72795, 18.80551 ], [ -98.73386, 18.77808 ], [ -98.75349, 18.74297 ], [ -98.73867, 18.73717 ], [ -98.72894, 18.74524 ], [ -98.71591, 18.73919 ], [ -98.72399, 18.71907 ], [ -98.74188, 18.70218 ], [ -98.7199, 18.65595 ], [ -98.71143, 18.61645 ], [ -98.71984, 18.60071 ], [ -98.71257, 18.58796 ], [ -98.71667, 18.56592 ], [ -98.70275, 18.53879 ], [ -98.71336, 18.52056 ], [ -98.70194, 18.51219 ], [ -98.70733, 18.49285 ], [ -98.69897, 18.49498 ], [ -98.71042, 18.46807 ], [ -98.7067, 18.44511 ], [ -98.72695, 18.43953 ], [ -98.73808, 18.45574 ], [ -98.75219, 18.45392 ], [ -98.761, 18.47545 ], [ -98.78677, 18.48463 ], [ -98.81056, 18.51931 ], [ -98.82777, 18.52389 ], [ -98.84034, 18.51277 ], [ -98.83645, 18.49458 ], [ -98.85041, 18.47803 ], [ -98.87058, 18.4792 ], [ -98.91222, 18.46212 ], [ -98.90541, 18.45974 ], [ -98.91517, 18.45782 ], [ -98.91932, 18.43196 ], [ -98.93515, 18.4229 ], [ -98.95143, 18.41763 ], [ -98.98537, 18.42115 ], [ -98.98794, 18.39706 ], [ -99.00093, 18.38826 ], [ -99.01818, 18.38778 ], [ -99.03144, 18.36494 ], [ -99.05877, 18.34886 ], [ -99.06479, 18.33237 ], [ -99.07599, 18.34284 ], [ -99.0663, 18.36778 ], [ -99.07284, 18.37731 ], [ -99.08126, 18.37311 ], [ -99.07854, 18.38707 ], [ -99.08955, 18.39999 ], [ -99.10052, 18.40119 ], [ -99.11066, 18.41907 ], [ -99.12831, 18.42731 ], [ -99.1244, 18.44124 ], [ -99.1361, 18.44919 ], [ -99.14109, 18.47524 ], [ -99.14241, 18.46529 ], [ -99.15613, 18.46635 ], [ -99.18132, 18.44842 ], [ -99.17791, 18.42475 ], [ -99.20667, 18.44743 ], [ -99.20542, 18.45659 ], [ -99.24601, 18.45643 ], [ -99.24761, 18.451 ], [ -99.32837, 18.45954 ], [ -99.32826, 18.48883 ], [ -99.35268, 18.48598 ], [ -99.34345, 18.46713 ], [ -99.3574, 18.46767 ], [ -99.36295, 18.49903 ], [ -99.39027, 18.52568 ], [ -99.4078, 18.55607 ], [ -99.42288, 18.56207 ], [ -99.4197, 18.59034 ], [ -99.44049, 18.59746 ], [ -99.4412, 18.61257 ], [ -99.45389, 18.6099 ], [ -99.49441, 18.72054 ], [ -99.46724, 18.75189 ], [ -99.46332, 18.76719 ], [ -99.45097, 18.77252 ], [ -99.42589, 18.82643 ], [ -99.42935, 18.87757 ], [ -99.41096, 18.87818 ], [ -99.40665, 18.89519 ], [ -99.36704, 18.894 ], [ -99.3379, 18.9324 ], [ -99.31716, 18.94 ], [ -99.31304, 18.94812 ], [ -99.30847, 18.99401 ], [ -99.31967, 19.01127 ], [ -99.31176, 19.02465 ], [ -99.31891, 19.03107 ], [ -99.31749, 19.04013 ], [ -99.30857, 19.0403 ], [ -99.3177, 19.05339 ], [ -99.31832, 19.08742 ], [ -99.29508, 19.12293 ], [ -99.2787, 19.1317 ], [ -99.22678, 19.09606 ], [ -99.13538, 19.0893 ] ] ] } },
{ "type": "Feature", "properties": { "CVEGEO": "18", "CVE_ENT": "18", "NOMGEO": "Nayarit" }, "geometry": { "type": "MultiPolygon", "coordinates": [ [ [ [ -105.27474, 21.0473 ], [ -105.27134, 21.04925 ], [ -105.27183, 21.04638 ], [ -105.27474, 21.0473 ] ] ], [ [ [ -106.22814, 21.33259 ], [ -106.22221, 21.32143 ], [ -106.22714, 21.32199 ], [ -106.22979, 21.29186 ], [ -106.23721, 21.29974 ], [ -106.24199, 21.29282 ], [ -106.25668, 21.29292 ], [ -106.27913, 21.31461 ], [ -106.25826, 21.33479 ], [ -106.22814, 21.33259 ] ] ], [ [ [ -106.46054, 21.49455 ], [ -106.3712, 21.48068 ], [ -106.35864, 21.45527 ], [ -106.38033, 21.4484 ], [ -106.38637, 21.41975 ], [ -106.41258, 21.42284 ], [ -106.42209, 21.43287 ], [ -106.44531, 21.43562 ], [ -106.46876, 21.45128 ], [ -106.48031, 21.44961 ], [ -106.49401, 21.4662 ], [ -106.46054, 21.49455 ] ] ], [ [ [ -106.66056, 21.69254 ], [ -106.59824, 21.69033 ], [ -106.53631, 21.65808 ], [ -106.53714, 21.63284 ], [ -106.5057, 21.60335 ], [ -106.51562, 21.58593 ], [ -106.51185, 21.57046 ], [ -106.52113, 21.56701 ], [ -106.5322, 21.54477 ], [ -106.54168, 21.54431 ], [ -106.53764, 21.55562 ], [ -106.54623, 21.56321 ], [ -106.62897, 21.59861 ], [ -106.62951, 21.61847 ], [ -106.65608, 21.65587 ], [ -106.64687, 21.66693 ], [ -106.66056, 21.69254 ] ] ], [ [ [ -106.67321, 21.77485 ], [ -106.65772, 21.73945 ], [ -106.67696, 21.7286 ], [ -106.68773, 21.75937 ], [ -106.68165, 21.75871 ], [ -106.67321, 21.77485 ] ] ], [ [ [ -105.88968, 21.85417 ], [ -105.88172, 21.85038 ], [ -105.88027, 21.84673 ], [ -105.88028, 21.84255 ], [ -105.88737, 21.84081 ], [ -105.88968, 21.85417 ] ] ], [ [ [ -105.38357, 23.08174 ], [ -105.35832, 23.07392 ], [ -105.35794, 23.0632 ], [ -105.35047, 23.06058 ], [ -105.35878, 23.04626 ], [ -105.3508, 23.03563 ], [ -105.35386, 23.01978 ], [ -105.3337, 22.99468 ], [ -105.34305, 22.96816 ], [ -105.33085, 22.96317 ], [ -105.33414, 22.95341 ], [ -105.32357, 22.94133 ], [ -105.2977, 22.95416 ], [ -105.07602, 22.95964 ], [ -105.00314, 22.97698 ], [ -105.00834, 22.96846 ], [ -104.99689, 22.952 ], [ -105.01004, 22.92236 ], [ -105.00005, 22.9089 ], [ -105.00507, 22.90355 ], [ -104.9878, 22.88825 ], [ -104.98841, 22.83605 ], [ -104.95897, 22.8136 ], [ -104.95172, 22.82183 ], [ -104.9405, 22.81616 ], [ -104.93423, 22.82731 ], [ -104.91839, 22.81978 ], [ -104.90558, 22.79958 ], [ -104.91338, 22.79049 ], [ -104.91564, 22.74854 ], [ -104.89272, 22.73741 ], [ -105.0573, 22.68809 ], [ -105.06842, 22.67841 ], [ -105.07237, 22.6565 ], [ -105.00755, 22.58567 ], [ -104.98791, 22.49873 ], [ -104.96053, 22.50531 ], [ -104.86249, 22.60707 ], [ -104.8584, 22.64833 ], [ -104.84012, 22.65114 ], [ -104.81468, 22.63425 ], [ -104.80402, 22.64034 ], [ -104.80426, 22.64874 ], [ -104.78892, 22.64797 ], [ -104.77409, 22.63255 ], [ -104.77981, 22.60335 ], [ -104.77538, 22.5842 ], [ -104.73705, 22.5581 ], [ -104.7198, 22.56905 ], [ -104.70874, 22.55462 ], [ -104.67, 22.56526 ], [ -104.65575, 22.54007 ], [ -104.65529, 22.46215 ], [ -104.60256, 22.46051 ], [ -104.60544, 22.44546 ], [ -104.59308, 22.41195 ], [ -104.5748, 22.39487 ], [ -104.55125, 22.38887 ], [ -104.53591, 22.3648 ], [ -104.51866, 22.3606 ], [ -104.50651, 22.34516 ], [ -104.48121, 22.35162 ], [ -104.49499, 22.36053 ], [ -104.48786, 22.36891 ], [ -104.49539, 22.37632 ], [ -104.37151, 22.42166 ], [ -104.34884, 22.40972 ], [ -104.35004, 22.38641 ], [ -104.29313, 22.36513 ], [ -104.28574, 22.35637 ], [ -104.29274, 22.34397 ], [ -104.29838, 22.34781 ], [ -104.29302, 22.33073 ], [ -104.29953, 22.32709 ], [ -104.28487, 22.29709 ], [ -104.29564, 22.27691 ], [ -104.32868, 22.24536 ], [ -104.3259, 22.23179 ], [ -104.34136, 22.20956 ], [ -104.33184, 22.19979 ], [ -104.35627, 22.16543 ], [ -104.36471, 22.11244 ], [ -104.37319, 22.10256 ], [ -104.36154, 22.05285 ], [ -104.36904, 22.02456 ], [ -104.36004, 22.01506 ], [ -104.36986, 21.97478 ], [ -104.33592, 21.97982 ], [ -104.32686, 21.97537 ], [ -104.32491, 21.98413 ], [ -104.30814, 21.98862 ], [ -104.29408, 22.00276 ], [ -104.28138, 21.99966 ], [ -104.27545, 21.98062 ], [ -104.24601, 21.96694 ], [ -104.19332, 21.98542 ], [ -104.17366, 21.97088 ], [ -104.1737, 21.96339 ], [ -104.17872, 21.93902 ], [ -104.20024, 21.90947 ], [ -104.20104, 21.89148 ], [ -104.18639, 21.86801 ], [ -104.17223, 21.87132 ], [ -104.197, 21.85077 ], [ -104.19071, 21.85106 ], [ -104.16175, 21.80984 ], [ -104.14653, 21.80643 ], [ -104.13038, 21.79045 ], [ -104.10946, 21.78733 ], [ -104.09844, 21.79282 ], [ -104.09332, 21.78456 ], [ -104.07986, 21.78241 ], [ -104.07624, 21.78972 ], [ -104.05225, 21.79476 ], [ -103.98915, 21.77986 ], [ -103.97776, 21.77133 ], [ -103.94451, 21.77682 ], [ -103.92348, 21.7718 ], [ -103.91613, 21.75577 ], [ -103.9317, 21.75132 ], [ -103.93183, 21.74338 ], [ -103.90279, 21.71626 ], [ -103.89591, 21.72774 ], [ -103.88772, 21.69782 ], [ -103.9124, 21.66897 ], [ -103.92134, 21.66837 ], [ -103.93025, 21.64191 ], [ -103.91183, 21.62983 ], [ -103.9077, 21.61868 ], [ -103.91908, 21.61625 ], [ -103.91237, 21.60805 ], [ -103.92319, 21.59057 ], [ -103.91923, 21.58199 ], [ -103.89258, 21.57414 ], [ -103.88165, 21.55214 ], [ -103.85627, 21.55237 ], [ -103.85992, 21.52475 ], [ -103.84929, 21.51453 ], [ -103.83213, 21.5134 ], [ -103.82371, 21.49305 ], [ -103.80042, 21.48719 ], [ -103.79108, 21.49775 ], [ -103.77413, 21.49838 ], [ -103.77819, 21.49208 ], [ -103.76913, 21.48302 ], [ -103.74936, 21.47449 ], [ -103.75294, 21.46609 ], [ -103.74203, 21.44156 ], [ -103.72102, 21.42597 ], [ -103.73127, 21.4159 ], [ -103.75131, 21.41751 ], [ -103.7644, 21.4103 ], [ -103.7569, 21.39986 ], [ -103.76733, 21.38843 ], [ -103.74133, 21.37406 ], [ -103.74935, 21.33671 ], [ -103.77612, 21.32167 ], [ -103.78064, 21.30851 ], [ -103.80357, 21.30031 ], [ -103.82035, 21.28104 ], [ -103.825, 21.27126 ], [ -103.81939, 21.24844 ], [ -103.84002, 21.23982 ], [ -103.86189, 21.24887 ], [ -103.87525, 21.23864 ], [ -103.89231, 21.23843 ], [ -103.89836, 21.22649 ], [ -103.90306, 21.23342 ], [ -103.9179, 21.23103 ], [ -103.91858, 21.24563 ], [ -103.93106, 21.26255 ], [ -103.93546, 21.25418 ], [ -103.92402, 21.23457 ], [ -103.94587, 21.23802 ], [ -103.95839, 21.25275 ], [ -103.97345, 21.25633 ], [ -104.00357, 21.23646 ], [ -104.00609, 21.22804 ], [ -104.01749, 21.2272 ], [ -104.01602, 21.20746 ], [ -104.02232, 21.20511 ], [ -104.02498, 21.21294 ], [ -104.02941, 21.20866 ], [ -104.02797, 21.19467 ], [ -104.03842, 21.20444 ], [ -104.04518, 21.1992 ], [ -104.05284, 21.20541 ], [ -104.05628, 21.19414 ], [ -104.06789, 21.1982 ], [ -104.06859, 21.18677 ], [ -104.08098, 21.18969 ], [ -104.08566, 21.20536 ], [ -104.0888, 21.19613 ], [ -104.10004, 21.20087 ], [ -104.11084, 21.1886 ], [ -104.12405, 21.19627 ], [ -104.15951, 21.18456 ], [ -104.20279, 21.19283 ], [ -104.2194, 21.17661 ], [ -104.22517, 21.15121 ], [ -104.2106, 21.13093 ], [ -104.21086, 21.1186 ], [ -104.22084, 21.10136 ], [ -104.22181, 21.07002 ], [ -104.23479, 21.06768 ], [ -104.23924, 21.05707 ], [ -104.22516, 21.05053 ], [ -104.22655, 21.0443 ], [ -104.24271, 21.02733 ], [ -104.2232, 21.00126 ], [ -104.23847, 20.99215 ], [ -104.23313, 20.96874 ], [ -104.20131, 20.95924 ], [ -104.20659, 20.93637 ], [ -104.22107, 20.94153 ], [ -104.22875, 20.93558 ], [ -104.26788, 20.88746 ], [ -104.29092, 20.8878 ], [ -104.27911, 20.86452 ], [ -104.29069, 20.86234 ], [ -104.29542, 20.8455 ], [ -104.30882, 20.84681 ], [ -104.31842, 20.83857 ], [ -104.33426, 20.84666 ], [ -104.36177, 20.84093 ], [ -104.3571, 20.81987 ], [ -104.36406, 20.81393 ], [ -104.3504, 20.81164 ], [ -104.37589, 20.78407 ], [ -104.37522, 20.77544 ], [ -104.35825, 20.79053 ], [ -104.33579, 20.78988 ], [ -104.32832, 20.7981 ], [ -104.29762, 20.7708 ], [ -104.28286, 20.78348 ], [ -104.28002, 20.76893 ], [ -104.27447, 20.76999 ], [ -104.24182, 20.71343 ], [ -104.24815, 20.69963 ], [ -104.2433, 20.69175 ], [ -104.25316, 20.6823 ], [ -104.23646, 20.6629 ], [ -104.25531, 20.65328 ], [ -104.26039, 20.64284 ], [ -104.24692, 20.63149 ], [ -104.25377, 20.63061 ], [ -104.25364, 20.60342 ], [ -104.28201, 20.62899 ], [ -104.28849, 20.68916 ], [ -104.30565, 20.69417 ], [ -104.32412, 20.71754 ], [ -104.3508, 20.72534 ], [ -104.36372, 20.74441 ], [ -104.37755, 20.74237 ], [ -104.38421, 20.76648 ], [ -104.41412, 20.79377 ], [ -104.42726, 20.79102 ], [ -104.43574, 20.80576 ], [ -104.45841, 20.80652 ], [ -104.48529, 20.83328 ], [ -104.49994, 20.83819 ], [ -104.50639, 20.86084 ], [ -104.51949, 20.86915 ], [ -104.52444, 20.88576 ], [ -104.53462, 20.88404 ], [ -104.53572, 20.89586 ], [ -104.54474, 20.90114 ], [ -104.54285, 20.91194 ], [ -104.55692, 20.92415 ], [ -104.58348, 20.93444 ], [ -104.61357, 20.92304 ], [ -104.62853, 20.92387 ], [ -104.63809, 20.93413 ], [ -104.65638, 20.93239 ], [ -104.66144, 20.94398 ], [ -104.681, 20.94384 ], [ -104.68106, 20.96067 ], [ -104.70571, 20.96685 ], [ -104.71583, 20.98047 ], [ -104.72936, 20.98315 ], [ -104.72847, 21.0114 ], [ -104.73924, 21.00614 ], [ -104.7525, 21.01228 ], [ -104.77171, 21.0086 ], [ -104.78246, 21.02336 ], [ -104.79019, 21.01502 ], [ -104.81018, 21.01201 ], [ -104.8381, 21.02001 ], [ -104.84119, 21.00672 ], [ -104.86687, 20.9952 ], [ -104.90063, 20.96275 ], [ -104.90053, 20.94634 ], [ -104.95316, 20.93013 ], [ -104.96724, 20.90951 ], [ -104.99037, 20.92156 ], [ -105.00339, 20.91086 ], [ -105.00633, 20.92254 ], [ -105.03161, 20.90917 ], [ -105.04744, 20.93439 ], [ -105.0807, 20.93138 ], [ -105.09864, 20.91943 ], [ -105.11196, 20.90043 ], [ -105.14186, 20.88717 ], [ -105.14119, 20.87561 ], [ -105.16056, 20.85742 ], [ -105.15541, 20.85306 ], [ -105.16279, 20.84869 ], [ -105.16164, 20.83114 ], [ -105.17408, 20.81334 ], [ -105.17097, 20.79611 ], [ -105.16228, 20.79252 ], [ -105.1734, 20.76771 ], [ -105.19696, 20.77717 ], [ -105.20583, 20.76414 ], [ -105.23992, 20.74735 ], [ -105.24257, 20.70424 ], [ -105.25595, 20.70277 ], [ -105.26125, 20.67982 ], [ -105.27841, 20.68198 ], [ -105.27633, 20.67199 ], [ -105.28828, 20.67337 ], [ -105.31302, 20.72855 ], [ -105.34768, 20.75969 ], [ -105.36374, 20.76216 ], [ -105.39898, 20.73465 ], [ -105.46644, 20.7557 ], [ -105.4759, 20.75219 ], [ -105.51061, 20.77182 ], [ -105.53311, 20.75742 ], [ -105.53831, 20.76223 ], [ -105.52703, 20.78923 ], [ -105.51948, 20.79221 ], [ -105.50725, 20.78262 ], [ -105.48785, 20.79642 ], [ -105.45291, 20.87439 ], [ -105.44277, 20.87043 ], [ -105.43292, 20.87713 ], [ -105.40176, 20.93162 ], [ -105.3597, 20.95489 ], [ -105.34512, 20.97934 ], [ -105.33188, 20.98567 ], [ -105.31873, 21.00531 ], [ -105.3135, 21.03515 ], [ -105.27319, 21.0235 ], [ -105.23815, 21.0581 ], [ -105.22867, 21.10617 ], [ -105.23898, 21.13229 ], [ -105.22402, 21.15943 ], [ -105.23237, 21.16494 ], [ -105.23325, 21.18068 ], [ -105.21638, 21.20501 ], [ -105.22945, 21.29985 ], [ -105.24819, 21.34729 ], [ -105.23967, 21.35306 ], [ -105.2307, 21.38641 ], [ -105.22039, 21.3875 ], [ -105.22013, 21.4047 ], [ -105.20336, 21.43578 ], [ -105.18895, 21.44436 ], [ -105.18786, 21.4583 ], [ -105.20189, 21.48128 ], [ -105.19828, 21.49165 ], [ -105.22888, 21.52359 ], [ -105.24303, 21.52659 ], [ -105.24817, 21.51242 ], [ -105.2655, 21.51185 ], [ -105.41135, 21.6021 ], [ -105.4413, 21.62786 ], [ -105.53372, 21.81226 ], [ -105.63151, 21.96311 ], [ -105.65429, 22.04286 ], [ -105.64919, 22.1743 ], [ -105.64655, 22.18125 ], [ -105.63651, 22.18147 ], [ -105.64575, 22.19696 ], [ -105.68542, 22.37468 ], [ -105.75962, 22.53757 ], [ -105.75021, 22.53934 ], [ -105.71412, 22.47495 ], [ -105.69248, 22.46718 ], [ -105.67704, 22.46814 ], [ -105.67111, 22.48156 ], [ -105.69883, 22.56788 ], [ -105.66056, 22.58636 ], [ -105.63921, 22.57698 ], [ -105.64216, 22.59389 ], [ -105.63095, 22.59298 ], [ -105.62204, 22.57143 ], [ -105.60048, 22.55889 ], [ -105.59735, 22.5363 ], [ -105.54168, 22.53654 ], [ -105.5336, 22.51503 ], [ -105.52194, 22.521 ], [ -105.50957, 22.51696 ], [ -105.50318, 22.52768 ], [ -105.4838, 22.51771 ], [ -105.47406, 22.5029 ], [ -105.44172, 22.52427 ], [ -105.43463, 22.54998 ], [ -105.43693, 22.58191 ], [ -105.45599, 22.59874 ], [ -105.44811, 22.61012 ], [ -105.44957, 22.6246 ], [ -105.47268, 22.62719 ], [ -105.46039, 22.64755 ], [ -105.46396, 22.65924 ], [ -105.49806, 22.65139 ], [ -105.52289, 22.72433 ], [ -105.51408, 22.75933 ], [ -105.52477, 22.77477 ], [ -105.51991, 22.77277 ], [ -105.50241, 22.80978 ], [ -105.49497, 22.81052 ], [ -105.4872, 22.83911 ], [ -105.47459, 22.85142 ], [ -105.4842, 22.8587 ], [ -105.47122, 22.88329 ], [ -105.49865, 22.93356 ], [ -105.50126, 22.95856 ], [ -105.45331, 22.9774 ], [ -105.43259, 23.02397 ], [ -105.40895, 23.02364 ], [ -105.413, 23.0741 ], [ -105.38357, 23.08174 ] ] ] ] } },
{ "type": "Feature", "properties": { "CVEGEO": "19", "CVE_ENT": "19", "NOMGEO": "Nuevo León" }, "geometry": { "type": "Polygon", "coordinates": [ [ [ -100.188, 27.79872 ], [ -99.99884, 27.61528 ], [ -99.84322, 27.76986 ], [ -99.83285, 27.76275 ], [ -99.81337, 27.77425 ], [ -99.7965, 27.73588 ], [ -99.76936, 27.73089 ], [ -99.73623, 27.69071 ], [ -99.72815, 27.67913 ], [ -99.92642, 27.54916 ], [ -99.91915, 27.49152 ], [ -99.76038, 27.43696 ], [ -99.74767, 27.27725 ], [ -99.67892, 27.10245 ], [ -99.65891, 27.08819 ], [ -99.65005, 27.06586 ], [ -99.73417, 26.92061 ], [ -99.77013, 26.92842 ], [ -99.76667, 26.88984 ], [ -99.74766, 26.90024 ], [ -99.74435, 26.91216 ], [ -99.724, 26.90613 ], [ -99.7211, 26.8965 ], [ -99.71044, 26.89675 ], [ -99.70993, 26.90588 ], [ -99.69788, 26.89857 ], [ -99.69402, 26.9093 ], [ -99.68722, 26.89455 ], [ -99.66701, 26.89437 ], [ -99.66139, 26.90084 ], [ -99.64433, 26.88557 ], [ -99.63003, 26.89029 ], [ -99.62705, 26.87046 ], [ -99.61122, 26.87348 ], [ -99.59105, 26.86255 ], [ -99.58084, 26.83011 ], [ -99.61285, 26.79163 ], [ -99.61117, 26.78249 ], [ -99.62285, 26.76923 ], [ -99.61614, 26.75436 ], [ -99.61858, 26.72647 ], [ -99.65719, 26.69512 ], [ -99.65916, 26.67037 ], [ -99.53834, 26.6646 ], [ -99.39682, 26.59657 ], [ -99.40983, 26.44284 ], [ -99.43095, 26.3513 ], [ -99.40124, 26.3048 ], [ -99.36415, 26.32927 ], [ -99.26, 26.25285 ], [ -99.19784, 26.25868 ], [ -99.16008, 26.06123 ], [ -99.12631, 26.05402 ], [ -99.13091, 26.06882 ], [ -99.11989, 26.06651 ], [ -99.11473, 26.07597 ], [ -99.09767, 26.08075 ], [ -99.09333, 26.07051 ], [ -99.07654, 26.07186 ], [ -99.07452, 26.07879 ], [ -99.06254, 26.08014 ], [ -99.06254, 26.09072 ], [ -99.04499, 26.09871 ], [ -99.02503, 26.09343 ], [ -99.02387, 26.1041 ], [ -98.90075, 25.96832 ], [ -98.82323, 26.04765 ], [ -98.58513, 26.01792 ], [ -98.58175, 25.48936 ], [ -98.42158, 25.48936 ], [ -98.42313, 25.44749 ], [ -98.92903, 25.07727 ], [ -98.93428, 25.08016 ], [ -98.93417, 25.07276 ], [ -99.01906, 25.06993 ], [ -99.01418, 25.08061 ], [ -99.02952, 25.09639 ], [ -99.0288, 25.11035 ], [ -99.05247, 25.12713 ], [ -99.07787, 25.10143 ], [ -99.07146, 25.09611 ], [ -99.07876, 25.09212 ], [ -99.08194, 25.07371 ], [ -99.0977, 25.07804 ], [ -99.09761, 25.06312 ], [ -99.13509, 25.05038 ], [ -99.16059, 25.05528 ], [ -99.16698, 25.04629 ], [ -99.15652, 25.02785 ], [ -99.1649, 25.02951 ], [ -99.18095, 25.01154 ], [ -99.15894, 24.91599 ], [ -99.20743, 24.86139 ], [ -99.18197, 24.77604 ], [ -99.18865, 24.78068 ], [ -99.21289, 24.77167 ], [ -99.29493, 24.80414 ], [ -99.2972, 24.79412 ], [ -99.31787, 24.78983 ], [ -99.33167, 24.77624 ], [ -99.36438, 24.77176 ], [ -99.38941, 24.73979 ], [ -99.42294, 24.73675 ], [ -99.43073, 24.72576 ], [ -99.44808, 24.73221 ], [ -99.47774, 24.71262 ], [ -99.50073, 24.67917 ], [ -99.49945, 24.64126 ], [ -99.53794, 24.62243 ], [ -99.54506, 24.62652 ], [ -99.54622, 24.61307 ], [ -99.55721, 24.60871 ], [ -99.57608, 24.6236 ], [ -99.60945, 24.62249 ], [ -99.70469, 24.57587 ], [ -99.73298, 24.55399 ], [ -99.7198, 24.48371 ], [ -99.63638, 24.50667 ], [ -99.58993, 24.39614 ], [ -99.59429, 24.33091 ], [ -99.64782, 24.2181 ], [ -99.65708, 24.118 ], [ -99.5709, 24.03937 ], [ -99.54189, 24.03365 ], [ -99.54091, 23.99727 ], [ -99.52002, 23.99058 ], [ -99.48694, 23.9605 ], [ -99.45687, 23.86606 ], [ -99.49379, 23.87869 ], [ -99.57668, 23.77546 ], [ -99.60217, 23.76287 ], [ -99.61949, 23.75966 ], [ -99.68338, 23.77665 ], [ -99.76901, 23.78449 ], [ -99.86066, 23.77446 ], [ -99.96119, 23.55689 ], [ -99.92125, 23.37919 ], [ -99.9825, 23.39237 ], [ -100.08026, 23.39575 ], [ -100.14495, 23.33952 ], [ -100.07804, 23.30598 ], [ -100.1019, 23.23108 ], [ -100.22824, 23.25048 ], [ -100.20636, 23.30711 ], [ -100.21824, 23.31013 ], [ -100.22017, 23.29793 ], [ -100.27843, 23.31037 ], [ -100.30626, 23.26094 ], [ -100.37432, 23.26532 ], [ -100.36376, 23.18901 ], [ -100.32352, 23.19563 ], [ -100.33176, 23.16268 ], [ -100.47985, 23.19437 ], [ -100.48387, 23.20883 ], [ -100.45708, 23.36641 ], [ -100.51721, 23.42104 ], [ -100.49417, 23.52841 ], [ -100.45918, 23.51157 ], [ -100.46954, 23.56678 ], [ -100.49164, 23.56861 ], [ -100.47738, 23.63382 ], [ -100.46335, 23.65314 ], [ -100.45436, 23.6499 ], [ -100.44984, 23.65601 ], [ -100.45833, 23.66011 ], [ -100.44572, 23.67733 ], [ -100.4471, 23.69653 ], [ -100.46648, 23.68894 ], [ -100.4903, 23.7396 ], [ -100.49771, 23.73631 ], [ -100.4976, 23.79871 ], [ -100.52879, 23.81635 ], [ -100.52553, 23.83953 ], [ -100.5503, 23.8422 ], [ -100.53985, 23.88839 ], [ -100.54943, 23.88931 ], [ -100.54677, 23.91744 ], [ -100.5624, 23.91964 ], [ -100.54128, 24.02575 ], [ -100.52376, 24.07145 ], [ -100.53868, 24.11852 ], [ -100.51958, 24.11838 ], [ -100.51683, 24.1399 ], [ -100.54877, 24.14603 ], [ -100.6134, 24.17394 ], [ -100.59351, 24.1782 ], [ -100.58509, 24.22393 ], [ -100.63307, 24.22598 ], [ -100.59994, 24.34879 ], [ -100.60353, 24.4013 ], [ -100.71121, 24.49152 ], [ -100.74232, 24.46044 ], [ -100.79993, 24.55619 ], [ -100.80547, 24.59634 ], [ -100.79698, 24.75081 ], [ -100.82613, 24.835 ], [ -100.7275, 24.91872 ], [ -100.79206, 24.97915 ], [ -100.82151, 24.99671 ], [ -100.80313, 25.16526 ], [ -100.70889, 25.23646 ], [ -100.59196, 25.25505 ], [ -100.47252, 25.2312 ], [ -100.33201, 25.18629 ], [ -100.32555, 25.22226 ], [ -100.26138, 25.20707 ], [ -100.22958, 25.21792 ], [ -100.2472, 25.23017 ], [ -100.23442, 25.2355 ], [ -100.26251, 25.25402 ], [ -100.24314, 25.26744 ], [ -100.25414, 25.30691 ], [ -100.26397, 25.30529 ], [ -100.31302, 25.33637 ], [ -100.3268, 25.34036 ], [ -100.41456, 25.327 ], [ -100.4701, 25.33779 ], [ -100.45188, 25.41081 ], [ -100.49355, 25.43084 ], [ -100.5227, 25.43432 ], [ -100.51746, 25.44904 ], [ -100.52541, 25.44975 ], [ -100.53088, 25.46347 ], [ -100.58489, 25.47081 ], [ -100.57951, 25.49454 ], [ -100.61909, 25.50569 ], [ -100.59975, 25.51996 ], [ -100.5297, 25.51439 ], [ -100.53844, 25.53185 ], [ -100.5943, 25.54437 ], [ -100.61473, 25.54235 ], [ -100.61196, 25.5514 ], [ -100.6329, 25.5713 ], [ -100.69029, 25.5671 ], [ -100.71992, 25.60307 ], [ -100.72977, 25.6339 ], [ -100.78342, 25.63968 ], [ -100.78778, 25.6836 ], [ -100.80561, 25.7243 ], [ -100.8619, 25.81848 ], [ -100.84707, 25.85789 ], [ -100.83577, 25.86659 ], [ -100.82267, 25.91688 ], [ -100.83442, 25.94504 ], [ -100.87688, 25.94722 ], [ -100.90553, 25.95695 ], [ -100.90461, 26.0087 ], [ -100.91642, 26.07561 ], [ -100.9429, 26.08679 ], [ -100.98274, 26.13948 ], [ -101.0474, 26.16985 ], [ -101.06857, 26.18903 ], [ -101.09762, 26.25291 ], [ -101.20676, 26.36978 ], [ -100.75304, 26.73521 ], [ -100.69123, 26.61379 ], [ -100.6144, 26.68564 ], [ -100.59014, 26.75952 ], [ -100.53816, 26.80856 ], [ -100.55136, 26.85873 ], [ -100.54067, 26.88097 ], [ -100.54493, 26.92535 ], [ -100.53824, 26.93972 ], [ -100.54525, 26.97836 ], [ -100.534, 27.04558 ], [ -100.6537, 27.07573 ], [ -100.66249, 27.08651 ], [ -100.67424, 27.0846 ], [ -100.68272, 27.11139 ], [ -100.70811, 27.09985 ], [ -100.71966, 27.0792 ], [ -100.74862, 27.08125 ], [ -100.73584, 27.04758 ], [ -100.74771, 27.03626 ], [ -100.74853, 27.04915 ], [ -100.76586, 27.06333 ], [ -100.79944, 27.04583 ], [ -100.80961, 27.06837 ], [ -100.83056, 27.07389 ], [ -100.83412, 27.19517 ], [ -100.67801, 27.3348 ], [ -100.4177, 27.39363 ], [ -100.35061, 27.6846 ], [ -100.188, 27.79872 ] ] ] } },
{ "type": "Feature", "properties": { "CVEGEO": "20", "CVE_ENT": "20", "NOMGEO": "Oaxaca" }, "geometry": { "type": "MultiPolygon", "coordinates": [ [ [ [ -96.23133, 15.68723 ], [ -96.22712, 15.68706 ], [ -96.22825, 15.68527 ], [ -96.23133, 15.68723 ] ] ], [ [ [ -96.2221, 15.69094 ], [ -96.22357, 15.69021 ], [ -96.22333, 15.69084 ], [ -96.2221, 15.69094 ] ] ], [ [ [ -96.164, 15.71818 ], [ -96.16022, 15.71818 ], [ -96.16146, 15.71639 ], [ -96.164, 15.71818 ] ] ], [ [ [ -96.11976, 15.74746 ], [ -96.11804, 15.74757 ], [ -96.1186, 15.74704 ], [ -96.11976, 15.74746 ] ] ], [ [ [ -96.11725, 15.74824 ], [ -96.11707, 15.74778 ], [ -96.1176, 15.748 ], [ -96.11725, 15.74824 ] ] ], [ [ [ -96.11608, 15.74892 ], [ -96.11584, 15.74861 ], [ -96.11597, 15.74853 ], [ -96.11608, 15.74892 ] ] ], [ [ [ -96.11653, 15.74915 ], [ -96.11624, 15.74914 ], [ -96.11643, 15.74887 ], [ -96.11653, 15.74915 ] ] ], [ [ [ -96.0851, 15.76372 ], [ -96.08276, 15.76404 ], [ -96.08382, 15.76253 ], [ -96.0851, 15.76372 ] ] ], [ [ [ -96.09473, 15.77196 ], [ -96.09504, 15.77163 ], [ -96.09509, 15.77183 ], [ -96.09473, 15.77196 ] ] ], [ [ [ -97.35297, 15.93761 ], [ -97.35188, 15.93637 ], [ -97.35279, 15.93662 ], [ -97.35297, 15.93761 ] ] ], [ [ [ -95.57637, 15.94186 ], [ -95.57428, 15.94035 ], [ -95.57689, 15.9414 ], [ -95.57637, 15.94186 ] ] ], [ [ [ -96.68214, 18.66884 ], [ -96.61668, 18.61907 ], [ -96.56095, 18.5877 ], [ -96.52547, 18.58777 ], [ -96.51751, 18.58157 ], [ -96.49975, 18.5895 ], [ -96.45731, 18.57044 ], [ -96.45503, 18.54929 ], [ -96.42076, 18.51046 ], [ -96.42348, 18.5018 ], [ -96.41656, 18.49927 ], [ -96.41119, 18.47692 ], [ -96.41802, 18.47048 ], [ -96.4046, 18.46778 ], [ -96.40298, 18.43992 ], [ -96.38934, 18.44048 ], [ -96.38925, 18.42838 ], [ -96.3762, 18.42465 ], [ -96.36173, 18.40708 ], [ -96.35259, 18.41025 ], [ -96.34455, 18.39851 ], [ -96.34534, 18.3797 ], [ -96.33107, 18.37923 ], [ -96.33505, 18.37252 ], [ -96.31733, 18.36454 ], [ -96.31499, 18.33139 ], [ -96.30561, 18.32903 ], [ -96.30995, 18.32235 ], [ -96.27076, 18.29782 ], [ -96.27858, 18.28382 ], [ -96.26916, 18.27398 ], [ -96.28824, 18.25976 ], [ -96.26682, 18.24566 ], [ -96.26799, 18.22445 ], [ -96.231, 18.18973 ], [ -96.21748, 18.16197 ], [ -96.20313, 18.17488 ], [ -96.17069, 18.18638 ], [ -96.17024, 18.1698 ], [ -96.1872, 18.16675 ], [ -96.18281, 18.15782 ], [ -96.18828, 18.1513 ], [ -96.17967, 18.14057 ], [ -96.15423, 18.1318 ], [ -96.14363, 18.14015 ], [ -96.13672, 18.13404 ], [ -96.12413, 18.14038 ], [ -96.11432, 18.16407 ], [ -96.09918, 18.16684 ], [ -96.08423, 18.16253 ], [ -96.06638, 18.13159 ], [ -96.05698, 18.13402 ], [ -96.05139, 18.12674 ], [ -96.04687, 18.13656 ], [ -96.02569, 18.13346 ], [ -95.99107, 18.15194 ], [ -95.98154, 18.14295 ], [ -95.95346, 18.15987 ], [ -95.93725, 18.15663 ], [ -95.93334, 18.14167 ], [ -95.92574, 18.14643 ], [ -95.9222, 18.14106 ], [ -95.92213, 18.1508 ], [ -95.91465, 18.1522 ], [ -95.90716, 18.13564 ], [ -95.83317, 18.12903 ], [ -95.79992, 17.95001 ], [ -95.8502, 17.84453 ], [ -95.85882, 17.84478 ], [ -95.84934, 17.82585 ], [ -95.85579, 17.80556 ], [ -95.86896, 17.79662 ], [ -95.86639, 17.77435 ], [ -95.89292, 17.76514 ], [ -95.90277, 17.73265 ], [ -95.89211, 17.72061 ], [ -95.87281, 17.72741 ], [ -95.8734, 17.71713 ], [ -95.89402, 17.71232 ], [ -95.89529, 17.70449 ], [ -95.87102, 17.70217 ], [ -95.86751, 17.68484 ], [ -95.84404, 17.67312 ], [ -95.83063, 17.65263 ], [ -95.80801, 17.6468 ], [ -95.80331, 17.62937 ], [ -95.78111, 17.63888 ], [ -95.77366, 17.60585 ], [ -95.78038, 17.61112 ], [ -95.7947, 17.60352 ], [ -95.80349, 17.6071 ], [ -95.80755, 17.59184 ], [ -95.79185, 17.58636 ], [ -95.79298, 17.60143 ], [ -95.78175, 17.60303 ], [ -95.77148, 17.5997 ], [ -95.77156, 17.58869 ], [ -95.7269, 17.57803 ], [ -95.72809, 17.55198 ], [ -95.72048, 17.54353 ], [ -95.72515, 17.53623 ], [ -95.70658, 17.53402 ], [ -95.70224, 17.51853 ], [ -95.68515, 17.53753 ], [ -95.64847, 17.53989 ], [ -95.6541, 17.56039 ], [ -95.64449, 17.54654 ], [ -95.60709, 17.53982 ], [ -95.60512, 17.54901 ], [ -95.59875, 17.53461 ], [ -95.57957, 17.53758 ], [ -95.56882, 17.55124 ], [ -95.55988, 17.54677 ], [ -95.55555, 17.55864 ], [ -95.55106, 17.55339 ], [ -95.53967, 17.56057 ], [ -95.532, 17.55583 ], [ -95.5251, 17.56211 ], [ -95.53111, 17.57061 ], [ -95.52479, 17.57602 ], [ -95.5174, 17.56962 ], [ -95.52115, 17.57739 ], [ -95.51402, 17.58545 ], [ -95.50277, 17.5844 ], [ -95.50632, 17.59077 ], [ -95.48418, 17.6019 ], [ -95.47934, 17.58783 ], [ -95.46302, 17.59639 ], [ -95.47314, 17.60911 ], [ -95.45446, 17.6111 ], [ -95.45608, 17.62309 ], [ -95.44611, 17.62176 ], [ -95.42683, 17.63657 ], [ -95.42549, 17.64747 ], [ -95.4185, 17.64404 ], [ -95.41303, 17.65186 ], [ -95.40716, 17.64333 ], [ -95.38681, 17.66386 ], [ -95.36789, 17.67366 ], [ -95.35174, 17.67184 ], [ -95.34376, 17.68366 ], [ -95.33442, 17.6748 ], [ -95.31665, 17.69758 ], [ -95.30661, 17.69716 ], [ -95.30997, 17.70856 ], [ -95.29781, 17.72214 ], [ -95.29224, 17.71242 ], [ -95.2792, 17.72189 ], [ -95.26718, 17.71671 ], [ -95.26307, 17.72488 ], [ -95.26903, 17.74093 ], [ -95.25867, 17.72854 ], [ -95.23891, 17.73926 ], [ -95.18244, 17.69106 ], [ -95.18813, 17.6507 ], [ -95.19512, 17.65485 ], [ -95.2012, 17.64741 ], [ -95.20708, 17.65435 ], [ -95.21845, 17.63933 ], [ -95.24193, 17.63496 ], [ -95.24823, 17.64598 ], [ -95.259, 17.62901 ], [ -95.24841, 17.62558 ], [ -95.27126, 17.62473 ], [ -95.27022, 17.61574 ], [ -95.27885, 17.61324 ], [ -95.26475, 17.60156 ], [ -95.25305, 17.60781 ], [ -95.07657, 17.37293 ], [ -94.97119, 17.33097 ], [ -94.96651, 17.33437 ], [ -94.95098, 17.31565 ], [ -94.92716, 17.32514 ], [ -94.89078, 17.31106 ], [ -94.889, 17.30008 ], [ -94.91477, 17.29258 ], [ -94.91309, 17.28623 ], [ -94.90135, 17.28745 ], [ -94.90965, 17.26798 ], [ -94.89543, 17.25638 ], [ -94.90957, 17.24278 ], [ -94.91121, 17.21371 ], [ -94.92302, 17.20413 ], [ -94.92281, 17.19379 ], [ -93.86743, 17.13696 ], [ -94.13916, 16.46179 ], [ -94.05066, 16.32971 ], [ -94.03296, 16.27594 ], [ -94.04353, 16.25569 ], [ -94.0352, 16.23955 ], [ -94.04847, 16.21617 ], [ -94.10957, 16.1791 ], [ -94.10276, 16.14252 ], [ -94.03601, 16.02209 ], [ -94.00022, 16.00309 ], [ -94.27328, 16.12327 ], [ -94.42736, 16.16984 ], [ -94.54076, 16.19197 ], [ -94.69976, 16.20991 ], [ -94.83185, 16.21454 ], [ -94.90432, 16.21025 ], [ -95.06272, 16.18399 ], [ -95.14234, 16.18865 ], [ -95.15713, 16.17939 ], [ -95.15146, 16.16775 ], [ -95.18839, 16.16842 ], [ -95.19454, 16.16098 ], [ -95.19401, 16.17277 ], [ -95.2029, 16.17061 ], [ -95.19694, 16.16073 ], [ -95.19792, 16.15031 ], [ -95.20253, 16.14565 ], [ -95.19829, 16.15991 ], [ -95.20892, 16.15988 ], [ -95.20963, 16.15448 ], [ -95.21223, 16.15937 ], [ -95.21305, 16.15209 ], [ -95.23487, 16.15622 ], [ -95.24811, 16.14694 ], [ -95.24749, 16.13334 ], [ -95.28005, 16.12113 ], [ -95.27566, 16.1074 ], [ -95.35041, 16.08164 ], [ -95.37804, 16.04635 ], [ -95.36818, 16.02069 ], [ -95.42413, 15.99971 ], [ -95.43557, 15.97581 ], [ -95.48532, 15.97576 ], [ -95.4977, 15.96561 ], [ -95.56853, 15.95779 ], [ -95.58442, 15.94448 ], [ -95.60557, 15.94246 ], [ -95.61351, 15.93076 ], [ -95.66264, 15.91235 ], [ -95.77002, 15.8946 ], [ -95.78003, 15.88475 ], [ -95.77662, 15.87129 ], [ -95.83362, 15.86372 ], [ -95.88999, 15.84279 ], [ -95.95403, 15.82964 ], [ -95.98067, 15.8123 ], [ -96.05344, 15.78726 ], [ -96.063, 15.77618 ], [ -96.06663, 15.78093 ], [ -96.07607, 15.76606 ], [ -96.09448, 15.77356 ], [ -96.09986, 15.76682 ], [ -96.09575, 15.76216 ], [ -96.10703, 15.75559 ], [ -96.11173, 15.7632 ], [ -96.12035, 15.76068 ], [ -96.11862, 15.76614 ], [ -96.11915, 15.76712 ], [ -96.12273, 15.74984 ], [ -96.13145, 15.75261 ], [ -96.1272, 15.73785 ], [ -96.14561, 15.73775 ], [ -96.15202, 15.7314 ], [ -96.14375, 15.72769 ], [ -96.16616, 15.72284 ], [ -96.19282, 15.70459 ], [ -96.20297, 15.71193 ], [ -96.20516, 15.70159 ], [ -96.22581, 15.69763 ], [ -96.22436, 15.69172 ], [ -96.23525, 15.69156 ], [ -96.23736, 15.68247 ], [ -96.34468, 15.68484 ], [ -96.35159, 15.69017 ], [ -96.3647, 15.68184 ], [ -96.42646, 15.69603 ], [ -96.45304, 15.68116 ], [ -96.46459, 15.68323 ], [ -96.48162, 15.66332 ], [ -96.49512, 15.66558 ], [ -96.49487, 15.65802 ], [ -96.54516, 15.66528 ], [ -96.55779, 15.65687 ], [ -96.70173, 15.71694 ], [ -96.86092, 15.73906 ], [ -96.93521, 15.78313 ], [ -97.0243, 15.80979 ], [ -97.04947, 15.82798 ], [ -97.04654, 15.83559 ], [ -97.06188, 15.86008 ], [ -97.08379, 15.85861 ], [ -97.14248, 15.89698 ], [ -97.21288, 15.92337 ], [ -97.33431, 15.94574 ], [ -97.35869, 15.94443 ], [ -97.36794, 15.93665 ], [ -97.4221, 15.94144 ], [ -97.53138, 15.96921 ], [ -97.56491, 15.96295 ], [ -97.65576, 15.9778 ], [ -97.67086, 15.97385 ], [ -97.67965, 15.9621 ], [ -97.78562, 15.98075 ], [ -97.96285, 16.1012 ], [ -98.10742, 16.17928 ], [ -98.18623, 16.21224 ], [ -98.20427, 16.22854 ], [ -98.2964, 16.25271 ], [ -98.4205, 16.26948 ], [ -98.55263, 16.31595 ], [ -98.5334, 16.35158 ], [ -98.48548, 16.3688 ], [ -98.47086, 16.38116 ], [ -98.45595, 16.38042 ], [ -98.45418, 16.38579 ], [ -98.39916, 16.38051 ], [ -98.34994, 16.44445 ], [ -98.35988, 16.47171 ], [ -98.35253, 16.48943 ], [ -98.36884, 16.49118 ], [ -98.36833, 16.50085 ], [ -98.38733, 16.49779 ], [ -98.38332, 16.51266 ], [ -98.39514, 16.54684 ], [ -98.34028, 16.55817 ], [ -98.32997, 16.57275 ], [ -98.2917, 16.57007 ], [ -98.29283, 16.55778 ], [ -98.26943, 16.55846 ], [ -98.2415, 16.56777 ], [ -98.22927, 16.58089 ], [ -98.20336, 16.58718 ], [ -98.19378, 16.62146 ], [ -98.21421, 16.6188 ], [ -98.22846, 16.6395 ], [ -98.23307, 16.67063 ], [ -98.24631, 16.67237 ], [ -98.24344, 16.6967 ], [ -98.23353, 16.71737 ], [ -98.22135, 16.70855 ], [ -98.20154, 16.71267 ], [ -98.20552, 16.69802 ], [ -98.20027, 16.69724 ], [ -98.17521, 16.718 ], [ -98.13899, 16.72378 ], [ -98.12424, 16.74964 ], [ -98.13475, 16.75151 ], [ -98.13518, 16.75839 ], [ -98.1205, 16.75473 ], [ -98.10816, 16.76095 ], [ -98.07233, 16.87425 ], [ -98.11126, 16.95887 ], [ -98.05749, 17.02378 ], [ -98.03016, 17.01576 ], [ -98.00728, 17.04014 ], [ -98.08091, 17.06658 ], [ -98.11801, 17.09552 ], [ -98.15001, 17.10243 ], [ -98.15342, 17.1104 ], [ -98.2226, 17.12215 ], [ -98.22505, 17.15228 ], [ -98.21768, 17.18686 ], [ -98.20512, 17.19102 ], [ -98.2004, 17.20381 ], [ -98.20314, 17.21629 ], [ -98.24434, 17.25147 ], [ -98.27719, 17.25008 ], [ -98.28848, 17.23822 ], [ -98.3235, 17.27594 ], [ -98.30481, 17.32752 ], [ -98.28737, 17.32901 ], [ -98.30491, 17.3943 ], [ -98.33585, 17.4563 ], [ -98.32901, 17.47873 ], [ -98.31188, 17.47749 ], [ -98.3203, 17.50688 ], [ -98.33083, 17.51176 ], [ -98.32945, 17.53298 ], [ -98.34116, 17.54192 ], [ -98.3453, 17.56259 ], [ -98.35348, 17.56486 ], [ -98.35459, 17.57898 ], [ -98.36473, 17.58262 ], [ -98.37697, 17.60535 ], [ -98.41015, 17.59977 ], [ -98.43311, 17.623 ], [ -98.4505, 17.63335 ], [ -98.46104, 17.63036 ], [ -98.4707, 17.6781 ], [ -98.48617, 17.68099 ], [ -98.4867, 17.73373 ], [ -98.49634, 17.76881 ], [ -98.42496, 17.83959 ], [ -98.42489, 17.86599 ], [ -98.39876, 17.86091 ], [ -98.3826, 17.88367 ], [ -98.36286, 17.88163 ], [ -98.34907, 17.89317 ], [ -98.32882, 17.87893 ], [ -98.30207, 17.89311 ], [ -98.30083, 17.90786 ], [ -98.29041, 17.91465 ], [ -98.28231, 17.93515 ], [ -98.27332, 17.92237 ], [ -98.26223, 17.92688 ], [ -98.2702, 17.9156 ], [ -98.25848, 17.9033 ], [ -98.25477, 17.88363 ], [ -98.20975, 17.87976 ], [ -98.20276, 17.8924 ], [ -98.17091, 17.90206 ], [ -98.1651, 17.91779 ], [ -98.17253, 17.92537 ], [ -98.16961, 17.95283 ], [ -98.15035, 17.97084 ], [ -98.12992, 17.97798 ], [ -98.13039, 17.98808 ], [ -98.11303, 17.97843 ], [ -98.06412, 17.98558 ], [ -98.04671, 17.97621 ], [ -98.02979, 17.99184 ], [ -97.99959, 17.97553 ], [ -97.98647, 17.9786 ], [ -97.97938, 17.96444 ], [ -97.96756, 17.9707 ], [ -97.93738, 17.9679 ], [ -97.93496, 17.96102 ], [ -97.94885, 17.94816 ], [ -97.93799, 17.94067 ], [ -97.9363, 17.91718 ], [ -97.9031, 17.90916 ], [ -97.87911, 17.91791 ], [ -97.83236, 17.90853 ], [ -97.81929, 17.91474 ], [ -97.80337, 17.96046 ], [ -97.76794, 17.97665 ], [ -97.76638, 18.00591 ], [ -97.72854, 18.01223 ], [ -97.69974, 18.00164 ], [ -97.69777, 18.01882 ], [ -97.72993, 18.03732 ], [ -97.7491, 18.06064 ], [ -97.77167, 18.06837 ], [ -97.79854, 18.0358 ], [ -97.79092, 18.00416 ], [ -97.81657, 17.99348 ], [ -97.82627, 17.97268 ], [ -97.8426, 17.99608 ], [ -97.83478, 18.0498 ], [ -97.81067, 18.06772 ], [ -97.84946, 18.08374 ], [ -97.86722, 18.1149 ], [ -97.86748, 18.14457 ], [ -97.85363, 18.16792 ], [ -97.83946, 18.17123 ], [ -97.84991, 18.18951 ], [ -97.85923, 18.19229 ], [ -97.8441, 18.21615 ], [ -97.82296, 18.2234 ], [ -97.82762, 18.23694 ], [ -97.7973, 18.28317 ], [ -97.72127, 18.27605 ], [ -97.69971, 18.28823 ], [ -97.65471, 18.29309 ], [ -97.64398, 18.27942 ], [ -97.63402, 18.20007 ], [ -97.65318, 18.17529 ], [ -97.6093, 18.15368 ], [ -97.60815, 18.13101 ], [ -97.56962, 18.10339 ], [ -97.56379, 18.06258 ], [ -97.54391, 18.03344 ], [ -97.53405, 18.04634 ], [ -97.52237, 18.04465 ], [ -97.50592, 18.02782 ], [ -97.48924, 18.02559 ], [ -97.46521, 18.02841 ], [ -97.44749, 18.05347 ], [ -97.44815, 18.06598 ], [ -97.44136, 18.07194 ], [ -97.42556, 18.06928 ], [ -97.41124, 18.10239 ], [ -97.4029, 18.10749 ], [ -97.37655, 18.09451 ], [ -97.33219, 18.14541 ], [ -97.31844, 18.14578 ], [ -97.30341, 18.15908 ], [ -97.26627, 18.15855 ], [ -97.22867, 18.17459 ], [ -97.21435, 18.16367 ], [ -97.18722, 18.17516 ], [ -97.19235, 18.19237 ], [ -97.16737, 18.2009 ], [ -97.14403, 18.16343 ], [ -97.14051, 18.17333 ], [ -97.13382, 18.17413 ], [ -97.13864, 18.1671 ], [ -97.13389, 18.15772 ], [ -97.1239, 18.16246 ], [ -97.11376, 18.14947 ], [ -97.04209, 18.15657 ], [ -97.0402, 18.17482 ], [ -96.99148, 18.23074 ], [ -96.97414, 18.23244 ], [ -96.93684, 18.21603 ], [ -96.92188, 18.24062 ], [ -96.91615, 18.23064 ], [ -96.91305, 18.23854 ], [ -96.88526, 18.24396 ], [ -96.85476, 18.24123 ], [ -96.84171, 18.25645 ], [ -96.84323, 18.27107 ], [ -96.81757, 18.30079 ], [ -96.82182, 18.32068 ], [ -96.78421, 18.33833 ], [ -96.78043, 18.36353 ], [ -96.7635, 18.37501 ], [ -96.76276, 18.38323 ], [ -96.74985, 18.38161 ], [ -96.75464, 18.39216 ], [ -96.72984, 18.3977 ], [ -96.7415, 18.38386 ], [ -96.73306, 18.37412 ], [ -96.70018, 18.38293 ], [ -96.69625, 18.36475 ], [ -96.69183, 18.38085 ], [ -96.68162, 18.37558 ], [ -96.67456, 18.3814 ], [ -96.68144, 18.38566 ], [ -96.68104, 18.4122 ], [ -96.70971, 18.42995 ], [ -96.70532, 18.45671 ], [ -96.69288, 18.45755 ], [ -96.68254, 18.47506 ], [ -96.69108, 18.48983 ], [ -96.68228, 18.50712 ], [ -96.6884, 18.51273 ], [ -96.70287, 18.51027 ], [ -96.70617, 18.52634 ], [ -96.71903, 18.52213 ], [ -96.7269, 18.52983 ], [ -96.71183, 18.54806 ], [ -96.72422, 18.55899 ], [ -96.7156, 18.57324 ], [ -96.69963, 18.55334 ], [ -96.69094, 18.56797 ], [ -96.70215, 18.58123 ], [ -96.68876, 18.58122 ], [ -96.69383, 18.59121 ], [ -96.67246, 18.60757 ], [ -96.67497, 18.62434 ], [ -96.6887, 18.63879 ], [ -96.6811, 18.64795 ], [ -96.68214, 18.66884 ] ] ] ] } },
{ "type": "Feature", "properties": { "CVEGEO": "21", "CVE_ENT": "21", "NOMGEO": "Puebla" }, "geometry": { "type": "Polygon", "coordinates": [ [ [ -97.84227, 20.83991 ], [ -97.85012, 20.81692 ], [ -97.8307, 20.808 ], [ -97.81377, 20.82007 ], [ -97.7904, 20.81683 ], [ -97.773, 20.8272 ], [ -97.73891, 20.80153 ], [ -97.69518, 20.80004 ], [ -97.70135, 20.7936 ], [ -97.71314, 20.79983 ], [ -97.72598, 20.79165 ], [ -97.71918, 20.7755 ], [ -97.72651, 20.77116 ], [ -97.71896, 20.76295 ], [ -97.72635, 20.75998 ], [ -97.72282, 20.74999 ], [ -97.72846, 20.74127 ], [ -97.75297, 20.73237 ], [ -97.75686, 20.68949 ], [ -97.7407, 20.68973 ], [ -97.73707, 20.67966 ], [ -97.73808, 20.66303 ], [ -97.7521, 20.65767 ], [ -97.74951, 20.64332 ], [ -97.73733, 20.64643 ], [ -97.7312, 20.63779 ], [ -97.70447, 20.62922 ], [ -97.71539, 20.60908 ], [ -97.69342, 20.60268 ], [ -97.7019, 20.57187 ], [ -97.68406, 20.57251 ], [ -97.68477, 20.55426 ], [ -97.65729, 20.54507 ], [ -97.6482, 20.56631 ], [ -97.63666, 20.55371 ], [ -97.62544, 20.56358 ], [ -97.58995, 20.55615 ], [ -97.59004, 20.55967 ], [ -97.58923, 20.56088 ], [ -97.58795, 20.56107 ], [ -97.57499, 20.54334 ], [ -97.57832, 20.53743 ], [ -97.54104, 20.48971 ], [ -97.55606, 20.48469 ], [ -97.57605, 20.4909 ], [ -97.59588, 20.46399 ], [ -97.63537, 20.45219 ], [ -97.63755, 20.41791 ], [ -97.64541, 20.40832 ], [ -97.67208, 20.40853 ], [ -97.67305, 20.41886 ], [ -97.69772, 20.43251 ], [ -97.70919, 20.45511 ], [ -97.72583, 20.45823 ], [ -97.7346, 20.45131 ], [ -97.76564, 20.38123 ], [ -97.74445, 20.38011 ], [ -97.74288, 20.3512 ], [ -97.70069, 20.31992 ], [ -97.67934, 20.34992 ], [ -97.67313, 20.33661 ], [ -97.68986, 20.32009 ], [ -97.67731, 20.31298 ], [ -97.6814, 20.30243 ], [ -97.70427, 20.30324 ], [ -97.70841, 20.28529 ], [ -97.74089, 20.27457 ], [ -97.7573, 20.27908 ], [ -97.73511, 20.24239 ], [ -97.7307, 20.2052 ], [ -97.74147, 20.19241 ], [ -97.73146, 20.18135 ], [ -97.72023, 20.18917 ], [ -97.69872, 20.18238 ], [ -97.69147, 20.1675 ], [ -97.66311, 20.16949 ], [ -97.65303, 20.16343 ], [ -97.63232, 20.18322 ], [ -97.60449, 20.16687 ], [ -97.60274, 20.11931 ], [ -97.57865, 20.10252 ], [ -97.59609, 20.09298 ], [ -97.59124, 20.08171 ], [ -97.58026, 20.07901 ], [ -97.5613, 20.08602 ], [ -97.55805, 20.10691 ], [ -97.54816, 20.10119 ], [ -97.53959, 20.11601 ], [ -97.52739, 20.11488 ], [ -97.49484, 20.13735 ], [ -97.4998, 20.14272 ], [ -97.49479, 20.14619 ], [ -97.50538, 20.15394 ], [ -97.4848, 20.17388 ], [ -97.46506, 20.18022 ], [ -97.46429, 20.22423 ], [ -97.44528, 20.24616 ], [ -97.42081, 20.24242 ], [ -97.40817, 20.23209 ], [ -97.38061, 20.24988 ], [ -97.37421, 20.24301 ], [ -97.37772, 20.2229 ], [ -97.36551, 20.21575 ], [ -97.28528, 20.19073 ], [ -97.28319, 20.18111 ], [ -97.27054, 20.18752 ], [ -97.26193, 20.17755 ], [ -97.24404, 20.18228 ], [ -97.24239, 20.17448 ], [ -97.16441, 20.15183 ], [ -97.16101, 20.16072 ], [ -97.14999, 20.16061 ], [ -97.15753, 20.14958 ], [ -97.15136, 20.13754 ], [ -97.12241, 20.13672 ], [ -97.17403, 20.09217 ], [ -97.1855, 20.06234 ], [ -97.19543, 20.05434 ], [ -97.20615, 20.05635 ], [ -97.20693, 20.01467 ], [ -97.2251, 20.00946 ], [ -97.23817, 19.98871 ], [ -97.26067, 19.97725 ], [ -97.26925, 19.94703 ], [ -97.25581, 19.93246 ], [ -97.29182, 19.90026 ], [ -97.29047, 19.88681 ], [ -97.30456, 19.87069 ], [ -97.32, 19.76983 ], [ -97.32194, 19.73478 ], [ -97.31378, 19.73514 ], [ -97.33314, 19.71678 ], [ -97.30393, 19.67116 ], [ -97.3264, 19.67892 ], [ -97.34116, 19.67575 ], [ -97.40275, 19.61534 ], [ -97.41847, 19.62722 ], [ -97.43428, 19.58885 ], [ -97.42665, 19.54168 ], [ -97.40959, 19.53733 ], [ -97.40088, 19.50691 ], [ -97.40456, 19.49587 ], [ -97.37067, 19.49499 ], [ -97.36075, 19.48849 ], [ -97.35573, 19.49291 ], [ -97.34826, 19.48463 ], [ -97.34689, 19.451 ], [ -97.35728, 19.43238 ], [ -97.38154, 19.43237 ], [ -97.39736, 19.41906 ], [ -97.3941, 19.4073 ], [ -97.3717, 19.40306 ], [ -97.36045, 19.37603 ], [ -97.34862, 19.37849 ], [ -97.33775, 19.39253 ], [ -97.28497, 19.39164 ], [ -97.23362, 19.37122 ], [ -97.22387, 19.35696 ], [ -97.21021, 19.35944 ], [ -97.20472, 19.32996 ], [ -97.21561, 19.32332 ], [ -97.20084, 19.31629 ], [ -97.20027, 19.30926 ], [ -97.17021, 19.32902 ], [ -97.14845, 19.32025 ], [ -97.13675, 19.3227 ], [ -97.12936, 19.3089 ], [ -97.102, 19.30362 ], [ -97.07118, 19.32152 ], [ -97.05569, 19.31197 ], [ -97.04551, 19.32128 ], [ -97.03099, 19.29733 ], [ -97.01476, 19.29008 ], [ -97.00346, 19.29638 ], [ -96.98556, 19.2794 ], [ -97.00441, 19.2569 ], [ -97.00123, 19.23655 ], [ -97.05156, 19.20681 ], [ -97.05615, 19.19767 ], [ -97.04139, 19.17442 ], [ -97.04214, 19.15139 ], [ -97.02705, 19.13324 ], [ -97.03446, 19.13767 ], [ -97.04584, 19.12803 ], [ -97.05563, 19.134 ], [ -97.06798, 19.14846 ], [ -97.06669, 19.15946 ], [ -97.10872, 19.16841 ], [ -97.13073, 19.16768 ], [ -97.13653, 19.16011 ], [ -97.18063, 19.16933 ], [ -97.18368, 19.16274 ], [ -97.19459, 19.17181 ], [ -97.20963, 19.15985 ], [ -97.1972, 19.14656 ], [ -97.21957, 19.13613 ], [ -97.22232, 19.12343 ], [ -97.2614, 19.09663 ], [ -97.26965, 19.06307 ], [ -97.26663, 19.03031 ], [ -97.28513, 18.99943 ], [ -97.25826, 18.97771 ], [ -97.25335, 18.92875 ], [ -97.24182, 18.90214 ], [ -97.2458, 18.8933 ], [ -97.27137, 18.89081 ], [ -97.29731, 18.86731 ], [ -97.30609, 18.84342 ], [ -97.32267, 18.83507 ], [ -97.32635, 18.81025 ], [ -97.35303, 18.79128 ], [ -97.35285, 18.77436 ], [ -97.34019, 18.7784 ], [ -97.33006, 18.76597 ], [ -97.34424, 18.74944 ], [ -97.33951, 18.74241 ], [ -97.34719, 18.72744 ], [ -97.34215, 18.72582 ], [ -97.35003, 18.71714 ], [ -97.3422, 18.7059 ], [ -97.34397, 18.68576 ], [ -97.33726, 18.67859 ], [ -97.33103, 18.68312 ], [ -97.32318, 18.66431 ], [ -97.3032, 18.67429 ], [ -97.28187, 18.65249 ], [ -97.27185, 18.62778 ], [ -97.25227, 18.62673 ], [ -97.23543, 18.64357 ], [ -97.21524, 18.62555 ], [ -97.19692, 18.62958 ], [ -97.17596, 18.61672 ], [ -97.17441, 18.60666 ], [ -97.14144, 18.59642 ], [ -97.14456, 18.57093 ], [ -97.08347, 18.48394 ], [ -97.07997, 18.45451 ], [ -97.04638, 18.49956 ], [ -96.99892, 18.53192 ], [ -96.98482, 18.5312 ], [ -96.97379, 18.53676 ], [ -96.97681, 18.54308 ], [ -96.96521, 18.54166 ], [ -96.95433, 18.55383 ], [ -96.92594, 18.53493 ], [ -96.89925, 18.54865 ], [ -96.88588, 18.53344 ], [ -96.87593, 18.53509 ], [ -96.87351, 18.52323 ], [ -96.86653, 18.52669 ], [ -96.8673, 18.5146 ], [ -96.84633, 18.50538 ], [ -96.84236, 18.49339 ], [ -96.8251, 18.49811 ], [ -96.82404, 18.51111 ], [ -96.81345, 18.51762 ], [ -96.79701, 18.51194 ], [ -96.7958, 18.48022 ], [ -96.78921, 18.46714 ], [ -96.78094, 18.46593 ], [ -96.78617, 18.45793 ], [ -96.77542, 18.44809 ], [ -96.78482, 18.4442 ], [ -96.78101, 18.42907 ], [ -96.76319, 18.42705 ], [ -96.7709, 18.42298 ], [ -96.75909, 18.40826 ], [ -96.72468, 18.40739 ], [ -96.72865, 18.39574 ], [ -96.75393, 18.39262 ], [ -96.74985, 18.38161 ], [ -96.76276, 18.38323 ], [ -96.7635, 18.37501 ], [ -96.78043, 18.36353 ], [ -96.78421, 18.33833 ], [ -96.82182, 18.32068 ], [ -96.81757, 18.30079 ], [ -96.84323, 18.27107 ], [ -96.84171, 18.25645 ], [ -96.85476, 18.24123 ], [ -96.88526, 18.24396 ], [ -96.91305, 18.23854 ], [ -96.91615, 18.23064 ], [ -96.92188, 18.24062 ], [ -96.93684, 18.21603 ], [ -96.97414, 18.23244 ], [ -96.99148, 18.23074 ], [ -97.0402, 18.17482 ], [ -97.04209, 18.15657 ], [ -97.11376, 18.14947 ], [ -97.1239, 18.16246 ], [ -97.13389, 18.15772 ], [ -97.13864, 18.1671 ], [ -97.13382, 18.17413 ], [ -97.14403, 18.16343 ], [ -97.16737, 18.2009 ], [ -97.19235, 18.19237 ], [ -97.18722, 18.17516 ], [ -97.21435, 18.16367 ], [ -97.22867, 18.17459 ], [ -97.26627, 18.15855 ], [ -97.30341, 18.15908 ], [ -97.31844, 18.14578 ], [ -97.33219, 18.14541 ], [ -97.37655, 18.09451 ], [ -97.4029, 18.10749 ], [ -97.41124, 18.10239 ], [ -97.42556, 18.06928 ], [ -97.44136, 18.07194 ], [ -97.44815, 18.06598 ], [ -97.44749, 18.05347 ], [ -97.46692, 18.02695 ], [ -97.50592, 18.02782 ], [ -97.52237, 18.04465 ], [ -97.53405, 18.04634 ], [ -97.54391, 18.03344 ], [ -97.56379, 18.06258 ], [ -97.56962, 18.10339 ], [ -97.60815, 18.13101 ], [ -97.6093, 18.15368 ], [ -97.65318, 18.17529 ], [ -97.63402, 18.20007 ], [ -97.64398, 18.27942 ], [ -97.65471, 18.29309 ], [ -97.69971, 18.28823 ], [ -97.72127, 18.27605 ], [ -97.7973, 18.28317 ], [ -97.82762, 18.23694 ], [ -97.82296, 18.2234 ], [ -97.8441, 18.21615 ], [ -97.85923, 18.19229 ], [ -97.84991, 18.18951 ], [ -97.83946, 18.17123 ], [ -97.85363, 18.16792 ], [ -97.86748, 18.14457 ], [ -97.86722, 18.1149 ], [ -97.84946, 18.08374 ], [ -97.81067, 18.06772 ], [ -97.83478, 18.0498 ], [ -97.8426, 17.99608 ], [ -97.82627, 17.97268 ], [ -97.81657, 17.99348 ], [ -97.79092, 18.00416 ], [ -97.79854, 18.0358 ], [ -97.77167, 18.06837 ], [ -97.7491, 18.06064 ], [ -97.72993, 18.03732 ], [ -97.69777, 18.01882 ], [ -97.69974, 18.00164 ], [ -97.72854, 18.01223 ], [ -97.76638, 18.00591 ], [ -97.76794, 17.97665 ], [ -97.80337, 17.96046 ], [ -97.81929, 17.91474 ], [ -97.83236, 17.90853 ], [ -97.87911, 17.91791 ], [ -97.9031, 17.90916 ], [ -97.9363, 17.91718 ], [ -97.93799, 17.94067 ], [ -97.94885, 17.94816 ], [ -97.93496, 17.96102 ], [ -97.93738, 17.9679 ], [ -97.96756, 17.9707 ], [ -97.97938, 17.96444 ], [ -97.98647, 17.9786 ], [ -97.99959, 17.97553 ], [ -98.02979, 17.99184 ], [ -98.04671, 17.97621 ], [ -98.06412, 17.98558 ], [ -98.11303, 17.97843 ], [ -98.13039, 17.98808 ], [ -98.12992, 17.97798 ], [ -98.15035, 17.97084 ], [ -98.16961, 17.95283 ], [ -98.17253, 17.92537 ], [ -98.1651, 17.91779 ], [ -98.17091, 17.90206 ], [ -98.20276, 17.8924 ], [ -98.20975, 17.87976 ], [ -98.25477, 17.88363 ], [ -98.25848, 17.9033 ], [ -98.2702, 17.9156 ], [ -98.26223, 17.92688 ], [ -98.27332, 17.92237 ], [ -98.28231, 17.93515 ], [ -98.29041, 17.91465 ], [ -98.30083, 17.90786 ], [ -98.30207, 17.89311 ], [ -98.32882, 17.87893 ], [ -98.34907, 17.89317 ], [ -98.36286, 17.88163 ], [ -98.3826, 17.88367 ], [ -98.39876, 17.86091 ], [ -98.42077, 17.86369 ], [ -98.42423, 17.89224 ], [ -98.43552, 17.89141 ], [ -98.43444, 17.90837 ], [ -98.445, 17.9223 ], [ -98.42417, 17.93824 ], [ -98.43273, 17.972 ], [ -98.42509, 17.97693 ], [ -98.44814, 17.99071 ], [ -98.47147, 17.99178 ], [ -98.47639, 17.98104 ], [ -98.50049, 17.99558 ], [ -98.52672, 17.99629 ], [ -98.52963, 17.97582 ], [ -98.53843, 17.9838 ], [ -98.54378, 17.97335 ], [ -98.55395, 17.97877 ], [ -98.55539, 17.97284 ], [ -98.58552, 17.97494 ], [ -98.59321, 17.96036 ], [ -98.61048, 17.95806 ], [ -98.62205, 17.94171 ], [ -98.63298, 17.94353 ], [ -98.65054, 17.93316 ], [ -98.67295, 17.94327 ], [ -98.6881, 17.96194 ], [ -98.70595, 17.95561 ], [ -98.70884, 17.96754 ], [ -98.73183, 17.98255 ], [ -98.81494, 18.0017 ], [ -98.80126, 18.02205 ], [ -98.7671, 18.01961 ], [ -98.7351, 18.0451 ], [ -98.75914, 18.04468 ], [ -98.79707, 18.06265 ], [ -98.80034, 18.05308 ], [ -98.8113, 18.05063 ], [ -98.813, 18.06488 ], [ -98.86981, 18.05722 ], [ -98.85237, 18.1176 ], [ -98.88188, 18.16616 ], [ -98.95722, 18.1887 ], [ -99.00007, 18.1902 ], [ -98.98906, 18.24935 ], [ -99.01933, 18.24541 ], [ -99.02359, 18.24919 ], [ -99.01471, 18.26327 ], [ -99.03171, 18.27231 ], [ -99.05577, 18.25017 ], [ -99.06371, 18.25148 ], [ -99.06382, 18.2625 ], [ -99.05323, 18.26416 ], [ -99.06936, 18.28323 ], [ -99.05177, 18.28982 ], [ -99.07049, 18.32684 ], [ -99.05769, 18.33846 ], [ -99.05877, 18.34886 ], [ -99.02361, 18.37245 ], [ -99.01818, 18.38778 ], [ -99.00093, 18.38826 ], [ -98.98794, 18.39706 ], [ -98.98537, 18.42115 ], [ -98.95143, 18.41763 ], [ -98.93515, 18.4229 ], [ -98.91932, 18.43196 ], [ -98.91517, 18.45782 ], [ -98.90541, 18.45974 ], [ -98.91222, 18.46212 ], [ -98.87058, 18.4792 ], [ -98.85041, 18.47803 ], [ -98.83645, 18.49458 ], [ -98.84034, 18.51277 ], [ -98.82777, 18.52389 ], [ -98.81056, 18.51931 ], [ -98.78677, 18.48463 ], [ -98.761, 18.47545 ], [ -98.75219, 18.45392 ], [ -98.73808, 18.45574 ], [ -98.72695, 18.43953 ], [ -98.7067, 18.44511 ], [ -98.71042, 18.46807 ], [ -98.69897, 18.49498 ], [ -98.70733, 18.49285 ], [ -98.70194, 18.51219 ], [ -98.71336, 18.52056 ], [ -98.70275, 18.53879 ], [ -98.71667, 18.56592 ], [ -98.71257, 18.58796 ], [ -98.71984, 18.60071 ], [ -98.71143, 18.61645 ], [ -98.7199, 18.65595 ], [ -98.74188, 18.70218 ], [ -98.72399, 18.71907 ], [ -98.71591, 18.73919 ], [ -98.72894, 18.74524 ], [ -98.73867, 18.73717 ], [ -98.75349, 18.74297 ], [ -98.73386, 18.77808 ], [ -98.72795, 18.80551 ], [ -98.70715, 18.8218 ], [ -98.68198, 18.87596 ], [ -98.6721, 18.87945 ], [ -98.66132, 18.89781 ], [ -98.67291, 18.90944 ], [ -98.68141, 18.90717 ], [ -98.70031, 18.8938 ], [ -98.69776, 18.87695 ], [ -98.71347, 18.86724 ], [ -98.70734, 18.90286 ], [ -98.67809, 18.92372 ], [ -98.67391, 18.95106 ], [ -98.64961, 18.99958 ], [ -98.61987, 19.03506 ], [ -98.62979, 19.0436 ], [ -98.6311, 19.05965 ], [ -98.62347, 19.06638 ], [ -98.6393, 19.07744 ], [ -98.62589, 19.08938 ], [ -98.63256, 19.10061 ], [ -98.62549, 19.11957 ], [ -98.64066, 19.12546 ], [ -98.63892, 19.1506 ], [ -98.63534, 19.14703 ], [ -98.64702, 19.18483 ], [ -98.64357, 19.23873 ], [ -98.62752, 19.25776 ], [ -98.66348, 19.32479 ], [ -98.66059, 19.35174 ], [ -98.64448, 19.352 ], [ -98.63808, 19.35891 ], [ -98.65406, 19.3694 ], [ -98.66285, 19.403 ], [ -98.66018, 19.43209 ], [ -98.6347, 19.42955 ], [ -98.66144, 19.45809 ], [ -98.65323, 19.46599 ], [ -98.63411, 19.46785 ], [ -98.62941, 19.45702 ], [ -98.59128, 19.44921 ], [ -98.57028, 19.46677 ], [ -98.52319, 19.46087 ], [ -98.47028, 19.36083 ], [ -98.44127, 19.32525 ], [ -98.42835, 19.32758 ], [ -98.40772, 19.31593 ], [ -98.41009, 19.29134 ], [ -98.3804, 19.26172 ], [ -98.36455, 19.23313 ], [ -98.36892, 19.22612 ], [ -98.33068, 19.20015 ], [ -98.34271, 19.17794 ], [ -98.32393, 19.16866 ], [ -98.30716, 19.1892 ], [ -98.2697, 19.16239 ], [ -98.23024, 19.15673 ], [ -98.22304, 19.13664 ], [ -98.20804, 19.1327 ], [ -98.19071, 19.13999 ], [ -98.19714, 19.1275 ], [ -98.19164, 19.12194 ], [ -98.20435, 19.11493 ], [ -98.18485, 19.11552 ], [ -98.16618, 19.10507 ], [ -98.11016, 19.14321 ], [ -98.10032, 19.16337 ], [ -98.04153, 19.21023 ], [ -98.03169, 19.23094 ], [ -97.99862, 19.19832 ], [ -97.9282, 19.16421 ], [ -97.91137, 19.17961 ], [ -97.88984, 19.18696 ], [ -97.89322, 19.20031 ], [ -97.85099, 19.22293 ], [ -97.86038, 19.24408 ], [ -97.87049, 19.24006 ], [ -97.86514, 19.25395 ], [ -97.85405, 19.25733 ], [ -97.87029, 19.27059 ], [ -97.85972, 19.2872 ], [ -97.83843, 19.28726 ], [ -97.83927, 19.30138 ], [ -97.80047, 19.30158 ], [ -97.77139, 19.28375 ], [ -97.74509, 19.30526 ], [ -97.73833, 19.2871 ], [ -97.71964, 19.30475 ], [ -97.69093, 19.28589 ], [ -97.66952, 19.29213 ], [ -97.65804, 19.31066 ], [ -97.64609, 19.30641 ], [ -97.63895, 19.31905 ], [ -97.63312, 19.31616 ], [ -97.62636, 19.32393 ], [ -97.62701, 19.33367 ], [ -97.63871, 19.33826 ], [ -97.63145, 19.3554 ], [ -97.64029, 19.36075 ], [ -97.65363, 19.3538 ], [ -97.65798, 19.36367 ], [ -97.67386, 19.36747 ], [ -97.6813, 19.3883 ], [ -97.70545, 19.39364 ], [ -97.72453, 19.43164 ], [ -97.74728, 19.43633 ], [ -97.74469, 19.44504 ], [ -97.7548, 19.45754 ], [ -97.77071, 19.45661 ], [ -97.77805, 19.47288 ], [ -97.79686, 19.47244 ], [ -97.79454, 19.49837 ], [ -97.85942, 19.45435 ], [ -97.86227, 19.45618 ], [ -97.84735, 19.474 ], [ -97.84874, 19.48278 ], [ -97.87399, 19.50293 ], [ -97.88975, 19.50458 ], [ -97.88752, 19.51764 ], [ -97.87168, 19.53215 ], [ -97.87181, 19.56177 ], [ -97.88153, 19.57172 ], [ -97.90792, 19.57936 ], [ -97.91615, 19.59402 ], [ -97.94671, 19.58563 ], [ -97.95053, 19.60284 ], [ -97.95809, 19.60307 ], [ -97.98068, 19.62854 ], [ -98.04221, 19.64022 ], [ -98.03644, 19.68584 ], [ -98.06081, 19.72892 ], [ -98.06693, 19.72519 ], [ -98.06461, 19.70866 ], [ -98.08281, 19.70076 ], [ -98.09092, 19.67762 ], [ -98.10101, 19.66805 ], [ -98.11774, 19.68826 ], [ -98.14373, 19.68365 ], [ -98.16556, 19.66748 ], [ -98.18737, 19.67973 ], [ -98.18982, 19.67101 ], [ -98.22802, 19.67445 ], [ -98.22808, 19.68042 ], [ -98.24107, 19.67584 ], [ -98.25241, 19.69313 ], [ -98.25532, 19.71883 ], [ -98.23626, 19.72333 ], [ -98.21511, 19.74131 ], [ -98.1957, 19.74162 ], [ -98.19438, 19.76537 ], [ -98.22142, 19.77358 ], [ -98.21616, 19.77842 ], [ -98.23482, 19.77705 ], [ -98.25103, 19.79506 ], [ -98.25086, 19.81276 ], [ -98.26458, 19.823 ], [ -98.26923, 19.84495 ], [ -98.30529, 19.84587 ], [ -98.315, 19.85512 ], [ -98.29107, 19.87581 ], [ -98.29093, 19.88888 ], [ -98.26935, 19.89571 ], [ -98.26782, 19.91611 ], [ -98.24807, 19.91753 ], [ -98.24531, 19.924 ], [ -98.25626, 19.92931 ], [ -98.24219, 19.94115 ], [ -98.2516, 19.94815 ], [ -98.22208, 19.94693 ], [ -98.22675, 19.95622 ], [ -98.21594, 19.96852 ], [ -98.1807, 19.95975 ], [ -98.16043, 19.97813 ], [ -98.17426, 19.99774 ], [ -98.16396, 20.02246 ], [ -98.175, 20.0296 ], [ -98.1809, 20.04699 ], [ -98.16815, 20.05723 ], [ -98.1597, 20.09257 ], [ -98.12827, 20.1072 ], [ -98.12461, 20.12407 ], [ -98.10846, 20.1208 ], [ -98.09788, 20.14539 ], [ -98.13958, 20.15014 ], [ -98.12973, 20.16148 ], [ -98.12796, 20.18594 ], [ -98.15392, 20.20858 ], [ -98.14773, 20.22639 ], [ -98.17592, 20.25423 ], [ -98.1924, 20.25822 ], [ -98.21296, 20.23429 ], [ -98.22914, 20.23661 ], [ -98.24381, 20.21794 ], [ -98.27055, 20.21581 ], [ -98.27892, 20.22527 ], [ -98.28444, 20.26279 ], [ -98.26604, 20.27361 ], [ -98.25403, 20.30134 ], [ -98.23648, 20.30435 ], [ -98.21595, 20.29146 ], [ -98.17908, 20.29381 ], [ -98.18131, 20.33654 ], [ -98.16325, 20.32785 ], [ -98.12684, 20.33623 ], [ -98.12618, 20.3463 ], [ -98.1125, 20.3543 ], [ -98.11565, 20.36311 ], [ -98.10839, 20.37396 ], [ -98.07732, 20.40312 ], [ -98.07048, 20.43027 ], [ -98.01138, 20.45577 ], [ -98.00886, 20.48254 ], [ -97.99367, 20.48491 ], [ -97.98879, 20.49539 ], [ -97.99743, 20.5061 ], [ -97.97263, 20.5232 ], [ -97.98153, 20.52568 ], [ -97.98082, 20.54071 ], [ -97.90969, 20.58638 ], [ -97.90876, 20.60813 ], [ -97.89497, 20.6239 ], [ -97.91184, 20.65352 ], [ -97.90877, 20.66716 ], [ -97.91783, 20.67394 ], [ -97.91373, 20.68916 ], [ -97.89743, 20.70321 ], [ -97.92245, 20.71652 ], [ -97.87912, 20.83428 ], [ -97.85287, 20.83287 ], [ -97.84227, 20.83991 ] ] ] } },
{ "type": "Feature", "properties": { "CVEGEO": "22", "CVE_ENT": "22", "NOMGEO": "Querétaro" }, "geometry": { "type": "Polygon", "coordinates": [ [ [ -99.18811, 21.66992 ], [ -99.1719, 21.62703 ], [ -99.1283, 21.58982 ], [ -99.14228, 21.53544 ], [ -99.12977, 21.5017 ], [ -99.12603, 21.46054 ], [ -99.10592, 21.41156 ], [ -99.09813, 21.40841 ], [ -99.09284, 21.3817 ], [ -99.09788, 21.37764 ], [ -99.09262, 21.36336 ], [ -99.12946, 21.36205 ], [ -99.13783, 21.32979 ], [ -99.10295, 21.32119 ], [ -99.12756, 21.31834 ], [ -99.10579, 21.30204 ], [ -99.10435, 21.2896 ], [ -99.08299, 21.29635 ], [ -99.06143, 21.27947 ], [ -99.05324, 21.28163 ], [ -99.05118, 21.25343 ], [ -99.06994, 21.24306 ], [ -99.07353, 21.23043 ], [ -99.05237, 21.21952 ], [ -99.04308, 21.17868 ], [ -99.06133, 21.15421 ], [ -99.07271, 21.15797 ], [ -99.0598, 21.16751 ], [ -99.06241, 21.17431 ], [ -99.07648, 21.17346 ], [ -99.07062, 21.16701 ], [ -99.07705, 21.15914 ], [ -99.09094, 21.15298 ], [ -99.11085, 21.15656 ], [ -99.11149, 21.14851 ], [ -99.12637, 21.14664 ], [ -99.13489, 21.15258 ], [ -99.17548, 21.13838 ], [ -99.1846, 21.12226 ], [ -99.20623, 21.11869 ], [ -99.21542, 21.10621 ], [ -99.23422, 21.1128 ], [ -99.24733, 21.10134 ], [ -99.25596, 21.10425 ], [ -99.30921, 21.1473 ], [ -99.34183, 21.12366 ], [ -99.34636, 21.10088 ], [ -99.39737, 21.102 ], [ -99.38767, 21.06783 ], [ -99.37581, 21.07337 ], [ -99.36744, 21.06948 ], [ -99.37708, 21.05662 ], [ -99.36325, 21.04173 ], [ -99.36836, 21.02477 ], [ -99.38457, 21.01809 ], [ -99.38995, 21.00414 ], [ -99.39633, 20.98109 ], [ -99.38828, 20.9662 ], [ -99.39063, 20.95227 ], [ -99.40724, 20.9371 ], [ -99.40304, 20.9302 ], [ -99.41559, 20.9249 ], [ -99.41256, 20.90543 ], [ -99.43523, 20.8994 ], [ -99.44606, 20.85303 ], [ -99.45443, 20.85798 ], [ -99.45654, 20.84902 ], [ -99.48873, 20.83293 ], [ -99.48529, 20.81783 ], [ -99.49973, 20.80427 ], [ -99.48871, 20.79937 ], [ -99.49725, 20.79094 ], [ -99.50377, 20.79483 ], [ -99.49631, 20.78235 ], [ -99.50645, 20.77172 ], [ -99.50382, 20.76579 ], [ -99.54847, 20.7372 ], [ -99.53427, 20.70597 ], [ -99.50554, 20.6847 ], [ -99.51104, 20.67839 ], [ -99.50064, 20.67304 ], [ -99.50192, 20.65896 ], [ -99.52704, 20.65663 ], [ -99.53881, 20.64367 ], [ -99.56534, 20.64039 ], [ -99.57865, 20.6285 ], [ -99.57895, 20.61883 ], [ -99.58971, 20.6204 ], [ -99.59274, 20.61083 ], [ -99.60741, 20.6064 ], [ -99.61951, 20.59141 ], [ -99.63458, 20.60565 ], [ -99.65787, 20.6018 ], [ -99.69641, 20.57445 ], [ -99.71195, 20.58127 ], [ -99.72824, 20.57511 ], [ -99.73868, 20.56052 ], [ -99.77933, 20.5593 ], [ -99.80463, 20.54476 ], [ -99.82807, 20.54301 ], [ -99.85911, 20.26847 ], [ -99.91139, 20.28559 ], [ -99.9195, 20.28167 ], [ -99.92955, 20.26846 ], [ -99.92847, 20.25022 ], [ -99.93408, 20.24977 ], [ -99.91846, 20.21178 ], [ -99.95093, 20.2159 ], [ -99.95852, 20.25224 ], [ -99.97703, 20.27238 ], [ -99.98568, 20.26226 ], [ -99.9645, 20.2163 ], [ -99.96523, 20.20116 ], [ -99.93714, 20.18173 ], [ -99.93521, 20.16525 ], [ -99.9219, 20.15874 ], [ -99.93621, 20.16252 ], [ -99.93075, 20.14313 ], [ -99.94221, 20.1201 ], [ -99.92377, 20.08413 ], [ -99.92634, 20.06433 ], [ -99.98019, 20.05915 ], [ -99.97847, 20.07405 ], [ -100.00035, 20.07748 ], [ -100.00564, 20.0642 ], [ -100.02762, 20.05658 ], [ -100.0438, 20.03657 ], [ -100.06173, 20.03879 ], [ -100.06563, 20.03136 ], [ -100.08134, 20.02885 ], [ -100.08882, 20.01502 ], [ -100.09134, 20.02426 ], [ -100.1327, 20.04058 ], [ -100.14683, 20.05747 ], [ -100.16219, 20.06254 ], [ -100.15726, 20.07111 ], [ -100.16446, 20.07835 ], [ -100.17674, 20.07091 ], [ -100.18309, 20.07386 ], [ -100.17983, 20.083 ], [ -100.20294, 20.07665 ], [ -100.19739, 20.12989 ], [ -100.2356, 20.14346 ], [ -100.19186, 20.176 ], [ -100.18114, 20.2088 ], [ -100.24513, 20.25036 ], [ -100.26046, 20.26751 ], [ -100.34583, 20.298 ], [ -100.35066, 20.28841 ], [ -100.36946, 20.30252 ], [ -100.38129, 20.30305 ], [ -100.39202, 20.31433 ], [ -100.39402, 20.35023 ], [ -100.41, 20.37601 ], [ -100.47618, 20.38961 ], [ -100.47827, 20.41629 ], [ -100.4895, 20.43139 ], [ -100.49238, 20.49042 ], [ -100.49736, 20.50483 ], [ -100.50976, 20.50653 ], [ -100.50111, 20.5126 ], [ -100.50852, 20.52621 ], [ -100.50477, 20.55503 ], [ -100.485, 20.5538 ], [ -100.48209, 20.57151 ], [ -100.49618, 20.61619 ], [ -100.52149, 20.62486 ], [ -100.52954, 20.63867 ], [ -100.55113, 20.63377 ], [ -100.56193, 20.67143 ], [ -100.5836, 20.67842 ], [ -100.58128, 20.69293 ], [ -100.59654, 20.71726 ], [ -100.58441, 20.72894 ], [ -100.54891, 20.73638 ], [ -100.54812, 20.74956 ], [ -100.56408, 20.7747 ], [ -100.55833, 20.80457 ], [ -100.57336, 20.80367 ], [ -100.57759, 20.81667 ], [ -100.50205, 20.85292 ], [ -100.50902, 20.87071 ], [ -100.48537, 20.9088 ], [ -100.46996, 20.90704 ], [ -100.47223, 20.92845 ], [ -100.45318, 20.9232 ], [ -100.45396, 20.90018 ], [ -100.4134, 20.88743 ], [ -100.33359, 20.89073 ], [ -100.29839, 20.91529 ], [ -100.30538, 20.92383 ], [ -100.29921, 20.93133 ], [ -100.26554, 20.92925 ], [ -100.2618, 20.95337 ], [ -100.27206, 20.96303 ], [ -100.26362, 20.971 ], [ -100.18153, 20.9304 ], [ -100.17837, 20.93867 ], [ -100.13531, 20.93726 ], [ -100.11783, 20.92216 ], [ -100.06417, 20.93629 ], [ -100.08074, 20.94986 ], [ -100.0688, 20.95791 ], [ -100.07804, 20.97266 ], [ -100.06985, 20.98349 ], [ -100.07376, 20.99176 ], [ -100.06075, 21.00582 ], [ -100.06895, 21.02281 ], [ -100.05448, 21.02779 ], [ -100.02256, 21.01462 ], [ -100.01107, 21.0285 ], [ -100.00666, 21.04639 ], [ -100.01977, 21.05513 ], [ -100.02642, 21.07356 ], [ -100.02188, 21.10008 ], [ -100.02754, 21.10025 ], [ -99.99642, 21.18259 ], [ -100.01109, 21.18946 ], [ -99.98637, 21.21831 ], [ -99.94786, 21.21237 ], [ -99.95471, 21.20567 ], [ -99.94536, 21.20989 ], [ -99.94265, 21.19442 ], [ -99.89935, 21.1839 ], [ -99.88825, 21.1696 ], [ -99.83126, 21.15732 ], [ -99.77697, 21.19594 ], [ -99.77583, 21.20728 ], [ -99.73848, 21.23582 ], [ -99.68785, 21.22578 ], [ -99.69871, 21.24075 ], [ -99.69908, 21.2667 ], [ -99.6713, 21.30119 ], [ -99.70757, 21.31455 ], [ -99.73725, 21.31288 ], [ -99.73416, 21.30144 ], [ -99.75789, 21.29214 ], [ -99.784, 21.32015 ], [ -99.78779, 21.32962 ], [ -99.77757, 21.34324 ], [ -99.79213, 21.34391 ], [ -99.79452, 21.3574 ], [ -99.7755, 21.37497 ], [ -99.78026, 21.38936 ], [ -99.77206, 21.40638 ], [ -99.78035, 21.41422 ], [ -99.78059, 21.43481 ], [ -99.77178, 21.46631 ], [ -99.77735, 21.49596 ], [ -99.74929, 21.52317 ], [ -99.74674, 21.57836 ], [ -99.65954, 21.56795 ], [ -99.6258, 21.5073 ], [ -99.54935, 21.44707 ], [ -99.5566, 21.43661 ], [ -99.55193, 21.42839 ], [ -99.53712, 21.43145 ], [ -99.49752, 21.41923 ], [ -99.47077, 21.43662 ], [ -99.46982, 21.44651 ], [ -99.44735, 21.44348 ], [ -99.43628, 21.44986 ], [ -99.41552, 21.42913 ], [ -99.40592, 21.42827 ], [ -99.3969, 21.44509 ], [ -99.39856, 21.46343 ], [ -99.38888, 21.4649 ], [ -99.38238, 21.48089 ], [ -99.38671, 21.50037 ], [ -99.37198, 21.5071 ], [ -99.37591, 21.54793 ], [ -99.34986, 21.55236 ], [ -99.32729, 21.53517 ], [ -99.30549, 21.53291 ], [ -99.2893, 21.55036 ], [ -99.2907, 21.55801 ], [ -99.2744, 21.56532 ], [ -99.28072, 21.6079 ], [ -99.2435, 21.61506 ], [ -99.22512, 21.63329 ], [ -99.2177, 21.66665 ], [ -99.18811, 21.66992 ] ] ] } },
{ "type": "Feature", "properties": { "CVEGEO": "23", "CVE_ENT": "23", "NOMGEO": "Quintana Roo" }, "geometry": { "type": "MultiPolygon", "coordinates": [ [ [ [ -87.38855, 18.37704 ], [ -87.39198, 18.37447 ], [ -87.39463, 18.38077 ], [ -87.38855, 18.37704 ] ] ], [ [ [ -87.40162, 18.38124 ], [ -87.40839, 18.38029 ], [ -87.40879, 18.39014 ], [ -87.40703, 18.39037 ], [ -87.40162, 18.38124 ] ] ], [ [ [ -87.41155, 18.39207 ], [ -87.42074, 18.39585 ], [ -87.42133, 18.39929 ], [ -87.41749, 18.39957 ], [ -87.41155, 18.39207 ] ] ], [ [ [ -87.42604, 18.40547 ], [ -87.42915, 18.4048 ], [ -87.43007, 18.40952 ], [ -87.42604, 18.40547 ] ] ], [ [ [ -87.43414, 18.42093 ], [ -87.43805, 18.42255 ], [ -87.43522, 18.42361 ], [ -87.43414, 18.42093 ] ] ], [ [ [ -87.43924, 18.42846 ], [ -87.4474, 18.46004 ], [ -87.44427, 18.46258 ], [ -87.43877, 18.45033 ], [ -87.43924, 18.42846 ] ] ], [ [ [ -87.44456, 18.47541 ], [ -87.44705, 18.48022 ], [ -87.44058, 18.51869 ], [ -87.43716, 18.51613 ], [ -87.44456, 18.47541 ] ] ], [ [ [ -87.43461, 18.55897 ], [ -87.43921, 18.56036 ], [ -87.43674, 18.56232 ], [ -87.43461, 18.55897 ] ] ], [ [ [ -87.36192, 18.38514 ], [ -87.38334, 18.37506 ], [ -87.33216, 18.44377 ], [ -87.32821, 18.47634 ], [ -87.33702, 18.52302 ], [ -87.31443, 18.55545 ], [ -87.33098, 18.52643 ], [ -87.32004, 18.49263 ], [ -87.32293, 18.45656 ], [ -87.36192, 18.38514 ] ] ], [ [ [ -87.43569, 18.58291 ], [ -87.43924, 18.58748 ], [ -87.43688, 18.58975 ], [ -87.43557, 18.58894 ], [ -87.43569, 18.58291 ] ] ], [ [ [ -87.4366, 18.60948 ], [ -87.44246, 18.60092 ], [ -87.44013, 18.61328 ], [ -87.4366, 18.60948 ] ] ], [ [ [ -87.30945, 18.60358 ], [ -87.30544, 18.59757 ], [ -87.31779, 18.57781 ], [ -87.34103, 18.5735 ], [ -87.30945, 18.60358 ] ] ], [ [ [ -87.43638, 18.62366 ], [ -87.43336, 18.6383 ], [ -87.42028, 18.66001 ], [ -87.42835, 18.63292 ], [ -87.43638, 18.62366 ] ] ], [ [ [ -87.40254, 18.68171 ], [ -87.41062, 18.6798 ], [ -87.39473, 18.71188 ], [ -87.40254, 18.68171 ] ] ], [ [ [ -87.38768, 18.72233 ], [ -87.39269, 18.72317 ], [ -87.38952, 18.72533 ], [ -87.38768, 18.72233 ] ] ], [ [ [ -87.384, 18.73253 ], [ -87.38752, 18.73252 ], [ -87.38517, 18.73639 ], [ -87.384, 18.73253 ] ] ], [ [ [ -87.3069, 18.73967 ], [ -87.30323, 18.7396 ], [ -87.30512, 18.73751 ], [ -87.3069, 18.73967 ] ] ], [ [ [ -87.27383, 18.73944 ], [ -87.24535, 18.6835 ], [ -87.2474, 18.64527 ], [ -87.26454, 18.61879 ], [ -87.25272, 18.6674 ], [ -87.27863, 18.73573 ], [ -87.27383, 18.73944 ] ] ], [ [ [ -87.27938, 18.7417 ], [ -87.2802, 18.74005 ], [ -87.28072, 18.74359 ], [ -87.27938, 18.7417 ] ] ], [ [ [ -87.37356, 18.74364 ], [ -87.37996, 18.74123 ], [ -87.37238, 18.75303 ], [ -87.37356, 18.74364 ] ] ], [ [ [ -87.31523, 18.74714 ], [ -87.31802, 18.74693 ], [ -87.31782, 18.74842 ], [ -87.31523, 18.74714 ] ] ], [ [ [ -87.30287, 18.74993 ], [ -87.29834, 18.74826 ], [ -87.30344, 18.7448 ], [ -87.30287, 18.74993 ] ] ], [ [ [ -87.31902, 18.75335 ], [ -87.32184, 18.754 ], [ -87.32032, 18.75593 ], [ -87.31902, 18.75335 ] ] ], [ [ [ -87.28902, 18.75437 ], [ -87.2905, 18.75276 ], [ -87.28979, 18.75452 ], [ -87.28902, 18.75437 ] ] ], [ [ [ -87.32037, 18.76217 ], [ -87.32194, 18.75892 ], [ -87.32162, 18.76249 ], [ -87.32037, 18.76217 ] ] ], [ [ [ -87.32851, 18.75398 ], [ -87.33177, 18.75855 ], [ -87.32673, 18.76496 ], [ -87.32503, 18.76165 ], [ -87.32851, 18.75398 ] ] ], [ [ [ -87.35343, 18.769 ], [ -87.35777, 18.76682 ], [ -87.35426, 18.7705 ], [ -87.35343, 18.769 ] ] ], [ [ [ -87.35684, 18.77253 ], [ -87.3611, 18.77198 ], [ -87.35731, 18.77402 ], [ -87.35684, 18.77253 ] ] ], [ [ [ -87.3181, 18.77012 ], [ -87.31934, 18.76663 ], [ -87.32008, 18.77018 ], [ -87.3181, 18.77012 ] ] ], [ [ [ -87.34236, 18.78018 ], [ -87.34938, 18.77867 ], [ -87.33912, 18.78611 ], [ -87.34236, 18.78018 ] ] ], [ [ [ -87.64566, 19.18798 ], [ -87.64029, 19.18454 ], [ -87.64708, 19.18639 ], [ -87.64566, 19.18798 ] ] ], [ [ [ -87.62729, 19.19565 ], [ -87.63402, 19.19306 ], [ -87.62754, 19.1967 ], [ -87.62729, 19.19565 ] ] ], [ [ [ -87.62867, 19.20447 ], [ -87.62853, 19.20255 ], [ -87.63104, 19.20272 ], [ -87.62867, 19.20447 ] ] ], [ [ [ -87.64095, 19.21705 ], [ -87.65202, 19.21554 ], [ -87.64024, 19.21852 ], [ -87.61456, 19.23603 ], [ -87.63131, 19.22149 ], [ -87.64095, 19.21705 ] ] ], [ [ [ -87.60322, 19.23692 ], [ -87.6054, 19.23411 ], [ -87.60603, 19.23506 ], [ -87.60322, 19.23692 ] ] ], [ [ [ -87.47124, 19.33483 ], [ -87.46427, 19.32895 ], [ -87.46554, 19.32655 ], [ -87.47124, 19.33483 ] ] ], [ [ [ -87.51822, 19.37112 ], [ -87.48344, 19.34448 ], [ -87.47927, 19.33541 ], [ -87.49485, 19.3507 ], [ -87.50549, 19.35097 ], [ -87.50626, 19.35854 ], [ -87.51498, 19.3573 ], [ -87.51822, 19.37112 ] ] ], [ [ [ -87.57161, 19.39435 ], [ -87.56545, 19.39726 ], [ -87.56555, 19.39371 ], [ -87.57161, 19.39435 ] ] ], [ [ [ -87.5555, 19.4107 ], [ -87.5494, 19.41237 ], [ -87.54946, 19.40838 ], [ -87.5555, 19.4107 ] ] ], [ [ [ -87.65852, 19.50561 ], [ -87.66185, 19.50469 ], [ -87.65963, 19.50786 ], [ -87.65852, 19.50561 ] ] ], [ [ [ -87.65719, 19.51254 ], [ -87.66187, 19.50981 ], [ -87.65729, 19.51713 ], [ -87.65719, 19.51254 ] ] ], [ [ [ -87.5769, 19.56603 ], [ -87.57696, 19.56475 ], [ -87.57742, 19.5652 ], [ -87.5769, 19.56603 ] ] ], [ [ [ -87.56617, 19.57738 ], [ -87.5675, 19.57716 ], [ -87.56634, 19.57766 ], [ -87.56617, 19.57738 ] ] ], [ [ [ -87.65945, 19.58802 ], [ -87.65998, 19.58748 ], [ -87.66005, 19.58781 ], [ -87.65945, 19.58802 ] ] ], [ [ [ -87.71305, 19.58975 ], [ -87.69058, 19.58793 ], [ -87.67546, 19.58741 ], [ -87.69467, 19.58723 ], [ -87.71305, 19.58975 ] ] ], [ [ [ -87.6472, 19.58685 ], [ -87.64843, 19.58725 ], [ -87.64703, 19.58741 ], [ -87.6472, 19.58685 ] ] ], [ [ [ -87.56145, 19.58087 ], [ -87.56257, 19.58045 ], [ -87.56151, 19.58116 ], [ -87.56145, 19.58087 ] ] ], [ [ [ -87.63628, 19.58795 ], [ -87.63907, 19.58799 ], [ -87.63595, 19.58891 ], [ -87.63628, 19.58795 ] ] ], [ [ [ -87.55771, 19.58357 ], [ -87.55821, 19.58315 ], [ -87.5585, 19.58366 ], [ -87.55771, 19.58357 ] ] ], [ [ [ -87.49772, 19.59258 ], [ -87.49925, 19.59127 ], [ -87.49933, 19.59262 ], [ -87.49772, 19.59258 ] ] ], [ [ [ -87.49082, 19.59888 ], [ -87.49176, 19.59492 ], [ -87.49391, 19.59514 ], [ -87.49082, 19.59888 ] ] ], [ [ [ -87.46232, 19.5967 ], [ -87.46465, 19.5977 ], [ -87.46352, 19.59838 ], [ -87.46232, 19.5967 ] ] ], [ [ [ -87.45869, 19.59778 ], [ -87.45557, 19.5958 ], [ -87.45827, 19.59614 ], [ -87.45869, 19.59778 ] ] ], [ [ [ -87.49238, 19.60486 ], [ -87.48321, 19.60443 ], [ -87.4789, 19.59982 ], [ -87.48462, 19.59855 ], [ -87.49238, 19.60486 ] ] ], [ [ [ -87.46485, 19.60335 ], [ -87.46269, 19.59884 ], [ -87.47258, 19.60074 ], [ -87.46485, 19.60335 ] ] ], [ [ [ -87.5234, 19.6129 ], [ -87.52088, 19.60625 ], [ -87.52342, 19.60475 ], [ -87.5234, 19.6129 ] ] ], [ [ [ -87.49562, 19.60994 ], [ -87.4943, 19.60711 ], [ -87.49514, 19.607 ], [ -87.49562, 19.60994 ] ] ], [ [ [ -87.46512, 19.61329 ], [ -87.4664, 19.60696 ], [ -87.46607, 19.61328 ], [ -87.46512, 19.61329 ] ] ], [ [ [ -87.69674, 19.64545 ], [ -87.69937, 19.64264 ], [ -87.69938, 19.64624 ], [ -87.69674, 19.64545 ] ] ], [ [ [ -87.51906, 19.62857 ], [ -87.51749, 19.62781 ], [ -87.52067, 19.62319 ], [ -87.51906, 19.62857 ] ] ], [ [ [ -87.67365, 19.64378 ], [ -87.68007, 19.64199 ], [ -87.68092, 19.64643 ], [ -87.67365, 19.64378 ] ] ], [ [ [ -87.70956, 19.65011 ], [ -87.70432, 19.64599 ], [ -87.71345, 19.64879 ], [ -87.70956, 19.65011 ] ] ], [ [ [ -87.46166, 19.69581 ], [ -87.45824, 19.69085 ], [ -87.46427, 19.6947 ], [ -87.46166, 19.69581 ] ] ], [ [ [ -87.46852, 19.69533 ], [ -87.46433, 19.69619 ], [ -87.46425, 19.69377 ], [ -87.46852, 19.69533 ] ] ], [ [ [ -87.47776, 19.70326 ], [ -87.46993, 19.70317 ], [ -87.46831, 19.69917 ], [ -87.47776, 19.70326 ] ] ], [ [ [ -87.47845, 19.70463 ], [ -87.47953, 19.70396 ], [ -87.47908, 19.70525 ], [ -87.47845, 19.70463 ] ] ], [ [ [ -87.50587, 19.71001 ], [ -87.4853, 19.70754 ], [ -87.47974, 19.70463 ], [ -87.50587, 19.71001 ] ] ], [ [ [ -86.8629, 20.54573 ], [ -86.86255, 20.54731 ], [ -86.85909, 20.54719 ], [ -86.8629, 20.54573 ] ] ], [ [ [ -86.72986, 20.56953 ], [ -86.79356, 20.46484 ], [ -86.81812, 20.43827 ], [ -86.83059, 20.43806 ], [ -86.89847, 20.34419 ], [ -86.90808, 20.3433 ], [ -86.95753, 20.29238 ], [ -86.99247, 20.27295 ], [ -87.00304, 20.29735 ], [ -87.01702, 20.2994 ], [ -87.00989, 20.31556 ], [ -87.02529, 20.36698 ], [ -87.01706, 20.41217 ], [ -86.92622, 20.55253 ], [ -86.89696, 20.56558 ], [ -86.8816, 20.55769 ], [ -86.88018, 20.54439 ], [ -86.86498, 20.5372 ], [ -86.85434, 20.5499 ], [ -86.78997, 20.5563 ], [ -86.76756, 20.56889 ], [ -86.77362, 20.56324 ], [ -86.76871, 20.56064 ], [ -86.75934, 20.57537 ], [ -86.72694, 20.59216 ], [ -86.72986, 20.56953 ] ] ], [ [ [ -86.7487, 21.26509 ], [ -86.73893, 21.24551 ], [ -86.71041, 21.20145 ], [ -86.71845, 21.20555 ], [ -86.74255, 21.23436 ], [ -86.74013, 21.23938 ], [ -86.73986, 21.2337 ], [ -86.73014, 21.22138 ], [ -86.74536, 21.25434 ], [ -86.75307, 21.25778 ], [ -86.7487, 21.26509 ] ] ], [ [ [ -86.85171, 21.43597 ], [ -86.87045, 21.42868 ], [ -86.87852, 21.42043 ], [ -86.88833, 21.41681 ], [ -86.87482, 21.42633 ], [ -86.88265, 21.42484 ], [ -86.88359, 21.43399 ], [ -86.86866, 21.42965 ], [ -86.85171, 21.43597 ] ] ], [ [ [ -86.90317, 21.46597 ], [ -86.90193, 21.4573 ], [ -86.90394, 21.45113 ], [ -86.91319, 21.44932 ], [ -86.90232, 21.45703 ], [ -86.90317, 21.46597 ] ] ], [ [ [ -86.93401, 21.46682 ], [ -86.9318, 21.47421 ], [ -86.92756, 21.46805 ], [ -86.93401, 21.46682 ] ] ], [ [ [ -86.92192, 21.4777 ], [ -86.9132, 21.47191 ], [ -86.91179, 21.46636 ], [ -86.92025, 21.47231 ], [ -86.92192, 21.4777 ] ] ], [ [ [ -86.97751, 21.53551 ], [ -86.97203, 21.53099 ], [ -86.97467, 21.52639 ], [ -86.97751, 21.53551 ] ] ], [ [ [ -86.80379, 21.53173 ], [ -86.79152, 21.49404 ], [ -86.78422, 21.458 ], [ -86.79702, 21.50185 ], [ -86.79885, 21.49073 ], [ -86.80379, 21.53173 ] ] ], [ [ [ -87.00936, 21.56603 ], [ -87.00366, 21.56206 ], [ -87.00934, 21.55971 ], [ -87.00936, 21.56603 ] ] ], [ [ [ -87.02548, 21.57386 ], [ -87.01865, 21.57066 ], [ -87.01951, 21.56927 ], [ -87.02548, 21.57386 ] ] ], [ [ [ -87.08575, 21.58941 ], [ -87.06598, 21.57045 ], [ -87.01031, 21.55744 ], [ -86.97483, 21.51054 ], [ -86.9702, 21.53133 ], [ -86.99005, 21.54328 ], [ -86.99766, 21.54135 ], [ -86.99248, 21.55595 ], [ -86.98508, 21.55147 ], [ -86.99197, 21.56305 ], [ -86.98023, 21.54888 ], [ -86.98365, 21.54591 ], [ -86.97593, 21.5476 ], [ -86.95232, 21.51469 ], [ -86.94757, 21.49525 ], [ -86.95246, 21.48859 ], [ -86.88674, 21.40355 ], [ -86.87448, 21.34455 ], [ -86.86181, 21.32306 ], [ -86.86427, 21.30387 ], [ -86.85092, 21.25586 ], [ -86.82347, 21.24399 ], [ -86.82316, 21.25145 ], [ -86.83156, 21.25373 ], [ -86.83093, 21.27239 ], [ -86.83688, 21.27255 ], [ -86.83033, 21.28263 ], [ -86.82111, 21.28178 ], [ -86.82745, 21.29633 ], [ -86.82133, 21.31597 ], [ -86.8021, 21.32578 ], [ -86.79254, 21.34236 ], [ -86.79487, 21.36552 ], [ -86.8135, 21.39304 ], [ -86.81006, 21.39856 ], [ -86.82792, 21.413 ], [ -86.82207, 21.42009 ], [ -86.80983, 21.41291 ], [ -86.79922, 21.3888 ], [ -86.79505, 21.38592 ], [ -86.80132, 21.41235 ], [ -86.7958, 21.41226 ], [ -86.7904, 21.34564 ], [ -86.81574, 21.2868 ], [ -86.79979, 21.2392 ], [ -86.80691, 21.17949 ], [ -86.78811, 21.14348 ], [ -86.7406, 21.1349 ], [ -86.77026, 21.08482 ], [ -86.7815, 21.04929 ], [ -86.77863, 21.03253 ], [ -86.80047, 21.03519 ], [ -86.81297, 21.02305 ], [ -86.84647, 20.9048 ], [ -86.86054, 20.89122 ], [ -86.87793, 20.8414 ], [ -86.90474, 20.81239 ], [ -86.92025, 20.80801 ], [ -86.94045, 20.78233 ], [ -86.96416, 20.7478 ], [ -86.96273, 20.73009 ], [ -87.01024, 20.70237 ], [ -87.0218, 20.67426 ], [ -87.09885, 20.59263 ], [ -87.16898, 20.53581 ], [ -87.23131, 20.49737 ], [ -87.28224, 20.44606 ], [ -87.35386, 20.32965 ], [ -87.35093, 20.32143 ], [ -87.36357, 20.29395 ], [ -87.37453, 20.29061 ], [ -87.36757, 20.28595 ], [ -87.37895, 20.28356 ], [ -87.382, 20.26721 ], [ -87.3909, 20.26602 ], [ -87.42436, 20.22419 ], [ -87.45792, 20.14976 ], [ -87.47803, 20.07601 ], [ -87.47623, 19.9992 ], [ -87.46433, 19.99451 ], [ -87.46504, 19.95863 ], [ -87.45247, 19.93324 ], [ -87.43598, 19.92703 ], [ -87.43214, 19.90824 ], [ -87.42994, 19.88619 ], [ -87.44856, 19.83905 ], [ -87.47387, 19.81875 ], [ -87.46962, 19.78023 ], [ -87.47699, 19.77722 ], [ -87.48109, 19.78119 ], [ -87.47561, 19.78401 ], [ -87.48647, 19.78696 ], [ -87.48719, 19.8013 ], [ -87.48106, 19.80348 ], [ -87.4725, 19.83584 ], [ -87.47262, 19.83061 ], [ -87.46685, 19.83839 ], [ -87.45202, 19.83698 ], [ -87.43851, 19.86642 ], [ -87.44195, 19.87541 ], [ -87.43351, 19.88595 ], [ -87.43853, 19.88739 ], [ -87.43116, 19.88826 ], [ -87.43531, 19.91523 ], [ -87.43975, 19.91095 ], [ -87.45891, 19.92481 ], [ -87.45773, 19.93829 ], [ -87.4674, 19.94507 ], [ -87.47298, 19.93816 ], [ -87.46246, 19.91604 ], [ -87.45728, 19.91708 ], [ -87.46355, 19.89385 ], [ -87.45917, 19.88769 ], [ -87.44745, 19.89021 ], [ -87.45646, 19.88129 ], [ -87.45937, 19.85839 ], [ -87.47433, 19.85527 ], [ -87.49772, 19.8069 ], [ -87.54524, 19.79573 ], [ -87.5546, 19.80847 ], [ -87.57866, 19.79026 ], [ -87.64281, 19.68803 ], [ -87.65286, 19.65 ], [ -87.66678, 19.61649 ], [ -87.67934, 19.61458 ], [ -87.68399, 19.62147 ], [ -87.67641, 19.62132 ], [ -87.6894, 19.62622 ], [ -87.67245, 19.62567 ], [ -87.67978, 19.62885 ], [ -87.66069, 19.63426 ], [ -87.66728, 19.63849 ], [ -87.6595, 19.63722 ], [ -87.66337, 19.64743 ], [ -87.65703, 19.64693 ], [ -87.6491, 19.6881 ], [ -87.65669, 19.68135 ], [ -87.69343, 19.68108 ], [ -87.74223, 19.66373 ], [ -87.7384, 19.64117 ], [ -87.74847, 19.59948 ], [ -87.73889, 19.58652 ], [ -87.72345, 19.58749 ], [ -87.73491, 19.58394 ], [ -87.72851, 19.57643 ], [ -87.70758, 19.57306 ], [ -87.71387, 19.56122 ], [ -87.70199, 19.55021 ], [ -87.68163, 19.5581 ], [ -87.6764, 19.5638 ], [ -87.68214, 19.56666 ], [ -87.68968, 19.56475 ], [ -87.69245, 19.56185 ], [ -87.69319, 19.56162 ], [ -87.68922, 19.56688 ], [ -87.67678, 19.56936 ], [ -87.66705, 19.54922 ], [ -87.67387, 19.54366 ], [ -87.66936, 19.53755 ], [ -87.67773, 19.53787 ], [ -87.68644, 19.53304 ], [ -87.68724, 19.53047 ], [ -87.67638, 19.53469 ], [ -87.6638, 19.5294 ], [ -87.66415, 19.52112 ], [ -87.67298, 19.51901 ], [ -87.66353, 19.51319 ], [ -87.6717, 19.5075 ], [ -87.6695, 19.501 ], [ -87.65044, 19.50517 ], [ -87.63276, 19.5384 ], [ -87.61008, 19.5541 ], [ -87.55042, 19.5661 ], [ -87.5381, 19.5577 ], [ -87.53146, 19.56196 ], [ -87.5368, 19.5466 ], [ -87.5257, 19.5405 ], [ -87.515, 19.5631 ], [ -87.4924, 19.5707 ], [ -87.5099, 19.5764 ], [ -87.502, 19.5806 ], [ -87.50479, 19.59013 ], [ -87.4954, 19.5858 ], [ -87.4517, 19.596 ], [ -87.46232, 19.60747 ], [ -87.44515, 19.62277 ], [ -87.45613, 19.63624 ], [ -87.45445, 19.64802 ], [ -87.44828, 19.63211 ], [ -87.41006, 19.59817 ], [ -87.4402, 19.46903 ], [ -87.49184, 19.43643 ], [ -87.52571, 19.39527 ], [ -87.54558, 19.39135 ], [ -87.54962, 19.39362 ], [ -87.55506, 19.39144 ], [ -87.56456, 19.39389 ], [ -87.55361, 19.39282 ], [ -87.53988, 19.4031 ], [ -87.53935, 19.41848 ], [ -87.54541, 19.41701 ], [ -87.5479, 19.41857 ], [ -87.54182, 19.42023 ], [ -87.53937, 19.42581 ], [ -87.53863, 19.42579 ], [ -87.53574, 19.42819 ], [ -87.53544, 19.42861 ], [ -87.53546, 19.429 ], [ -87.55387, 19.42701 ], [ -87.63596, 19.37343 ], [ -87.65627, 19.3028 ], [ -87.66907, 19.29518 ], [ -87.6579, 19.2821 ], [ -87.6598, 19.2668 ], [ -87.68685, 19.23475 ], [ -87.67382, 19.22354 ], [ -87.68614, 19.22046 ], [ -87.67685, 19.2191 ], [ -87.68218, 19.2058 ], [ -87.67387, 19.20577 ], [ -87.67849, 19.19991 ], [ -87.66929, 19.19927 ], [ -87.67082, 19.18985 ], [ -87.65718, 19.19014 ], [ -87.65519, 19.18114 ], [ -87.63925, 19.18248 ], [ -87.63776, 19.17715 ], [ -87.60687, 19.23024 ], [ -87.58681, 19.24613 ], [ -87.57782, 19.26984 ], [ -87.59977, 19.24267 ], [ -87.60165, 19.24788 ], [ -87.61199, 19.24012 ], [ -87.55621, 19.29609 ], [ -87.53891, 19.30675 ], [ -87.51609, 19.30823 ], [ -87.50964, 19.31978 ], [ -87.48925, 19.32639 ], [ -87.4638, 19.32592 ], [ -87.44533, 19.31199 ], [ -87.52628, 19.22996 ], [ -87.53724, 19.20798 ], [ -87.54076, 19.15507 ], [ -87.5486, 19.14437 ], [ -87.54904, 19.08622 ], [ -87.60533, 18.98767 ], [ -87.61405, 18.95316 ], [ -87.62743, 18.93966 ], [ -87.6417, 18.86163 ], [ -87.66305, 18.82652 ], [ -87.67221, 18.75622 ], [ -87.6921, 18.73325 ], [ -87.68798, 18.72789 ], [ -87.69223, 18.73281 ], [ -87.69884, 18.72815 ], [ -87.71262, 18.70759 ], [ -87.7257, 18.6663 ], [ -87.74063, 18.53902 ], [ -87.76191, 18.49732 ], [ -87.76379, 18.41832 ], [ -87.82788, 18.31054 ], [ -87.84429, 18.19094 ], [ -87.85631, 18.18131 ], [ -87.86019, 18.18983 ], [ -87.86751, 18.18824 ], [ -87.90243, 18.14269 ], [ -87.92545, 18.16024 ], [ -88.0303, 18.16036 ], [ -88.03037, 18.41479 ], [ -88.24963, 18.41555 ], [ -88.25009, 18.47307 ], [ -88.28899, 18.47527 ], [ -88.32685, 18.49018 ], [ -88.38013, 18.47895 ], [ -88.4024, 18.49666 ], [ -88.44714, 18.47559 ], [ -88.45423, 18.48851 ], [ -88.47642, 18.49467 ], [ -88.52059, 18.45925 ], [ -88.53194, 18.40822 ], [ -88.55164, 18.37615 ], [ -88.54438, 18.36002 ], [ -88.60583, 18.29174 ], [ -88.59725, 18.28888 ], [ -88.60639, 18.26439 ], [ -88.60442, 18.24152 ], [ -88.61554, 18.22328 ], [ -88.63238, 18.21293 ], [ -88.64165, 18.21637 ], [ -88.67349, 18.19423 ], [ -88.68668, 18.1947 ], [ -88.69756, 18.18242 ], [ -88.68439, 18.17781 ], [ -88.68009, 18.16018 ], [ -88.69011, 18.15499 ], [ -88.71861, 18.10883 ], [ -88.71031, 18.09696 ], [ -88.71959, 18.08388 ], [ -88.71669, 18.06053 ], [ -88.76665, 18.0343 ], [ -88.76985, 18.00679 ], [ -88.7885, 17.99304 ], [ -88.78446, 17.97986 ], [ -88.81517, 17.9503 ], [ -88.83054, 17.94877 ], [ -88.85943, 17.92519 ], [ -88.85415, 17.90775 ], [ -88.85977, 17.89446 ], [ -88.88294, 17.89623 ], [ -88.88536, 17.90756 ], [ -88.89625, 17.90612 ], [ -88.90658, 17.91586 ], [ -88.91368, 17.91059 ], [ -88.93374, 17.93128 ], [ -88.93048, 17.94139 ], [ -88.93796, 17.94063 ], [ -88.94478, 17.95913 ], [ -88.95977, 17.95172 ], [ -88.98325, 17.95798 ], [ -88.98722, 17.94728 ], [ -89.00399, 17.97249 ], [ -89.00062, 17.98443 ], [ -89.03752, 18.00512 ], [ -89.0586, 17.99031 ], [ -89.08506, 17.99042 ], [ -89.11159, 17.96976 ], [ -89.13271, 17.97203 ], [ -89.13621, 17.95544 ], [ -89.15196, 17.94026 ], [ -89.15217, 17.95361 ], [ -89.20587, 17.9541 ], [ -89.20674, 18.02108 ], [ -89.163, 18.01852 ], [ -89.16336, 18.05789 ], [ -89.14475, 18.0577 ], [ -89.14438, 18.08244 ], [ -89.20246, 18.08328 ], [ -89.20024, 18.14463 ], [ -89.14307, 18.14582 ], [ -89.14287, 18.22416 ], [ -89.15806, 18.22133 ], [ -89.15167, 18.29356 ], [ -89.13236, 18.2934 ], [ -89.13821, 18.38554 ], [ -89.12123, 18.38585 ], [ -89.12549, 18.45063 ], [ -89.15024, 18.45106 ], [ -89.15574, 18.75311 ], [ -89.14438, 18.75592 ], [ -89.14712, 18.99505 ], [ -89.13582, 19.13237 ], [ -89.14695, 19.13316 ], [ -89.14667, 19.42386 ], [ -89.29656, 19.55117 ], [ -89.21956, 19.60802 ], [ -89.22287, 19.63666 ], [ -89.19025, 19.63332 ], [ -89.1892, 19.64401 ], [ -89.14486, 19.6374 ], [ -89.14952, 19.58125 ], [ -89.10902, 19.58235 ], [ -89.10839, 19.61234 ], [ -89.13364, 19.61463 ], [ -89.1234, 19.70342 ], [ -89.07421, 19.69419 ], [ -89.07603, 19.68543 ], [ -89.0362, 19.67804 ], [ -89.03052, 19.70883 ], [ -88.99753, 19.70488 ], [ -88.99474, 19.72744 ], [ -89.04883, 19.72149 ], [ -89.02516, 19.77671 ], [ -89.00409, 19.77201 ], [ -88.99947, 19.79799 ], [ -88.9844, 19.79816 ], [ -88.97445, 19.8181 ], [ -88.95639, 19.81682 ], [ -88.95808, 19.81047 ], [ -88.94385, 19.81344 ], [ -88.94543, 19.79195 ], [ -88.92951, 19.79095 ], [ -88.92029, 19.80397 ], [ -88.9111, 19.80094 ], [ -88.89759, 19.83686 ], [ -88.90049, 19.86111 ], [ -88.87912, 19.86239 ], [ -88.88019, 19.87812 ], [ -88.82593, 19.87993 ], [ -88.82041, 19.89047 ], [ -88.82944, 19.90601 ], [ -88.82728, 19.91092 ], [ -88.8165, 19.90447 ], [ -88.81018, 19.94495 ], [ -88.80564, 19.95383 ], [ -88.79838, 19.95252 ], [ -88.79802, 19.97493 ], [ -88.79077, 19.97202 ], [ -88.7835, 20.00818 ], [ -88.74247, 20.01509 ], [ -88.74262, 20.00858 ], [ -88.73625, 20.00966 ], [ -88.73598, 20.01758 ], [ -88.72278, 20.0132 ], [ -88.72215, 20.00512 ], [ -88.71252, 20.0123 ], [ -88.70018, 20.01036 ], [ -88.68489, 20.07741 ], [ -88.6908, 20.07703 ], [ -88.69061, 20.08986 ], [ -88.63987, 20.12036 ], [ -88.61917, 20.11717 ], [ -88.61638, 20.13446 ], [ -88.58797, 20.13145 ], [ -88.58768, 20.14047 ], [ -88.57815, 20.13917 ], [ -88.57668, 20.14808 ], [ -88.50762, 20.14339 ], [ -88.50235, 20.19008 ], [ -88.51993, 20.19233 ], [ -88.44343, 20.23815 ], [ -88.41511, 20.23297 ], [ -88.40289, 20.23949 ], [ -88.40913, 20.2521 ], [ -88.3519, 20.25902 ], [ -88.30879, 20.25351 ], [ -88.26681, 20.26912 ], [ -88.26463, 20.29034 ], [ -88.13649, 20.28137 ], [ -88.04731, 20.36631 ], [ -88.04753, 20.37882 ], [ -88.03403, 20.37894 ], [ -87.99296, 20.41799 ], [ -87.99507, 20.44732 ], [ -87.96274, 20.44671 ], [ -87.74426, 20.65379 ], [ -87.53315, 20.9996 ], [ -87.53491, 21.49022 ], [ -87.48833, 21.48518 ], [ -87.48658, 21.46526 ], [ -87.47324, 21.45723 ], [ -87.43109, 21.46857 ], [ -87.35545, 21.44677 ], [ -87.3411, 21.43227 ], [ -87.31576, 21.44137 ], [ -87.27213, 21.43234 ], [ -87.27386, 21.44328 ], [ -87.26811, 21.4341 ], [ -87.25853, 21.43779 ], [ -87.23246, 21.41861 ], [ -87.22898, 21.43272 ], [ -87.22245, 21.43133 ], [ -87.21564, 21.44326 ], [ -87.18837, 21.43971 ], [ -87.16661, 21.44971 ], [ -87.15838, 21.46325 ], [ -87.13176, 21.45975 ], [ -87.11173, 21.47122 ], [ -87.1108, 21.52006 ], [ -87.09909, 21.5326 ], [ -87.10468, 21.54682 ], [ -87.12871, 21.55454 ], [ -87.10152, 21.58497 ], [ -87.08575, 21.58941 ] ] ], [ [ [ -87.03398, 21.58584 ], [ -86.99999, 21.57138 ], [ -86.99251, 21.564 ], [ -87.01452, 21.56983 ], [ -87.02312, 21.58022 ], [ -87.03031, 21.57462 ], [ -87.04202, 21.58415 ], [ -87.03398, 21.58584 ] ] ], [ [ [ -87.10253, 21.60542 ], [ -87.05749, 21.59269 ], [ -87.04928, 21.58962 ], [ -87.04618, 21.58513 ], [ -87.06783, 21.59432 ], [ -87.0884, 21.5899 ], [ -87.10189, 21.59466 ], [ -87.0989, 21.60235 ], [ -87.10607, 21.60128 ], [ -87.12953, 21.56836 ], [ -87.15791, 21.56217 ], [ -87.16235, 21.55845 ], [ -87.15685, 21.56111 ], [ -87.15131, 21.55711 ], [ -87.16653, 21.55632 ], [ -87.20858, 21.52059 ], [ -87.22289, 21.51653 ], [ -87.20704, 21.52597 ], [ -87.25909, 21.52326 ], [ -87.2616, 21.52983 ], [ -87.28985, 21.51112 ], [ -87.28724, 21.52245 ], [ -87.29677, 21.51927 ], [ -87.29083, 21.52373 ], [ -87.30611, 21.52795 ], [ -87.30008, 21.52933 ], [ -87.31588, 21.52584 ], [ -87.31524, 21.534 ], [ -87.32469, 21.53909 ], [ -87.31884, 21.53964 ], [ -87.32693, 21.54114 ], [ -87.32595, 21.54738 ], [ -87.33065, 21.54237 ], [ -87.32852, 21.54916 ], [ -87.35871, 21.5352 ], [ -87.36459, 21.51884 ], [ -87.37603, 21.51938 ], [ -87.37183, 21.50978 ], [ -87.38054, 21.51461 ], [ -87.39031, 21.50309 ], [ -87.39725, 21.51124 ], [ -87.33492, 21.56618 ], [ -87.308, 21.54813 ], [ -87.28093, 21.54149 ], [ -87.22119, 21.54372 ], [ -87.14712, 21.57136 ], [ -87.10253, 21.60542 ] ] ] ] } },
{ "type": "Feature", "properties": { "CVEGEO": "24", "CVE_ENT": "24", "NOMGEO": "San Luis Potosí" }, "geometry": { "type": "Polygon", "coordinates": [ [ [ -100.71121, 24.49152 ], [ -100.60353, 24.4013 ], [ -100.59994, 24.34879 ], [ -100.63307, 24.22598 ], [ -100.58509, 24.22393 ], [ -100.59351, 24.1782 ], [ -100.6134, 24.17394 ], [ -100.54877, 24.14603 ], [ -100.51683, 24.1399 ], [ -100.51958, 24.11838 ], [ -100.53868, 24.11852 ], [ -100.52376, 24.07145 ], [ -100.54128, 24.02575 ], [ -100.5624, 23.91964 ], [ -100.54677, 23.91744 ], [ -100.54943, 23.88931 ], [ -100.53985, 23.88839 ], [ -100.5503, 23.8422 ], [ -100.52553, 23.83953 ], [ -100.52879, 23.81635 ], [ -100.4976, 23.79871 ], [ -100.49771, 23.73631 ], [ -100.4903, 23.7396 ], [ -100.46648, 23.68894 ], [ -100.4471, 23.69653 ], [ -100.44572, 23.67733 ], [ -100.45833, 23.66011 ], [ -100.44984, 23.65601 ], [ -100.45436, 23.6499 ], [ -100.46335, 23.65314 ], [ -100.47738, 23.63382 ], [ -100.49164, 23.56861 ], [ -100.46954, 23.56678 ], [ -100.45918, 23.51157 ], [ -100.49417, 23.52841 ], [ -100.51721, 23.42104 ], [ -100.45708, 23.36641 ], [ -100.48361, 23.21405 ], [ -100.47985, 23.19437 ], [ -100.33176, 23.16268 ], [ -100.32352, 23.19563 ], [ -100.36376, 23.18901 ], [ -100.37432, 23.26532 ], [ -100.30626, 23.26094 ], [ -100.27843, 23.31037 ], [ -100.22017, 23.29793 ], [ -100.21824, 23.31013 ], [ -100.20636, 23.30711 ], [ -100.22824, 23.25048 ], [ -100.10381, 23.23154 ], [ -100.10974, 23.19972 ], [ -100.11829, 23.20055 ], [ -100.11899, 23.15243 ], [ -100.11015, 23.15107 ], [ -100.1156, 23.12599 ], [ -100.06874, 23.12116 ], [ -100.06903, 23.09594 ], [ -100.01125, 23.06392 ], [ -100.0621, 23.03984 ], [ -100.06184, 23.01198 ], [ -100.07166, 22.99736 ], [ -100.09746, 23.01309 ], [ -100.08942, 22.96876 ], [ -100.11085, 22.97572 ], [ -100.11038, 22.91671 ], [ -100.04424, 22.91789 ], [ -100.02938, 22.82439 ], [ -100.10192, 22.76279 ], [ -100.09406, 22.75127 ], [ -100.02234, 22.72592 ], [ -99.95696, 22.75167 ], [ -99.8824, 22.74986 ], [ -99.84282, 22.73056 ], [ -99.84792, 22.67844 ], [ -99.81403, 22.66077 ], [ -99.80549, 22.65777 ], [ -99.78504, 22.66851 ], [ -99.75478, 22.65661 ], [ -99.72409, 22.65961 ], [ -99.68254, 22.68112 ], [ -99.56064, 22.64122 ], [ -99.53469, 22.61276 ], [ -99.49454, 22.62087 ], [ -99.54433, 22.74414 ], [ -99.49679, 22.7485 ], [ -99.47713, 22.74064 ], [ -99.44205, 22.66362 ], [ -99.38555, 22.67027 ], [ -99.3732, 22.62908 ], [ -99.32962, 22.63489 ], [ -99.32139, 22.61673 ], [ -99.33011, 22.61484 ], [ -99.32859, 22.6087 ], [ -99.31403, 22.6099 ], [ -99.28865, 22.55582 ], [ -99.26315, 22.46979 ], [ -99.23684, 22.41286 ], [ -99.12057, 22.40664 ], [ -99.0604, 22.41527 ], [ -98.93197, 22.39278 ], [ -98.92554, 22.37175 ], [ -98.91228, 22.3738 ], [ -98.89, 22.35509 ], [ -98.87229, 22.36741 ], [ -98.84988, 22.36813 ], [ -98.82147, 22.35626 ], [ -98.75802, 22.36653 ], [ -98.74594, 22.38087 ], [ -98.73151, 22.38126 ], [ -98.72638, 22.38978 ], [ -98.67666, 22.40893 ], [ -98.67083, 22.40536 ], [ -98.68155, 22.37157 ], [ -98.57932, 22.37776 ], [ -98.57929, 22.34863 ], [ -98.53521, 22.33788 ], [ -98.52555, 22.31883 ], [ -98.50612, 22.31597 ], [ -98.50573, 22.30901 ], [ -98.48199, 22.29944 ], [ -98.47591, 22.28864 ], [ -98.46452, 22.30347 ], [ -98.44666, 22.30562 ], [ -98.4277, 22.28346 ], [ -98.43037, 22.2746 ], [ -98.40756, 22.28421 ], [ -98.39638, 22.27626 ], [ -98.40642, 22.26935 ], [ -98.40509, 22.25608 ], [ -98.37634, 22.25083 ], [ -98.36814, 22.25537 ], [ -98.37456, 22.23608 ], [ -98.32597, 22.24305 ], [ -98.34462, 22.22209 ], [ -98.35226, 22.2228 ], [ -98.33041, 22.20134 ], [ -98.33655, 22.18769 ], [ -98.43202, 22.12827 ], [ -98.43874, 22.11191 ], [ -98.41883, 22.09802 ], [ -98.43945, 22.07565 ], [ -98.43465, 22.05167 ], [ -98.44641, 22.04222 ], [ -98.44355, 22.03298 ], [ -98.45954, 21.99517 ], [ -98.47233, 21.98797 ], [ -98.47629, 21.99957 ], [ -98.48148, 21.99051 ], [ -98.46881, 21.9646 ], [ -98.4932, 21.96041 ], [ -98.522, 21.97943 ], [ -98.55067, 21.96075 ], [ -98.5645, 21.96824 ], [ -98.57884, 21.96609 ], [ -98.57647, 21.94739 ], [ -98.56602, 21.93764 ], [ -98.55128, 21.93374 ], [ -98.53158, 21.94992 ], [ -98.5156, 21.95127 ], [ -98.50315, 21.93663 ], [ -98.50045, 21.92315 ], [ -98.53108, 21.93443 ], [ -98.54385, 21.93212 ], [ -98.54587, 21.91735 ], [ -98.51489, 21.91764 ], [ -98.5108, 21.9087 ], [ -98.5202, 21.89699 ], [ -98.5382, 21.90581 ], [ -98.54803, 21.86011 ], [ -98.52886, 21.86318 ], [ -98.51448, 21.82389 ], [ -98.49505, 21.83817 ], [ -98.48632, 21.83627 ], [ -98.49312, 21.81394 ], [ -98.47504, 21.81419 ], [ -98.47552, 21.80192 ], [ -98.46237, 21.79128 ], [ -98.4547, 21.76643 ], [ -98.45945, 21.76231 ], [ -98.4676, 21.7707 ], [ -98.48373, 21.75217 ], [ -98.47692, 21.74522 ], [ -98.49149, 21.73506 ], [ -98.50422, 21.73805 ], [ -98.49895, 21.72724 ], [ -98.51266, 21.7266 ], [ -98.51667, 21.71685 ], [ -98.53741, 21.72062 ], [ -98.5368, 21.71389 ], [ -98.52053, 21.71023 ], [ -98.53074, 21.69727 ], [ -98.54384, 21.72339 ], [ -98.56743, 21.71737 ], [ -98.57221, 21.70916 ], [ -98.55884, 21.70354 ], [ -98.55826, 21.68767 ], [ -98.5792, 21.67195 ], [ -98.59779, 21.66888 ], [ -98.622, 21.68238 ], [ -98.62496, 21.67307 ], [ -98.60947, 21.66723 ], [ -98.62056, 21.65307 ], [ -98.63322, 21.65389 ], [ -98.64363, 21.63168 ], [ -98.62113, 21.62782 ], [ -98.61935, 21.60246 ], [ -98.62565, 21.5926 ], [ -98.62051, 21.58824 ], [ -98.62575, 21.58546 ], [ -98.6054, 21.56691 ], [ -98.60225, 21.54043 ], [ -98.56505, 21.52009 ], [ -98.55745, 21.52198 ], [ -98.53226, 21.50114 ], [ -98.5356, 21.49246 ], [ -98.51691, 21.4607 ], [ -98.52464, 21.44016 ], [ -98.52164, 21.40475 ], [ -98.50335, 21.39145 ], [ -98.51575, 21.37229 ], [ -98.50738, 21.36997 ], [ -98.51143, 21.36251 ], [ -98.54957, 21.3846 ], [ -98.56772, 21.37077 ], [ -98.59005, 21.37276 ], [ -98.59924, 21.35843 ], [ -98.64405, 21.36654 ], [ -98.65275, 21.34684 ], [ -98.67509, 21.34984 ], [ -98.68358, 21.34196 ], [ -98.67091, 21.32486 ], [ -98.64887, 21.31292 ], [ -98.60467, 21.30184 ], [ -98.59548, 21.28457 ], [ -98.60394, 21.27645 ], [ -98.60002, 21.26105 ], [ -98.60892, 21.2527 ], [ -98.59945, 21.24773 ], [ -98.60359, 21.21838 ], [ -98.61798, 21.19428 ], [ -98.6507, 21.18094 ], [ -98.68266, 21.20064 ], [ -98.69465, 21.1822 ], [ -98.69124, 21.16673 ], [ -98.70182, 21.16077 ], [ -98.70523, 21.1872 ], [ -98.72034, 21.18713 ], [ -98.72766, 21.17955 ], [ -98.74162, 21.19276 ], [ -98.74653, 21.18433 ], [ -98.7673, 21.18442 ], [ -98.76408, 21.17957 ], [ -98.77292, 21.17197 ], [ -98.78081, 21.18598 ], [ -98.79797, 21.18334 ], [ -98.79736, 21.19132 ], [ -98.80814, 21.19324 ], [ -98.79859, 21.17808 ], [ -98.79011, 21.17899 ], [ -98.7888, 21.16639 ], [ -98.79395, 21.16018 ], [ -98.79908, 21.16485 ], [ -98.82119, 21.1604 ], [ -98.85094, 21.17586 ], [ -98.8574, 21.18926 ], [ -98.88266, 21.17961 ], [ -98.88513, 21.19634 ], [ -98.91508, 21.22519 ], [ -98.89889, 21.23127 ], [ -98.89989, 21.23856 ], [ -98.91782, 21.23975 ], [ -98.92287, 21.24673 ], [ -98.91773, 21.2555 ], [ -98.92794, 21.26874 ], [ -98.92928, 21.29273 ], [ -98.93258, 21.29829 ], [ -98.94028, 21.2946 ], [ -98.94496, 21.31134 ], [ -98.95651, 21.3018 ], [ -98.96973, 21.30598 ], [ -98.97504, 21.297 ], [ -99.01278, 21.29537 ], [ -99.04345, 21.27943 ], [ -99.05792, 21.2847 ], [ -99.06143, 21.27947 ], [ -99.08299, 21.29635 ], [ -99.10435, 21.2896 ], [ -99.10579, 21.30204 ], [ -99.12756, 21.31834 ], [ -99.10295, 21.32119 ], [ -99.13783, 21.32979 ], [ -99.12946, 21.36205 ], [ -99.09262, 21.36336 ], [ -99.09813, 21.40841 ], [ -99.10592, 21.41156 ], [ -99.12603, 21.46054 ], [ -99.12977, 21.5017 ], [ -99.14228, 21.53544 ], [ -99.1283, 21.58982 ], [ -99.1719, 21.62703 ], [ -99.18818, 21.67001 ], [ -99.2177, 21.66665 ], [ -99.22512, 21.63329 ], [ -99.2435, 21.61506 ], [ -99.28072, 21.6079 ], [ -99.2744, 21.56532 ], [ -99.2907, 21.55801 ], [ -99.2893, 21.55036 ], [ -99.30549, 21.53291 ], [ -99.32729, 21.53517 ], [ -99.34986, 21.55236 ], [ -99.37591, 21.54793 ], [ -99.37198, 21.5071 ], [ -99.38671, 21.50037 ], [ -99.3823, 21.48121 ], [ -99.38888, 21.4649 ], [ -99.39856, 21.46343 ], [ -99.40465, 21.42893 ], [ -99.41552, 21.42913 ], [ -99.43571, 21.44983 ], [ -99.44735, 21.44348 ], [ -99.46913, 21.44676 ], [ -99.47077, 21.43662 ], [ -99.48435, 21.43251 ], [ -99.48836, 21.42197 ], [ -99.50381, 21.41856 ], [ -99.5243, 21.42883 ], [ -99.5529, 21.42907 ], [ -99.5566, 21.43661 ], [ -99.54935, 21.44707 ], [ -99.6258, 21.5073 ], [ -99.65954, 21.56795 ], [ -99.74674, 21.57836 ], [ -99.74929, 21.52317 ], [ -99.77752, 21.49471 ], [ -99.79157, 21.4901 ], [ -99.79228, 21.47448 ], [ -99.81707, 21.46169 ], [ -99.82529, 21.46652 ], [ -99.83918, 21.46239 ], [ -99.83493, 21.47812 ], [ -99.86378, 21.47431 ], [ -99.90517, 21.44816 ], [ -99.94317, 21.46178 ], [ -99.94233, 21.44962 ], [ -99.95935, 21.48351 ], [ -99.94571, 21.49743 ], [ -99.96511, 21.50512 ], [ -99.95682, 21.52623 ], [ -100.06228, 21.52331 ], [ -100.07584, 21.55793 ], [ -100.14719, 21.61813 ], [ -100.17144, 21.60127 ], [ -100.16715, 21.63412 ], [ -100.17963, 21.65079 ], [ -100.19284, 21.64696 ], [ -100.22228, 21.66565 ], [ -100.24631, 21.66493 ], [ -100.27214, 21.68735 ], [ -100.32208, 21.68209 ], [ -100.35137, 21.69167 ], [ -100.39999, 21.67448 ], [ -100.42305, 21.67506 ], [ -100.43504, 21.68272 ], [ -100.45135, 21.6666 ], [ -100.47049, 21.60647 ], [ -100.48569, 21.59528 ], [ -100.4607, 21.57121 ], [ -100.45538, 21.55626 ], [ -100.46485, 21.55362 ], [ -100.46108, 21.54533 ], [ -100.53395, 21.54233 ], [ -100.54686, 21.5322 ], [ -100.58198, 21.52612 ], [ -100.61496, 21.50579 ], [ -100.62191, 21.51899 ], [ -100.6143, 21.53313 ], [ -100.63545, 21.54319 ], [ -100.63854, 21.52829 ], [ -100.65746, 21.52472 ], [ -100.68117, 21.5475 ], [ -100.71763, 21.55023 ], [ -100.73434, 21.57873 ], [ -100.76176, 21.58494 ], [ -100.77247, 21.59545 ], [ -100.7733, 21.58812 ], [ -100.79231, 21.59483 ], [ -100.8095, 21.59205 ], [ -100.81656, 21.60265 ], [ -100.85768, 21.61899 ], [ -100.83432, 21.66456 ], [ -100.86515, 21.68708 ], [ -100.87011, 21.67249 ], [ -100.90718, 21.68164 ], [ -100.90839, 21.69166 ], [ -100.92127, 21.70027 ], [ -100.91258, 21.71365 ], [ -100.93805, 21.72053 ], [ -100.9435, 21.73262 ], [ -100.96555, 21.73493 ], [ -100.98197, 21.75353 ], [ -101.00003, 21.75641 ], [ -101.0023, 21.75082 ], [ -101.00517, 21.75723 ], [ -101.05925, 21.76552 ], [ -101.13614, 21.75323 ], [ -101.16127, 21.75751 ], [ -101.21979, 21.8022 ], [ -101.21715, 21.81608 ], [ -101.26231, 21.82344 ], [ -101.28153, 21.82147 ], [ -101.28969, 21.81214 ], [ -101.31948, 21.83533 ], [ -101.36527, 21.83942 ], [ -101.42267, 21.82496 ], [ -101.45507, 21.82996 ], [ -101.46406, 21.82023 ], [ -101.47387, 21.82739 ], [ -101.49633, 21.80994 ], [ -101.50352, 21.83012 ], [ -101.48609, 21.84189 ], [ -101.4832, 21.86768 ], [ -101.46808, 21.87027 ], [ -101.46646, 21.88022 ], [ -101.44067, 21.89272 ], [ -101.4418, 21.90934 ], [ -101.4346, 21.89707 ], [ -101.41023, 21.90869 ], [ -101.42917, 21.93436 ], [ -101.40516, 21.94849 ], [ -101.39715, 21.96776 ], [ -101.37337, 21.99025 ], [ -101.32651, 21.99973 ], [ -101.3294, 22.00717 ], [ -101.3453, 22.00588 ], [ -101.34474, 22.01414 ], [ -101.35244, 22.01308 ], [ -101.34857, 22.02807 ], [ -101.33777, 22.02513 ], [ -101.33924, 22.01499 ], [ -101.32721, 22.0215 ], [ -101.3309, 22.03532 ], [ -101.35168, 22.04379 ], [ -101.36569, 22.01855 ], [ -101.38276, 22.02074 ], [ -101.38069, 22.02876 ], [ -101.36974, 22.02752 ], [ -101.37708, 22.04496 ], [ -101.36101, 22.041 ], [ -101.34659, 22.04969 ], [ -101.35424, 22.07174 ], [ -101.32774, 22.14411 ], [ -101.33769, 22.14352 ], [ -101.35131, 22.17676 ], [ -101.32425, 22.20989 ], [ -101.35285, 22.2292 ], [ -101.3768, 22.26166 ], [ -101.41626, 22.26735 ], [ -101.409, 22.28044 ], [ -101.39815, 22.28143 ], [ -101.39143, 22.2999 ], [ -101.41973, 22.31504 ], [ -101.43513, 22.34153 ], [ -101.43297, 22.36328 ], [ -101.38191, 22.35749 ], [ -101.37479, 22.45646 ], [ -101.31373, 22.45349 ], [ -101.31538, 22.46965 ], [ -101.28573, 22.50786 ], [ -101.29632, 22.53548 ], [ -101.28752, 22.55981 ], [ -101.30571, 22.60993 ], [ -101.33387, 22.64211 ], [ -101.33694, 22.65876 ], [ -101.35938, 22.65353 ], [ -101.38002, 22.67583 ], [ -101.34923, 22.71178 ], [ -101.41108, 22.74768 ], [ -101.49096, 22.74288 ], [ -101.497, 22.70154 ], [ -101.5674, 22.65678 ], [ -101.57382, 22.61282 ], [ -101.58773, 22.62661 ], [ -101.59529, 22.62407 ], [ -101.59008, 22.58904 ], [ -101.65991, 22.50532 ], [ -101.67475, 22.50654 ], [ -101.69602, 22.52042 ], [ -101.74618, 22.50869 ], [ -101.73536, 22.48021 ], [ -101.77154, 22.48816 ], [ -101.78336, 22.46503 ], [ -101.83714, 22.49969 ], [ -101.81989, 22.55129 ], [ -101.87296, 22.56307 ], [ -101.85328, 22.65603 ], [ -101.93976, 22.64573 ], [ -102.1249, 22.78295 ], [ -102.19213, 22.8649 ], [ -102.23808, 23.04764 ], [ -102.26005, 23.04592 ], [ -102.24973, 23.07546 ], [ -102.21415, 23.13132 ], [ -102.24097, 23.16938 ], [ -102.23946, 23.20949 ], [ -102.28937, 23.23169 ], [ -102.28583, 23.27332 ], [ -102.2528, 23.27124 ], [ -102.24467, 23.27677 ], [ -102.2316, 23.31512 ], [ -102.24107, 23.31498 ], [ -102.2547, 23.28083 ], [ -102.26953, 23.27991 ], [ -102.26458, 23.29009 ], [ -102.29604, 23.3205 ], [ -102.26826, 23.34228 ], [ -102.25361, 23.36496 ], [ -102.23815, 23.4469 ], [ -102.19362, 23.4476 ], [ -102.19134, 23.40139 ], [ -102.16861, 23.39891 ], [ -102.1688, 23.36103 ], [ -102.12253, 23.35386 ], [ -102.01194, 23.37275 ], [ -101.77512, 23.44763 ], [ -101.1925, 23.91856 ], [ -101.21675, 24.15973 ], [ -101.17323, 24.16414 ], [ -101.0654, 24.20702 ], [ -101.01269, 24.39082 ], [ -100.98733, 24.43252 ], [ -100.98823, 24.40955 ], [ -100.99767, 24.4073 ], [ -101.00987, 24.38512 ], [ -101.00328, 24.36801 ], [ -101.0113, 24.35796 ], [ -101.00667, 24.33583 ], [ -100.94529, 24.2812 ], [ -100.85038, 24.34354 ], [ -100.71121, 24.49152 ] ] ] } },
{ "type": "Feature", "properties": { "CVEGEO": "25", "CVE_ENT": "25", "NOMGEO": "Sinaloa" }, "geometry": { "type": "MultiPolygon", "coordinates": [ [ [ [ -106.41292, 23.1733 ], [ -106.41317, 23.17308 ], [ -106.41322, 23.17333 ], [ -106.41292, 23.1733 ] ] ], [ [ [ -106.40447, 23.17995 ], [ -106.40282, 23.17973 ], [ -106.40395, 23.1784 ], [ -106.40447, 23.17995 ] ] ], [ [ [ -106.44061, 23.18468 ], [ -106.43914, 23.18432 ], [ -106.44064, 23.18378 ], [ -106.44061, 23.18468 ] ] ], [ [ [ -106.43588, 23.18754 ], [ -106.43668, 23.18718 ], [ -106.43658, 23.18775 ], [ -106.43588, 23.18754 ] ] ], [ [ [ -106.463, 23.22524 ], [ -106.46722, 23.22232 ], [ -106.46355, 23.22772 ], [ -106.463, 23.22524 ] ] ], [ [ [ -106.46467, 23.23708 ], [ -106.46231, 23.23091 ], [ -106.46403, 23.2278 ], [ -106.4713, 23.2341 ], [ -106.46467, 23.23708 ] ] ], [ [ [ -106.47939, 23.25666 ], [ -106.47356, 23.25155 ], [ -106.4795, 23.25036 ], [ -106.47939, 23.25666 ] ] ], [ [ [ -108.36666, 25.15808 ], [ -108.35413, 25.16185 ], [ -108.36873, 25.14887 ], [ -108.37201, 25.1522 ], [ -108.3735, 25.15309 ], [ -108.37631, 25.15693 ], [ -108.37778, 25.1582 ], [ -108.37706, 25.167 ], [ -108.37169, 25.15713 ], [ -108.36303, 25.16862 ], [ -108.36666, 25.15808 ] ] ], [ [ [ -108.38094, 25.18163 ], [ -108.3807, 25.16121 ], [ -108.37855, 25.16014 ], [ -108.37767, 25.15776 ], [ -108.37433, 25.15388 ], [ -108.373, 25.15258 ], [ -108.3721, 25.15215 ], [ -108.36887, 25.14882 ], [ -108.38406, 25.16024 ], [ -108.38094, 25.18163 ] ] ], [ [ [ -108.37977, 25.18365 ], [ -108.37612, 25.16792 ], [ -108.37917, 25.17151 ], [ -108.38069, 25.18059 ], [ -108.37977, 25.18365 ] ] ], [ [ [ -108.47551, 27.03995 ], [ -108.47194, 27.0306 ], [ -108.46431, 27.0401 ], [ -108.45479, 27.02704 ], [ -108.4431, 27.0295 ], [ -108.40964, 27.0134 ], [ -108.35011, 27.02255 ], [ -108.33333, 27.0046 ], [ -108.32203, 27.00894 ], [ -108.32598, 27.02049 ], [ -108.31656, 27.03449 ], [ -108.30339, 27.03662 ], [ -108.28891, 27.02658 ], [ -108.28601, 27.01247 ], [ -108.25045, 27.04103 ], [ -108.24122, 27.04185 ], [ -108.22585, 27.02722 ], [ -108.21157, 27.03445 ], [ -108.19427, 27.03195 ], [ -108.18152, 26.99411 ], [ -108.19691, 26.98112 ], [ -108.21583, 26.97768 ], [ -108.21837, 26.96479 ], [ -108.23502, 26.95862 ], [ -108.22502, 26.92288 ], [ -108.23024, 26.90572 ], [ -108.20972, 26.88544 ], [ -108.20278, 26.89062 ], [ -108.20739, 26.906 ], [ -108.19008, 26.89587 ], [ -108.18392, 26.89974 ], [ -108.17455, 26.88146 ], [ -108.16856, 26.89507 ], [ -108.15591, 26.89522 ], [ -108.1431, 26.90788 ], [ -108.14425, 26.86765 ], [ -108.09411, 26.87046 ], [ -108.02682, 26.79847 ], [ -108.03765, 26.76978 ], [ -108.01426, 26.77315 ], [ -108.0057, 26.76105 ], [ -108.01923, 26.73067 ], [ -108.00678, 26.71549 ], [ -108.01175, 26.68948 ], [ -108.03172, 26.66798 ], [ -108.0816, 26.64199 ], [ -108.07456, 26.62799 ], [ -108.05158, 26.62984 ], [ -108.03181, 26.61592 ], [ -108.03251, 26.60318 ], [ -108.01217, 26.5914 ], [ -108.01248, 26.57964 ], [ -107.99205, 26.56228 ], [ -107.98974, 26.54804 ], [ -107.96102, 26.52696 ], [ -107.95727, 26.49374 ], [ -107.98562, 26.4721 ], [ -107.96964, 26.47017 ], [ -108.0128, 26.43905 ], [ -107.85626, 26.22604 ], [ -107.85402, 26.19652 ], [ -107.84091, 26.18355 ], [ -107.82275, 26.18763 ], [ -107.78892, 26.16861 ], [ -107.78069, 26.13694 ], [ -107.75517, 26.13451 ], [ -107.7476, 26.15379 ], [ -107.73787, 26.15695 ], [ -107.73872, 26.16724 ], [ -107.71743, 26.16474 ], [ -107.71108, 26.17441 ], [ -107.69632, 26.16547 ], [ -107.65276, 26.16364 ], [ -107.63575, 26.15458 ], [ -107.58203, 26.17064 ], [ -107.54328, 26.14635 ], [ -107.54368, 26.13732 ], [ -107.52627, 26.12775 ], [ -107.52002, 26.10423 ], [ -107.50612, 26.11579 ], [ -107.49217, 26.11146 ], [ -107.46, 26.13831 ], [ -107.43104, 26.14286 ], [ -107.43235, 26.13825 ], [ -107.41612, 26.14122 ], [ -107.34653, 26.10952 ], [ -107.30489, 26.0764 ], [ -107.30669, 26.04878 ], [ -107.27635, 26.00198 ], [ -107.28004, 25.9581 ], [ -107.29613, 25.92479 ], [ -107.24247, 25.89237 ], [ -107.24651, 25.87777 ], [ -107.23938, 25.88038 ], [ -107.22903, 25.86974 ], [ -107.20695, 25.86392 ], [ -107.20887, 25.85631 ], [ -107.0579, 25.75737 ], [ -107.06468, 25.74816 ], [ -107.06422, 25.71907 ], [ -107.04808, 25.71083 ], [ -107.04313, 25.6977 ], [ -107.01068, 25.69146 ], [ -106.9903, 25.71492 ], [ -106.96532, 25.69788 ], [ -106.96694, 25.66833 ], [ -106.9944, 25.66179 ], [ -106.97329, 25.62957 ], [ -107.12456, 25.55041 ], [ -107.13826, 25.5522 ], [ -107.13875, 25.5601 ], [ -107.17388, 25.55655 ], [ -107.17688, 25.54082 ], [ -107.16951, 25.53247 ], [ -107.17812, 25.51518 ], [ -107.16629, 25.503 ], [ -107.14768, 25.50503 ], [ -107.13929, 25.48956 ], [ -107.15112, 25.4767 ], [ -107.15869, 25.44199 ], [ -107.18487, 25.43682 ], [ -107.21013, 25.4171 ], [ -107.17155, 25.32636 ], [ -107.20782, 25.33156 ], [ -107.1572, 25.26176 ], [ -107.12106, 25.24311 ], [ -107.13202, 25.22671 ], [ -107.14877, 25.22455 ], [ -107.12492, 25.18664 ], [ -107.12989, 25.05314 ], [ -107.06357, 25.02526 ], [ -107.06042, 25.00243 ], [ -107.01834, 24.93362 ], [ -107.02515, 24.92838 ], [ -107.02105, 24.90991 ], [ -107.00058, 24.92824 ], [ -106.93451, 24.88054 ], [ -106.92708, 24.86662 ], [ -106.95142, 24.85902 ], [ -106.94396, 24.85153 ], [ -106.94649, 24.83975 ], [ -106.93066, 24.82092 ], [ -106.91928, 24.81395 ], [ -106.90295, 24.82839 ], [ -106.86585, 24.82296 ], [ -106.79301, 24.74391 ], [ -106.70595, 24.66526 ], [ -106.68361, 24.59853 ], [ -106.64546, 24.52898 ], [ -106.62261, 24.5249 ], [ -106.63007, 24.5065 ], [ -106.60999, 24.49785 ], [ -106.60036, 24.48321 ], [ -106.59365, 24.49506 ], [ -106.56002, 24.47271 ], [ -106.56928, 24.43702 ], [ -106.60159, 24.41457 ], [ -106.58347, 24.39027 ], [ -106.58596, 24.379 ], [ -106.51709, 24.28698 ], [ -106.5091, 24.29114 ], [ -106.46965, 24.27786 ], [ -106.36754, 24.30194 ], [ -106.35262, 24.31647 ], [ -106.34615, 24.34493 ], [ -106.33633, 24.3557 ], [ -106.26887, 24.37476 ], [ -106.19441, 24.35179 ], [ -106.16998, 24.33365 ], [ -106.15254, 24.33877 ], [ -106.07454, 24.26942 ], [ -106.06995, 24.2202 ], [ -106.04388, 24.22085 ], [ -106.02856, 24.18033 ], [ -106.00321, 24.14684 ], [ -106.00405, 24.12053 ], [ -105.98972, 24.11439 ], [ -106.00071, 24.07606 ], [ -106.00788, 24.07251 ], [ -105.99672, 24.05422 ], [ -105.99872, 24.04338 ], [ -105.97951, 24.04196 ], [ -105.95981, 24.0174 ], [ -105.94234, 24.01432 ], [ -105.92887, 23.99929 ], [ -105.91214, 23.99753 ], [ -105.90846, 23.98343 ], [ -105.94542, 23.94803 ], [ -105.89992, 23.94392 ], [ -105.88155, 23.93282 ], [ -105.85759, 23.8993 ], [ -105.86724, 23.87524 ], [ -105.95366, 23.90858 ], [ -105.96127, 23.84074 ], [ -105.93933, 23.79143 ], [ -105.93217, 23.7947 ], [ -105.92878, 23.78658 ], [ -105.92306, 23.74775 ], [ -105.90609, 23.7394 ], [ -105.92663, 23.68414 ], [ -105.90891, 23.58827 ], [ -105.89266, 23.55265 ], [ -105.88432, 23.59039 ], [ -105.8536, 23.59729 ], [ -105.84519, 23.58369 ], [ -105.84552, 23.60326 ], [ -105.81164, 23.61103 ], [ -105.80665, 23.58887 ], [ -105.7693, 23.55647 ], [ -105.76912, 23.54194 ], [ -105.75687, 23.5249 ], [ -105.76034, 23.50296 ], [ -105.72344, 23.47484 ], [ -105.72466, 23.46081 ], [ -105.73886, 23.44521 ], [ -105.7284, 23.43959 ], [ -105.72833, 23.42898 ], [ -105.70029, 23.42017 ], [ -105.71208, 23.39255 ], [ -105.72242, 23.38604 ], [ -105.71733, 23.37859 ], [ -105.73069, 23.3749 ], [ -105.71225, 23.36428 ], [ -105.71516, 23.35022 ], [ -105.694, 23.34057 ], [ -105.70218, 23.33265 ], [ -105.69233, 23.31097 ], [ -105.69947, 23.30772 ], [ -105.68738, 23.30714 ], [ -105.69397, 23.30131 ], [ -105.68708, 23.28752 ], [ -105.67265, 23.28164 ], [ -105.66371, 23.28742 ], [ -105.64321, 23.27648 ], [ -105.64684, 23.25337 ], [ -105.63918, 23.24502 ], [ -105.64234, 23.23808 ], [ -105.63032, 23.23558 ], [ -105.63574, 23.21475 ], [ -105.62971, 23.20229 ], [ -105.64072, 23.18545 ], [ -105.63304, 23.17345 ], [ -105.63688, 23.15592 ], [ -105.64618, 23.14889 ], [ -105.62397, 23.12239 ], [ -105.60696, 23.12179 ], [ -105.59764, 23.10915 ], [ -105.58425, 23.11286 ], [ -105.57538, 23.10497 ], [ -105.56934, 23.11006 ], [ -105.55431, 23.09889 ], [ -105.53707, 23.10454 ], [ -105.53122, 23.11806 ], [ -105.50403, 23.12773 ], [ -105.45532, 23.11734 ], [ -105.42443, 23.12029 ], [ -105.40853, 23.1032 ], [ -105.3988, 23.10221 ], [ -105.39957, 23.08975 ], [ -105.39222, 23.08516 ], [ -105.413, 23.0741 ], [ -105.40895, 23.02364 ], [ -105.43259, 23.02397 ], [ -105.45331, 22.9774 ], [ -105.50126, 22.95856 ], [ -105.49865, 22.93356 ], [ -105.47122, 22.88329 ], [ -105.4842, 22.8587 ], [ -105.47459, 22.85142 ], [ -105.4872, 22.83911 ], [ -105.49497, 22.81052 ], [ -105.50241, 22.80978 ], [ -105.51991, 22.77277 ], [ -105.52477, 22.77477 ], [ -105.51408, 22.75933 ], [ -105.52289, 22.72433 ], [ -105.49806, 22.65139 ], [ -105.46396, 22.65924 ], [ -105.46039, 22.64755 ], [ -105.47268, 22.62719 ], [ -105.45046, 22.62676 ], [ -105.44811, 22.61012 ], [ -105.45599, 22.59874 ], [ -105.43693, 22.58191 ], [ -105.44129, 22.52511 ], [ -105.46645, 22.50539 ], [ -105.47835, 22.50498 ], [ -105.4838, 22.51771 ], [ -105.50318, 22.52768 ], [ -105.50957, 22.51696 ], [ -105.52194, 22.521 ], [ -105.5336, 22.51503 ], [ -105.54168, 22.53654 ], [ -105.59829, 22.53667 ], [ -105.60048, 22.55889 ], [ -105.62204, 22.57143 ], [ -105.63095, 22.59298 ], [ -105.64216, 22.59389 ], [ -105.63921, 22.57698 ], [ -105.66056, 22.58636 ], [ -105.70007, 22.5639 ], [ -105.67523, 22.5072 ], [ -105.67265, 22.47409 ], [ -105.69248, 22.46718 ], [ -105.71412, 22.47495 ], [ -105.75021, 22.53934 ], [ -105.75962, 22.53757 ], [ -105.76049, 22.55097 ], [ -105.76893, 22.55599 ], [ -105.77347, 22.57646 ], [ -105.80937, 22.63705 ], [ -105.87427, 22.71138 ], [ -105.95821, 22.7861 ], [ -106.02684, 22.83139 ], [ -106.0345, 22.82966 ], [ -106.18198, 22.99856 ], [ -106.34847, 23.14648 ], [ -106.4036, 23.18607 ], [ -106.42999, 23.17658 ], [ -106.42462, 23.18599 ], [ -106.43098, 23.20294 ], [ -106.4219, 23.21591 ], [ -106.45356, 23.24142 ], [ -106.47043, 23.28079 ], [ -106.4939, 23.30403 ], [ -106.48034, 23.31454 ], [ -106.48548, 23.33376 ], [ -106.54341, 23.40666 ], [ -106.62699, 23.47815 ], [ -106.6278, 23.4968 ], [ -106.68222, 23.54098 ], [ -106.69547, 23.56966 ], [ -106.76417, 23.61322 ], [ -106.81092, 23.65274 ], [ -106.8044, 23.66758 ], [ -106.79563, 23.67002 ], [ -106.79845, 23.68847 ], [ -106.847, 23.74009 ], [ -106.84478, 23.75527 ], [ -106.88176, 23.79528 ], [ -106.8909, 23.8388 ], [ -106.9483, 23.8945 ], [ -107.0558, 23.9897 ], [ -107.19621, 24.09362 ], [ -107.20311, 24.10186 ], [ -107.1956, 24.10341 ], [ -107.219, 24.12143 ], [ -107.40521, 24.23201 ], [ -107.47501, 24.2922 ], [ -107.64945, 24.407 ], [ -107.82058, 24.50069 ], [ -107.82525, 24.50796 ], [ -107.81707, 24.51649 ], [ -107.82846, 24.52148 ], [ -107.8309, 24.53988 ], [ -107.84079, 24.55031 ], [ -107.99807, 24.6522 ], [ -108.01928, 24.68269 ], [ -108.02621, 24.73625 ], [ -108.06946, 24.77987 ], [ -108.09079, 24.81614 ], [ -108.118, 24.82858 ], [ -108.13649, 24.87212 ], [ -108.22784, 25.01825 ], [ -108.27846, 25.06961 ], [ -108.34229, 25.1115 ], [ -108.33437, 25.12479 ], [ -108.35745, 25.16919 ], [ -108.38462, 25.1873 ], [ -108.38901, 25.18554 ], [ -108.45028, 25.2566 ], [ -108.54399, 25.30472 ], [ -108.64691, 25.3421 ], [ -108.74538, 25.36194 ], [ -108.75154, 25.36852 ], [ -108.80147, 25.37364 ], [ -108.92775, 25.42492 ], [ -109.02103, 25.43829 ], [ -109.0364, 25.46218 ], [ -109.08068, 25.49275 ], [ -109.08701, 25.51133 ], [ -109.11922, 25.545 ], [ -109.16174, 25.56177 ], [ -109.18672, 25.59883 ], [ -109.22806, 25.62678 ], [ -109.29789, 25.64539 ], [ -109.3971, 25.6385 ], [ -109.3905, 25.6696 ], [ -109.39971, 25.6854 ], [ -109.4116, 25.75892 ], [ -109.43228, 25.80595 ], [ -109.42156, 25.87073 ], [ -109.44385, 25.95941 ], [ -109.40664, 26.05884 ], [ -109.31029, 26.20249 ], [ -109.28792, 26.27814 ], [ -109.25189, 26.31218 ], [ -109.25832, 26.31993 ], [ -109.24679, 26.31604 ], [ -109.21011, 26.34317 ], [ -109.19313, 26.34093 ], [ -109.16494, 26.30685 ], [ -109.12524, 26.29701 ], [ -109.09668, 26.31212 ], [ -109.07421, 26.35353 ], [ -109.00644, 26.40237 ], [ -108.93652, 26.39018 ], [ -108.91012, 26.42171 ], [ -108.88139, 26.40625 ], [ -108.86034, 26.43277 ], [ -108.87611, 26.44758 ], [ -108.83776, 26.47252 ], [ -108.84748, 26.48722 ], [ -108.85674, 26.48052 ], [ -108.91467, 26.47954 ], [ -108.89132, 26.4896 ], [ -108.87315, 26.55107 ], [ -108.80642, 26.5706 ], [ -108.78772, 26.56526 ], [ -108.77709, 26.57093 ], [ -108.77659, 26.58011 ], [ -108.73429, 26.59357 ], [ -108.67883, 26.58702 ], [ -108.67899, 26.64289 ], [ -108.65768, 26.66913 ], [ -108.63037, 26.67657 ], [ -108.63599, 26.69052 ], [ -108.62839, 26.71839 ], [ -108.60102, 26.72722 ], [ -108.59419, 26.75917 ], [ -108.57833, 26.76278 ], [ -108.58085, 26.78958 ], [ -108.5752, 26.79322 ], [ -108.56477, 26.77848 ], [ -108.55403, 26.77986 ], [ -108.53691, 26.79843 ], [ -108.55535, 26.81158 ], [ -108.55704, 26.82375 ], [ -108.53513, 26.84098 ], [ -108.52206, 26.87968 ], [ -108.46698, 26.9707 ], [ -108.42427, 26.97623 ], [ -108.50249, 26.98736 ], [ -108.50444, 27.00718 ], [ -108.48417, 27.01744 ], [ -108.49173, 27.03138 ], [ -108.47551, 27.03995 ] ] ] ] } },
{ "type": "Feature", "properties": { "CVEGEO": "26", "CVE_ENT": "26", "NOMGEO": "Sonora" }, "geometry": { "type": "MultiPolygon", "coordinates": [ [ [ [ -110.5908, 27.40827 ], [ -110.60271, 27.36159 ], [ -110.58264, 27.34614 ], [ -110.58532, 27.33814 ], [ -110.57729, 27.33254 ], [ -110.5854, 27.3219 ], [ -110.57128, 27.31158 ], [ -110.53192, 27.30269 ], [ -110.53426, 27.28827 ], [ -110.5827, 27.30358 ], [ -110.60172, 27.3187 ], [ -110.6061, 27.34684 ], [ -110.59514, 27.41663 ], [ -110.5908, 27.40827 ] ] ], [ [ [ -110.95075, 27.86767 ], [ -110.95125, 27.86751 ], [ -110.95089, 27.8683 ], [ -110.95075, 27.86767 ] ] ], [ [ [ -110.8596, 27.88084 ], [ -110.86394, 27.87469 ], [ -110.86597, 27.87465 ], [ -110.8596, 27.88084 ] ] ], [ [ [ -110.95275, 27.87576 ], [ -110.95333, 27.87552 ], [ -110.95238, 27.87681 ], [ -110.95275, 27.87576 ] ] ], [ [ [ -110.95531, 27.88495 ], [ -110.95528, 27.88439 ], [ -110.95605, 27.88434 ], [ -110.95531, 27.88495 ] ] ], [ [ [ -110.83307, 27.90088 ], [ -110.8414, 27.88776 ], [ -110.84705, 27.88714 ], [ -110.84818, 27.88852 ], [ -110.84861, 27.89124 ], [ -110.83307, 27.90088 ] ] ], [ [ [ -110.90129, 27.89943 ], [ -110.90033, 27.89895 ], [ -110.90107, 27.89878 ], [ -110.90129, 27.89943 ] ] ], [ [ [ -110.89838, 27.90091 ], [ -110.89914, 27.90054 ], [ -110.89908, 27.90106 ], [ -110.89838, 27.90091 ] ] ], [ [ [ -110.87911, 27.90891 ], [ -110.88189, 27.90984 ], [ -110.87935, 27.91097 ], [ -110.87911, 27.90891 ] ] ], [ [ [ -110.87477, 27.91143 ], [ -110.87035, 27.90893 ], [ -110.87498, 27.90662 ], [ -110.87477, 27.91143 ] ] ], [ [ [ -110.96911, 27.90968 ], [ -110.97027, 27.90858 ], [ -110.97092, 27.90924 ], [ -110.96911, 27.90968 ] ] ], [ [ [ -110.99186, 27.92596 ], [ -110.99111, 27.9255 ], [ -110.99239, 27.92574 ], [ -110.99186, 27.92596 ] ] ], [ [ [ -111.05915, 27.9308 ], [ -111.05965, 27.92968 ], [ -111.05976, 27.93094 ], [ -111.05915, 27.9308 ] ] ], [ [ [ -110.99301, 27.93457 ], [ -110.98999, 27.93492 ], [ -110.99068, 27.93296 ], [ -110.99301, 27.93457 ] ] ], [ [ [ -111.05077, 27.93582 ], [ -111.05178, 27.9356 ], [ -111.0516, 27.93646 ], [ -111.05077, 27.93582 ] ] ], [ [ [ -111.05089, 27.9402 ], [ -111.05211, 27.93976 ], [ -111.05226, 27.9416 ], [ -111.05089, 27.9402 ] ] ], [ [ [ -111.02921, 27.95305 ], [ -111.02913, 27.94853 ], [ -111.03209, 27.94705 ], [ -111.02921, 27.95305 ] ] ], [ [ [ -111.11913, 27.95825 ], [ -111.1248, 27.95275 ], [ -111.11916, 27.95959 ], [ -111.11913, 27.95825 ] ] ], [ [ [ -111.39008, 27.9851 ], [ -111.36907, 27.96159 ], [ -111.36743, 27.95255 ], [ -111.3818, 27.96054 ], [ -111.39008, 27.9851 ] ] ], [ [ [ -112.29824, 28.73521 ], [ -112.28304, 28.71452 ], [ -112.28619, 28.70934 ], [ -112.29824, 28.73521 ] ] ], [ [ [ -112.5534, 28.73071 ], [ -112.54211, 28.71147 ], [ -112.55389, 28.67197 ], [ -112.60568, 28.66767 ], [ -112.60132, 28.67688 ], [ -112.61305, 28.70518 ], [ -112.61215, 28.72656 ], [ -112.5534, 28.73071 ] ] ], [ [ [ -111.96368, 28.81596 ], [ -111.97355, 28.80908 ], [ -111.96562, 28.8167 ], [ -111.96368, 28.81596 ] ] ], [ [ [ -112.31725, 29.22042 ], [ -112.2847, 29.23139 ], [ -112.2923, 29.22541 ], [ -112.28668, 29.22333 ], [ -112.2953, 29.22186 ], [ -112.28077, 29.21759 ], [ -112.2815, 29.22235 ], [ -112.28006, 29.21809 ], [ -112.28222, 29.21362 ], [ -112.27941, 29.20647 ], [ -112.2612, 29.19276 ], [ -112.27045, 29.18583 ], [ -112.26348, 29.17846 ], [ -112.27469, 29.16546 ], [ -112.27432, 29.13721 ], [ -112.23199, 29.09224 ], [ -112.22239, 29.06066 ], [ -112.19475, 29.02105 ], [ -112.19477, 29.00627 ], [ -112.19737, 29.00874 ], [ -112.19985, 29.00839 ], [ -112.19455, 29.0055 ], [ -112.21153, 28.99285 ], [ -112.21653, 28.96054 ], [ -112.197, 28.97827 ], [ -112.18887, 28.97668 ], [ -112.21459, 28.95671 ], [ -112.22972, 28.90385 ], [ -112.24188, 28.89043 ], [ -112.2395, 28.87138 ], [ -112.2571, 28.85762 ], [ -112.25747, 28.843 ], [ -112.27489, 28.8165 ], [ -112.27321, 28.78343 ], [ -112.25276, 28.76724 ], [ -112.28121, 28.76777 ], [ -112.3102, 28.7468 ], [ -112.32843, 28.76345 ], [ -112.34778, 28.76606 ], [ -112.35957, 28.75972 ], [ -112.36486, 28.77389 ], [ -112.38366, 28.77596 ], [ -112.40713, 28.79945 ], [ -112.46171, 28.80267 ], [ -112.47206, 28.8215 ], [ -112.49393, 28.82258 ], [ -112.50193, 28.83706 ], [ -112.54767, 28.85643 ], [ -112.55488, 28.86794 ], [ -112.57278, 28.86793 ], [ -112.58425, 28.87667 ], [ -112.51732, 28.91549 ], [ -112.48985, 28.94916 ], [ -112.49022, 28.9829 ], [ -112.50642, 29.01394 ], [ -112.5006, 29.05019 ], [ -112.50593, 29.06304 ], [ -112.49403, 29.07365 ], [ -112.47777, 29.16743 ], [ -112.45683, 29.19452 ], [ -112.43554, 29.20006 ], [ -112.42582, 29.18921 ], [ -112.40913, 29.18597 ], [ -112.35998, 29.22023 ], [ -112.31725, 29.22042 ] ] ], [ [ [ -114.67972, 31.75699 ], [ -114.62488, 31.75756 ], [ -114.59572, 31.74725 ], [ -114.60399, 31.73269 ], [ -114.61934, 31.72846 ], [ -114.67972, 31.75699 ] ] ], [ [ [ -114.88259, 32.49215 ], [ -114.84908, 32.47342 ], [ -114.81666, 32.48233 ], [ -114.81357, 32.49391 ], [ -114.78346, 32.48561 ], [ -113.21021, 31.99998 ], [ -111.075, 31.33257 ], [ -108.75592, 31.33242 ], [ -108.81723, 31.23901 ], [ -108.87981, 31.23879 ], [ -108.89833, 31.22524 ], [ -108.90665, 31.20805 ], [ -108.90033, 31.20245 ], [ -108.86069, 31.21893 ], [ -108.84833, 31.19511 ], [ -108.80502, 31.19296 ], [ -108.83501, 31.16933 ], [ -108.84564, 31.13558 ], [ -108.77, 31.10247 ], [ -108.76616, 31.07363 ], [ -108.7299, 31.05215 ], [ -108.75247, 31.03385 ], [ -108.68439, 31.03374 ], [ -108.68381, 31.00597 ], [ -108.80326, 31.00483 ], [ -108.80239, 30.9041 ], [ -108.93924, 30.90757 ], [ -108.92985, 30.86102 ], [ -108.93546, 30.77363 ], [ -108.9483, 30.73691 ], [ -108.91897, 30.73935 ], [ -108.88692, 30.71929 ], [ -108.86693, 30.68939 ], [ -108.87647, 30.62457 ], [ -108.83065, 30.60173 ], [ -108.76202, 30.58727 ], [ -108.75654, 30.59608 ], [ -108.72667, 30.59455 ], [ -108.72744, 30.58048 ], [ -108.6874, 30.55476 ], [ -108.67779, 30.55707 ], [ -108.67409, 30.53229 ], [ -108.66197, 30.52194 ], [ -108.65712, 30.47032 ], [ -108.66477, 30.46815 ], [ -108.60384, 30.46511 ], [ -108.61356, 30.43572 ], [ -108.64865, 30.41686 ], [ -108.61984, 30.3748 ], [ -108.62206, 30.34032 ], [ -108.58001, 30.33748 ], [ -108.56577, 30.30819 ], [ -108.5422, 30.28351 ], [ -108.55055, 30.26664 ], [ -108.62022, 30.29823 ], [ -108.61166, 30.10235 ], [ -108.61822, 30.08945 ], [ -108.60692, 30.02862 ], [ -108.6155, 29.96587 ], [ -108.62871, 29.95303 ], [ -108.61486, 29.89513 ], [ -108.62169, 29.87821 ], [ -108.6072, 29.84714 ], [ -108.63572, 29.82968 ], [ -108.62944, 29.80627 ], [ -108.61856, 29.80047 ], [ -108.54126, 29.79614 ], [ -108.53496, 29.75136 ], [ -108.54078, 29.73623 ], [ -108.59275, 29.72839 ], [ -108.59253, 29.71765 ], [ -108.6591, 29.71613 ], [ -108.61828, 29.66053 ], [ -108.65499, 29.64943 ], [ -108.64466, 29.62755 ], [ -108.64114, 29.58889 ], [ -108.65951, 29.58404 ], [ -108.63832, 29.55832 ], [ -108.66231, 29.54448 ], [ -108.64871, 29.5091 ], [ -108.62516, 29.50103 ], [ -108.64399, 29.48884 ], [ -108.68961, 29.484 ], [ -108.69433, 29.46711 ], [ -108.71775, 29.46595 ], [ -108.66973, 29.30742 ], [ -108.68221, 29.26743 ], [ -108.7303, 29.26909 ], [ -108.73067, 29.2634 ], [ -108.76189, 29.25388 ], [ -108.74124, 29.24043 ], [ -108.74283, 29.22586 ], [ -108.73541, 29.21771 ], [ -108.73983, 29.20082 ], [ -108.75387, 29.2001 ], [ -108.7453, 29.16234 ], [ -108.72885, 29.1718 ], [ -108.69853, 29.12774 ], [ -108.72959, 29.09653 ], [ -108.72747, 29.08576 ], [ -108.70944, 29.083 ], [ -108.71311, 29.07037 ], [ -108.72435, 29.0699 ], [ -108.69815, 28.93627 ], [ -108.7098, 28.88952 ], [ -108.67818, 28.86328 ], [ -108.6812, 28.85477 ], [ -108.65785, 28.80922 ], [ -108.62963, 28.81172 ], [ -108.62382, 28.80612 ], [ -108.63633, 28.79188 ], [ -108.64556, 28.79473 ], [ -108.64329, 28.76507 ], [ -108.62523, 28.75934 ], [ -108.62074, 28.75033 ], [ -108.58379, 28.74014 ], [ -108.58015, 28.63245 ], [ -108.5644, 28.61271 ], [ -108.56136, 28.59117 ], [ -108.53129, 28.55667 ], [ -108.52329, 28.50591 ], [ -108.50767, 28.50822 ], [ -108.5048, 28.49336 ], [ -108.52039, 28.45976 ], [ -108.50414, 28.45444 ], [ -108.51554, 28.42628 ], [ -108.4797, 28.36955 ], [ -108.50137, 28.35573 ], [ -108.52165, 28.36506 ], [ -108.51964, 28.33476 ], [ -108.55093, 28.31806 ], [ -108.60351, 28.34756 ], [ -108.61117, 28.33526 ], [ -108.63618, 28.33523 ], [ -108.64129, 28.29161 ], [ -108.65583, 28.30181 ], [ -108.66193, 28.29548 ], [ -108.68723, 28.30346 ], [ -108.75098, 28.27157 ], [ -108.79668, 28.26716 ], [ -108.79166, 28.25362 ], [ -108.83042, 28.26505 ], [ -108.842, 28.25326 ], [ -108.85138, 28.25948 ], [ -108.85609, 28.25154 ], [ -108.88066, 28.26473 ], [ -108.91268, 28.26 ], [ -108.92201, 28.25149 ], [ -108.92882, 28.25956 ], [ -108.96726, 28.265 ], [ -108.98356, 28.27696 ], [ -108.98291, 28.28707 ], [ -108.99397, 28.29796 ], [ -108.99555, 28.28639 ], [ -108.98705, 28.27783 ], [ -108.98831, 28.26254 ], [ -108.99744, 28.25505 ], [ -109.02278, 28.27753 ], [ -109.04068, 28.26699 ], [ -109.04576, 28.28116 ], [ -109.05188, 28.27642 ], [ -109.0687, 28.28614 ], [ -109.05844, 28.26727 ], [ -109.07489, 28.27261 ], [ -109.06199, 28.1992 ], [ -109.07289, 28.14857 ], [ -109.04895, 28.09265 ], [ -109.0319, 28.01829 ], [ -108.99168, 27.97998 ], [ -108.96371, 27.97252 ], [ -108.95031, 27.95404 ], [ -108.92651, 27.94059 ], [ -108.91487, 27.85401 ], [ -108.86914, 27.83929 ], [ -108.88608, 27.81367 ], [ -108.91046, 27.80914 ], [ -108.92029, 27.78397 ], [ -108.89552, 27.74481 ], [ -108.83296, 27.74435 ], [ -108.817, 27.73217 ], [ -108.80738, 27.73799 ], [ -108.79928, 27.72303 ], [ -108.78449, 27.73047 ], [ -108.78445, 27.71491 ], [ -108.76602, 27.70583 ], [ -108.77279, 27.6965 ], [ -108.74931, 27.66473 ], [ -108.7542, 27.63673 ], [ -108.73985, 27.59995 ], [ -108.72296, 27.58815 ], [ -108.71281, 27.56625 ], [ -108.65528, 27.5438 ], [ -108.65241, 27.53703 ], [ -108.65302, 27.46903 ], [ -108.66165, 27.46474 ], [ -108.63342, 27.42814 ], [ -108.62913, 27.38292 ], [ -108.59105, 27.31808 ], [ -108.62559, 27.28925 ], [ -108.66438, 27.2394 ], [ -108.65809, 27.23165 ], [ -108.66258, 27.21954 ], [ -108.64752, 27.1867 ], [ -108.65322, 27.17605 ], [ -108.64432, 27.17881 ], [ -108.61143, 27.15414 ], [ -108.59696, 27.0769 ], [ -108.60619, 27.06359 ], [ -108.60228, 27.03694 ], [ -108.56254, 27.04602 ], [ -108.57225, 27.01266 ], [ -108.55176, 26.99715 ], [ -108.42427, 26.97623 ], [ -108.46698, 26.9707 ], [ -108.52206, 26.87968 ], [ -108.53513, 26.84098 ], [ -108.55704, 26.82375 ], [ -108.55535, 26.81158 ], [ -108.53691, 26.79843 ], [ -108.55403, 26.77986 ], [ -108.56477, 26.77848 ], [ -108.5752, 26.79322 ], [ -108.58085, 26.78958 ], [ -108.57833, 26.76278 ], [ -108.59419, 26.75917 ], [ -108.60102, 26.72722 ], [ -108.62839, 26.71839 ], [ -108.63599, 26.69052 ], [ -108.63037, 26.67657 ], [ -108.65768, 26.66913 ], [ -108.67899, 26.64289 ], [ -108.67883, 26.58702 ], [ -108.73429, 26.59357 ], [ -108.77659, 26.58011 ], [ -108.77709, 26.57093 ], [ -108.78772, 26.56526 ], [ -108.80642, 26.5706 ], [ -108.87315, 26.55107 ], [ -108.89132, 26.4896 ], [ -108.91467, 26.47954 ], [ -108.85674, 26.48052 ], [ -108.84748, 26.48722 ], [ -108.83776, 26.47252 ], [ -108.87611, 26.44758 ], [ -108.86034, 26.43277 ], [ -108.88139, 26.40625 ], [ -108.91012, 26.42171 ], [ -108.93652, 26.39018 ], [ -109.00644, 26.40237 ], [ -109.07421, 26.35353 ], [ -109.09668, 26.31212 ], [ -109.12524, 26.29701 ], [ -109.16494, 26.30685 ], [ -109.20254, 26.34445 ], [ -109.24679, 26.31604 ], [ -109.26001, 26.3197 ], [ -109.25203, 26.41223 ], [ -109.26779, 26.50123 ], [ -109.30937, 26.56459 ], [ -109.35825, 26.59915 ], [ -109.40323, 26.65362 ], [ -109.43726, 26.67062 ], [ -109.48454, 26.68217 ], [ -109.43002, 26.67125 ], [ -109.43105, 26.68975 ], [ -109.44165, 26.69447 ], [ -109.43254, 26.71892 ], [ -109.47146, 26.7169 ], [ -109.48309, 26.74427 ], [ -109.50006, 26.73575 ], [ -109.5082, 26.7219 ], [ -109.51303, 26.75479 ], [ -109.52812, 26.75913 ], [ -109.55608, 26.71696 ], [ -109.53961, 26.70459 ], [ -109.52811, 26.71187 ], [ -109.50868, 26.70462 ], [ -109.54225, 26.69368 ], [ -109.50914, 26.67711 ], [ -109.49363, 26.67846 ], [ -109.49637, 26.67017 ], [ -109.55512, 26.68819 ], [ -109.62385, 26.69548 ], [ -109.65625, 26.69137 ], [ -109.66924, 26.67341 ], [ -109.76748, 26.70624 ], [ -109.82013, 26.75163 ], [ -109.851, 26.7925 ], [ -109.89025, 26.92251 ], [ -109.94419, 26.99205 ], [ -109.94167, 27.01796 ], [ -109.96721, 27.05418 ], [ -110.02123, 27.07795 ], [ -110.04513, 27.08438 ], [ -110.05651, 27.07822 ], [ -110.10381, 27.10834 ], [ -110.30667, 27.15537 ], [ -110.33795, 27.17594 ], [ -110.43237, 27.26798 ], [ -110.47585, 27.28555 ], [ -110.52443, 27.29367 ], [ -110.52152, 27.29965 ], [ -110.50404, 27.30033 ], [ -110.46278, 27.29335 ], [ -110.44362, 27.30243 ], [ -110.45851, 27.31287 ], [ -110.47476, 27.31204 ], [ -110.47449, 27.31852 ], [ -110.46684, 27.31623 ], [ -110.4647, 27.31658 ], [ -110.47231, 27.32124 ], [ -110.46308, 27.32472 ], [ -110.46099, 27.32927 ], [ -110.48167, 27.32587 ], [ -110.4746, 27.34805 ], [ -110.48017, 27.37465 ], [ -110.50388, 27.38723 ], [ -110.52585, 27.37403 ], [ -110.53653, 27.37268 ], [ -110.52498, 27.37504 ], [ -110.53051, 27.37768 ], [ -110.52575, 27.39077 ], [ -110.51339, 27.3917 ], [ -110.50906, 27.40055 ], [ -110.52337, 27.39834 ], [ -110.5112, 27.41231 ], [ -110.52246, 27.40494 ], [ -110.52482, 27.40789 ], [ -110.52625, 27.41607 ], [ -110.52722, 27.41608 ], [ -110.52732, 27.39673 ], [ -110.53138, 27.39769 ], [ -110.52761, 27.39837 ], [ -110.52974, 27.40423 ], [ -110.53125, 27.4043 ], [ -110.53499, 27.3973 ], [ -110.53671, 27.40238 ], [ -110.54316, 27.40365 ], [ -110.54743, 27.3926 ], [ -110.55647, 27.39543 ], [ -110.55964, 27.41083 ], [ -110.54078, 27.41234 ], [ -110.54756, 27.41424 ], [ -110.5357, 27.42099 ], [ -110.55244, 27.41727 ], [ -110.53919, 27.43196 ], [ -110.54756, 27.43427 ], [ -110.55831, 27.41931 ], [ -110.56339, 27.42817 ], [ -110.55561, 27.44092 ], [ -110.57317, 27.43932 ], [ -110.57269, 27.45067 ], [ -110.55958, 27.4567 ], [ -110.54341, 27.45131 ], [ -110.53711, 27.45729 ], [ -110.58253, 27.4562 ], [ -110.59046, 27.44171 ], [ -110.5885, 27.52812 ], [ -110.6177, 27.59629 ], [ -110.62324, 27.61875 ], [ -110.61568, 27.62017 ], [ -110.62361, 27.62234 ], [ -110.61463, 27.66192 ], [ -110.6104, 27.6536 ], [ -110.6069, 27.66 ], [ -110.60894, 27.68349 ], [ -110.60498, 27.70408 ], [ -110.60577, 27.6715 ], [ -110.6009, 27.70054 ], [ -110.61331, 27.773 ], [ -110.61581, 27.79826 ], [ -110.61479, 27.81026 ], [ -110.61232, 27.81538 ], [ -110.61126, 27.81569 ], [ -110.61437, 27.79565 ], [ -110.58623, 27.8323 ], [ -110.59097, 27.8423 ], [ -110.58895, 27.84565 ], [ -110.58028, 27.83327 ], [ -110.5675, 27.8411 ], [ -110.55851, 27.83183 ], [ -110.54823, 27.83251 ], [ -110.54445, 27.84251 ], [ -110.5236, 27.83777 ], [ -110.51949, 27.84297 ], [ -110.52647, 27.8508 ], [ -110.57842, 27.88243 ], [ -110.61069, 27.88838 ], [ -110.63186, 27.88245 ], [ -110.64298, 27.88837 ], [ -110.63993, 27.89877 ], [ -110.64877, 27.90375 ], [ -110.66536, 27.89526 ], [ -110.64868, 27.89224 ], [ -110.60907, 27.85795 ], [ -110.65723, 27.88988 ], [ -110.68013, 27.88983 ], [ -110.72701, 27.90836 ], [ -110.79578, 27.91894 ], [ -110.85324, 27.91227 ], [ -110.85445, 27.91804 ], [ -110.84255, 27.91368 ], [ -110.79959, 27.9213 ], [ -110.81215, 27.92325 ], [ -110.82889, 27.95433 ], [ -110.85406, 27.94684 ], [ -110.86086, 27.93794 ], [ -110.8523, 27.9363 ], [ -110.86135, 27.9364 ], [ -110.86625, 27.9157 ], [ -110.88658, 27.92342 ], [ -110.90688, 27.89771 ], [ -110.90674, 27.89272 ], [ -110.89575, 27.89381 ], [ -110.88598, 27.90559 ], [ -110.87952, 27.90188 ], [ -110.8845, 27.89633 ], [ -110.86535, 27.90321 ], [ -110.85566, 27.89975 ], [ -110.86698, 27.89534 ], [ -110.85878, 27.89569 ], [ -110.87086, 27.88412 ], [ -110.86404, 27.88474 ], [ -110.86928, 27.87993 ], [ -110.86398, 27.87808 ], [ -110.8706, 27.8758 ], [ -110.87076, 27.86549 ], [ -110.88124, 27.86367 ], [ -110.87583, 27.85129 ], [ -110.88987, 27.83946 ], [ -110.88872, 27.84959 ], [ -110.90309, 27.85575 ], [ -110.9036, 27.86701 ], [ -110.92603, 27.86766 ], [ -110.92472, 27.87626 ], [ -110.93291, 27.88144 ], [ -110.95043, 27.86826 ], [ -110.94897, 27.8889 ], [ -110.96657, 27.90524 ], [ -110.94744, 27.91154 ], [ -110.94689, 27.92185 ], [ -110.95106, 27.92783 ], [ -110.96996, 27.92742 ], [ -110.98453, 27.95864 ], [ -111.0253, 27.96248 ], [ -111.04982, 27.95 ], [ -111.0488, 27.9405 ], [ -111.05077, 27.94273 ], [ -111.05498, 27.94181 ], [ -111.05786, 27.93754 ], [ -111.05369, 27.94854 ], [ -111.06541, 27.95291 ], [ -111.06006, 27.92732 ], [ -111.0662, 27.9406 ], [ -111.10572, 27.93606 ], [ -111.10407, 27.94475 ], [ -111.09391, 27.94445 ], [ -111.09129, 27.94514 ], [ -111.09075, 27.9467 ], [ -111.09941, 27.9613 ], [ -111.11324, 27.9661 ], [ -111.11692, 27.96048 ], [ -111.12293, 27.97886 ], [ -111.13159, 27.97475 ], [ -111.13785, 27.98488 ], [ -111.17377, 27.99151 ], [ -111.18869, 28.02065 ], [ -111.21172, 28.04171 ], [ -111.24209, 28.04969 ], [ -111.24301, 28.05808 ], [ -111.25525, 28.05444 ], [ -111.25209, 28.06353 ], [ -111.27737, 28.08111 ], [ -111.27317, 28.08993 ], [ -111.28228, 28.09045 ], [ -111.29368, 28.13094 ], [ -111.31459, 28.14016 ], [ -111.31124, 28.14585 ], [ -111.33074, 28.15797 ], [ -111.33265, 28.19093 ], [ -111.34368, 28.20931 ], [ -111.35873, 28.21943 ], [ -111.37711, 28.2188 ], [ -111.3734, 28.23407 ], [ -111.38872, 28.24911 ], [ -111.39042, 28.27082 ], [ -111.40842, 28.27306 ], [ -111.41369, 28.28554 ], [ -111.42536, 28.28673 ], [ -111.45727, 28.31596 ], [ -111.45297, 28.32523 ], [ -111.46214, 28.34126 ], [ -111.45682, 28.35438 ], [ -111.46859, 28.37194 ], [ -111.50502, 28.39263 ], [ -111.58192, 28.41511 ], [ -111.64451, 28.44353 ], [ -111.71003, 28.45687 ], [ -111.71573, 28.49461 ], [ -111.73723, 28.52185 ], [ -111.77442, 28.60713 ], [ -111.90819, 28.70243 ], [ -111.9522, 28.7591 ], [ -111.92152, 28.76663 ], [ -111.90057, 28.78712 ], [ -111.89967, 28.78445 ], [ -111.9048, 28.78081 ], [ -111.90546, 28.7779 ], [ -111.89879, 28.7825 ], [ -111.89072, 28.77385 ], [ -111.88854, 28.75963 ], [ -111.87647, 28.74382 ], [ -111.87829, 28.74949 ], [ -111.87263, 28.74691 ], [ -111.854, 28.76012 ], [ -111.86491, 28.77946 ], [ -111.84423, 28.7922 ], [ -111.84427, 28.80393 ], [ -111.86307, 28.79306 ], [ -111.85865, 28.79628 ], [ -111.88925, 28.79339 ], [ -111.88277, 28.79952 ], [ -111.88269, 28.80772 ], [ -111.88206, 28.80901 ], [ -111.88085, 28.81014 ], [ -111.87794, 28.80118 ], [ -111.8748, 28.8016 ], [ -111.87357, 28.81085 ], [ -111.88946, 28.81596 ], [ -111.88668, 28.82541 ], [ -111.90131, 28.82157 ], [ -111.89247, 28.80535 ], [ -111.90546, 28.79637 ], [ -111.90976, 28.80111 ], [ -111.9028, 28.80342 ], [ -111.90436, 28.80926 ], [ -111.90289, 28.80824 ], [ -111.90329, 28.81079 ], [ -111.89843, 28.81099 ], [ -111.89788, 28.813 ], [ -111.91323, 28.81106 ], [ -111.91881, 28.81621 ], [ -111.91298, 28.81907 ], [ -111.91259, 28.82203 ], [ -111.91936, 28.82108 ], [ -111.9271, 28.81325 ], [ -111.91471, 28.79002 ], [ -111.96981, 28.84205 ], [ -112.03099, 28.85914 ], [ -112.03456, 28.88012 ], [ -112.05171, 28.88965 ], [ -112.04767, 28.89885 ], [ -112.08627, 28.92519 ], [ -112.102, 28.95531 ], [ -112.17195, 28.96853 ], [ -112.15044, 28.9937 ], [ -112.16012, 29.01223 ], [ -112.16672, 29.00957 ], [ -112.1707, 29.07173 ], [ -112.18794, 29.07272 ], [ -112.16526, 29.11419 ], [ -112.18448, 29.15219 ], [ -112.20053, 29.157 ], [ -112.19429, 29.16738 ], [ -112.19946, 29.17623 ], [ -112.22983, 29.17851 ], [ -112.20901, 29.24281 ], [ -112.23299, 29.30704 ], [ -112.26159, 29.3288 ], [ -112.30557, 29.32905 ], [ -112.34625, 29.31356 ], [ -112.3349, 29.2918 ], [ -112.35298, 29.32101 ], [ -112.39452, 29.33261 ], [ -112.41037, 29.34516 ], [ -112.42149, 29.37606 ], [ -112.38267, 29.44873 ], [ -112.38088, 29.48683 ], [ -112.39103, 29.50082 ], [ -112.41233, 29.50585 ], [ -112.42887, 29.51917 ], [ -112.43629, 29.55971 ], [ -112.50689, 29.62041 ], [ -112.54406, 29.68969 ], [ -112.58048, 29.71151 ], [ -112.60663, 29.77936 ], [ -112.65181, 29.83448 ], [ -112.65093, 29.86242 ], [ -112.66542, 29.89114 ], [ -112.68394, 29.90433 ], [ -112.69748, 29.89576 ], [ -112.69416, 29.90625 ], [ -112.71288, 29.9104 ], [ -112.73057, 29.90288 ], [ -112.74704, 29.91436 ], [ -112.7331, 30.00055 ], [ -112.76159, 30.06275 ], [ -112.75244, 30.16218 ], [ -112.7615, 30.20169 ], [ -112.77894, 30.2285 ], [ -112.81787, 30.26385 ], [ -112.83901, 30.27094 ], [ -112.85731, 30.26307 ], [ -112.86472, 30.26828 ], [ -112.8511, 30.28469 ], [ -112.84633, 30.33089 ], [ -112.86472, 30.41301 ], [ -112.89713, 30.45834 ], [ -112.97868, 30.52927 ], [ -112.98033, 30.5419 ], [ -112.98763, 30.53609 ], [ -113.03976, 30.6072 ], [ -113.08473, 30.67941 ], [ -113.12683, 30.81048 ], [ -113.10106, 30.89089 ], [ -113.09646, 30.97005 ], [ -113.12841, 31.05891 ], [ -113.1206, 31.0647 ], [ -113.11706, 31.03534 ], [ -113.09194, 30.99527 ], [ -113.0848, 31.01251 ], [ -113.06205, 31.03344 ], [ -113.05883, 31.06048 ], [ -113.08096, 31.13881 ], [ -113.07751, 31.15167 ], [ -113.08955, 31.15567 ], [ -113.10151, 31.18944 ], [ -113.11027, 31.19962 ], [ -113.11646, 31.20159 ], [ -113.1204, 31.19167 ], [ -113.18908, 31.22276 ], [ -113.20715, 31.24053 ], [ -113.25511, 31.24054 ], [ -113.42118, 31.2759 ], [ -113.43249, 31.28399 ], [ -113.44658, 31.28082 ], [ -113.54541, 31.29627 ], [ -113.55288, 31.30354 ], [ -113.54376, 31.30394 ], [ -113.54364, 31.30828 ], [ -113.5584, 31.31777 ], [ -113.62461, 31.32799 ], [ -113.64389, 31.34323 ], [ -113.61228, 31.34336 ], [ -113.60916, 31.36412 ], [ -113.63581, 31.42982 ], [ -113.6294, 31.452 ], [ -113.64103, 31.48115 ], [ -113.68041, 31.51484 ], [ -113.76333, 31.55062 ], [ -113.77667, 31.56454 ], [ -113.81007, 31.567 ], [ -113.85248, 31.5954 ], [ -113.87367, 31.58856 ], [ -113.87787, 31.59821 ], [ -113.89755, 31.60686 ], [ -113.92, 31.5983 ], [ -113.97941, 31.63143 ], [ -113.9737, 31.5783 ], [ -113.9615, 31.5769 ], [ -113.9562, 31.5624 ], [ -113.97973, 31.54739 ], [ -113.98684, 31.52949 ], [ -114.00622, 31.52379 ], [ -114.01975, 31.52992 ], [ -114.0259, 31.4922 ], [ -114.13633, 31.49202 ], [ -114.16991, 31.49799 ], [ -114.2287, 31.52821 ], [ -114.28271, 31.54615 ], [ -114.32675, 31.58316 ], [ -114.33236, 31.59677 ], [ -114.44946, 31.64833 ], [ -114.46204, 31.66781 ], [ -114.49703, 31.67623 ], [ -114.51425, 31.69448 ], [ -114.50627, 31.68996 ], [ -114.50757, 31.69448 ], [ -114.52628, 31.70084 ], [ -114.55403, 31.73554 ], [ -114.58279, 31.75222 ], [ -114.61923, 31.7629 ], [ -114.6928, 31.76312 ], [ -114.72269, 31.77706 ], [ -114.76021, 31.81826 ], [ -114.81886, 31.82091 ], [ -114.84492, 31.86455 ], [ -114.87162, 31.86448 ], [ -114.89072, 31.87233 ], [ -114.91076, 31.86776 ], [ -114.91362, 31.88134 ], [ -114.93788, 31.89078 ], [ -114.94513, 31.91012 ], [ -114.96548, 31.91842 ], [ -114.96743, 31.99688 ], [ -114.95701, 32.03864 ], [ -114.98974, 32.14638 ], [ -114.97532, 32.178 ], [ -115.05302, 32.24517 ], [ -115.03643, 32.27776 ], [ -114.96659, 32.33879 ], [ -114.96188, 32.35475 ], [ -114.96845, 32.39065 ], [ -114.9545, 32.39335 ], [ -114.96145, 32.41171 ], [ -114.93194, 32.4397 ], [ -114.93542, 32.48142 ], [ -114.90013, 32.48348 ], [ -114.88259, 32.49215 ] ], [ [ -110.84841, 27.98248 ], [ -110.85201, 27.97739 ], [ -110.86188, 27.98142 ], [ -110.86623, 27.98137 ], [ -110.85715, 27.97445 ], [ -110.86456, 27.97458 ], [ -110.86724, 27.97347 ], [ -110.85965, 27.97299 ], [ -110.85583, 27.96454 ], [ -110.858, 27.96712 ], [ -110.86952, 27.96915 ], [ -110.85608, 27.9588 ], [ -110.84873, 27.96137 ], [ -110.84517, 27.95304 ], [ -110.84165, 27.95466 ], [ -110.82933, 27.95603 ], [ -110.82708, 27.95531 ], [ -110.83025, 27.96953 ], [ -110.84841, 27.98248 ] ], [ [ -110.82774, 27.95476 ], [ -110.8424, 27.95419 ], [ -110.84488, 27.95285 ], [ -110.82774, 27.95476 ] ] ] ] } },
{ "type": "Feature", "properties": { "CVEGEO": "27", "CVE_ENT": "27", "NOMGEO": "Tabasco" }, "geometry": { "type": "Polygon", "coordinates": [ [ [ -92.46785, 18.64728 ], [ -92.46575, 18.61656 ], [ -92.42623, 18.55704 ], [ -92.42643, 18.51497 ], [ -92.41405, 18.48729 ], [ -92.36432, 18.46373 ], [ -92.35832, 18.44435 ], [ -92.34871, 18.44309 ], [ -92.32253, 18.47308 ], [ -92.31029, 18.45558 ], [ -92.17615, 18.45823 ], [ -92.18195, 18.3759 ], [ -92.17136, 18.33895 ], [ -92.18043, 18.28982 ], [ -92.17443, 18.2933 ], [ -92.17295, 18.27534 ], [ -92.18324, 18.27406 ], [ -92.14894, 18.21041 ], [ -92.16442, 18.19787 ], [ -92.1609, 18.15542 ], [ -92.14878, 18.1493 ], [ -92.14904, 18.13673 ], [ -92.11011, 18.09441 ], [ -92.08156, 18.08569 ], [ -92.0768, 18.09429 ], [ -92.03994, 18.09795 ], [ -92.03599, 18.08736 ], [ -92.0421, 18.07832 ], [ -92.02824, 18.07717 ], [ -92.01443, 18.05261 ], [ -91.99215, 18.03926 ], [ -91.97878, 18.04283 ], [ -91.96675, 18.01599 ], [ -91.90035, 18.01215 ], [ -91.86721, 17.98327 ], [ -91.80464, 17.97255 ], [ -91.76227, 17.93901 ], [ -91.7571, 17.93973 ], [ -91.76049, 17.95763 ], [ -91.7251, 17.92449 ], [ -91.63881, 17.87395 ], [ -91.6291, 17.89713 ], [ -91.63309, 17.90502 ], [ -91.61271, 17.91292 ], [ -91.62474, 17.94907 ], [ -91.61227, 18.04502 ], [ -91.61929, 18.0608 ], [ -91.60758, 18.07451 ], [ -91.6095, 18.09844 ], [ -91.60322, 18.10774 ], [ -91.58975, 18.10801 ], [ -91.59535, 18.12518 ], [ -91.5722, 18.14202 ], [ -91.58273, 18.15246 ], [ -91.57997, 18.15818 ], [ -91.55276, 18.15818 ], [ -91.53451, 18.14617 ], [ -91.50934, 18.17105 ], [ -91.50186, 18.15557 ], [ -91.51521, 18.15495 ], [ -91.51653, 18.13049 ], [ -91.50573, 18.13 ], [ -91.50404, 18.11646 ], [ -91.47732, 18.1128 ], [ -91.43337, 18.0821 ], [ -91.39859, 18.08001 ], [ -91.38443, 18.06407 ], [ -91.35943, 18.07037 ], [ -91.32702, 18.06267 ], [ -91.3229, 18.05293 ], [ -91.29674, 18.04194 ], [ -91.28142, 18.02401 ], [ -91.25014, 18.00679 ], [ -91.24001, 17.987 ], [ -91.21746, 17.97499 ], [ -91.14473, 17.97516 ], [ -91.15112, 17.96267 ], [ -91.13318, 17.95801 ], [ -91.13067, 17.98225 ], [ -91.11358, 17.97585 ], [ -91.1202, 17.96338 ], [ -90.98795, 17.96255 ], [ -90.98767, 17.90135 ], [ -90.99551, 17.90216 ], [ -90.99564, 17.87549 ], [ -90.98766, 17.87536 ], [ -90.98746, 17.25102 ], [ -91.4397, 17.25097 ], [ -91.4275, 17.27658 ], [ -91.42518, 17.30231 ], [ -91.41259, 17.30755 ], [ -91.39032, 17.29935 ], [ -91.38366, 17.31118 ], [ -91.397, 17.33795 ], [ -91.41678, 17.34563 ], [ -91.41983, 17.37407 ], [ -91.4393, 17.38429 ], [ -91.4565, 17.37572 ], [ -91.505, 17.39948 ], [ -91.50994, 17.3922 ], [ -91.53685, 17.40736 ], [ -91.53724, 17.41974 ], [ -91.55786, 17.42224 ], [ -91.55879, 17.40053 ], [ -91.57969, 17.40734 ], [ -91.6069, 17.41689 ], [ -91.62021, 17.4317 ], [ -91.63489, 17.43649 ], [ -91.64333, 17.43099 ], [ -91.67204, 17.44406 ], [ -91.66521, 17.46166 ], [ -91.70014, 17.46752 ], [ -91.66282, 17.47982 ], [ -91.65007, 17.49569 ], [ -91.64908, 17.51777 ], [ -91.64182, 17.51892 ], [ -91.64249, 17.52902 ], [ -91.63429, 17.53462 ], [ -91.63883, 17.58147 ], [ -91.66356, 17.61217 ], [ -91.64457, 17.62192 ], [ -91.6599, 17.63045 ], [ -91.65281, 17.63857 ], [ -91.65879, 17.63971 ], [ -91.65405, 17.64523 ], [ -91.66434, 17.66666 ], [ -91.65474, 17.67616 ], [ -91.67299, 17.68347 ], [ -91.68138, 17.67013 ], [ -91.69371, 17.685 ], [ -91.70096, 17.67894 ], [ -91.70404, 17.69223 ], [ -91.71708, 17.68775 ], [ -91.71755, 17.69841 ], [ -91.72476, 17.69206 ], [ -91.73329, 17.69658 ], [ -91.73881, 17.71081 ], [ -91.74824, 17.70018 ], [ -91.76785, 17.70312 ], [ -91.7766, 17.71543 ], [ -91.78053, 17.70782 ], [ -91.78652, 17.71903 ], [ -91.81843, 17.72743 ], [ -91.83066, 17.73768 ], [ -91.81033, 17.75132 ], [ -91.79016, 17.74602 ], [ -91.78225, 17.78248 ], [ -91.79237, 17.82452 ], [ -91.77969, 17.8513 ], [ -91.80437, 17.86887 ], [ -91.80994, 17.89825 ], [ -91.84969, 17.88286 ], [ -91.87069, 17.89078 ], [ -91.89416, 17.8875 ], [ -91.91813, 17.89952 ], [ -91.92806, 17.87082 ], [ -91.94841, 17.86331 ], [ -91.95683, 17.87993 ], [ -91.9403, 17.90741 ], [ -91.97845, 17.91369 ], [ -91.99989, 17.94334 ], [ -91.99129, 17.91961 ], [ -92.00336, 17.89052 ], [ -92.01555, 17.8975 ], [ -92.01971, 17.88782 ], [ -92.0718, 17.87767 ], [ -92.05246, 17.86725 ], [ -92.04941, 17.85477 ], [ -92.05631, 17.84675 ], [ -92.09047, 17.8566 ], [ -92.0905, 17.85073 ], [ -92.10203, 17.85088 ], [ -92.10554, 17.81294 ], [ -92.12048, 17.79597 ], [ -92.14658, 17.81468 ], [ -92.12714, 17.7859 ], [ -92.13597, 17.77901 ], [ -92.13083, 17.76608 ], [ -92.15171, 17.76457 ], [ -92.15245, 17.77907 ], [ -92.17195, 17.78657 ], [ -92.18849, 17.76813 ], [ -92.1945, 17.77664 ], [ -92.27462, 17.69226 ], [ -92.28868, 17.70267 ], [ -92.33735, 17.71209 ], [ -92.34013, 17.70376 ], [ -92.3499, 17.70278 ], [ -92.34916, 17.65473 ], [ -92.35813, 17.64196 ], [ -92.35067, 17.61793 ], [ -92.40086, 17.58603 ], [ -92.40208, 17.57804 ], [ -92.43678, 17.5701 ], [ -92.46762, 17.57712 ], [ -92.51998, 17.57305 ], [ -92.53007, 17.55 ], [ -92.55803, 17.54023 ], [ -92.57141, 17.54961 ], [ -92.59699, 17.52036 ], [ -92.59234, 17.50962 ], [ -92.5999, 17.5008 ], [ -92.59406, 17.49295 ], [ -92.60583, 17.47738 ], [ -92.64887, 17.4607 ], [ -92.65941, 17.44428 ], [ -92.66819, 17.45669 ], [ -92.67877, 17.37849 ], [ -92.72951, 17.34813 ], [ -92.75501, 17.34341 ], [ -92.75874, 17.3582 ], [ -92.77066, 17.3604 ], [ -92.76831, 17.3855 ], [ -92.79079, 17.40499 ], [ -92.78579, 17.41753 ], [ -92.8294, 17.4086 ], [ -92.82922, 17.3963 ], [ -92.85426, 17.4112 ], [ -92.85619, 17.41888 ], [ -92.82582, 17.42378 ], [ -92.81963, 17.43275 ], [ -92.83155, 17.48086 ], [ -92.84988, 17.46898 ], [ -92.85981, 17.50028 ], [ -92.88736, 17.51046 ], [ -92.91294, 17.49821 ], [ -92.9392, 17.50245 ], [ -92.94812, 17.48274 ], [ -92.96804, 17.51797 ], [ -92.98487, 17.51131 ], [ -92.99265, 17.53002 ], [ -92.98049, 17.53756 ], [ -92.98834, 17.55001 ], [ -93.00557, 17.55525 ], [ -93.00449, 17.57959 ], [ -93.04053, 17.60983 ], [ -93.04546, 17.65911 ], [ -93.03712, 17.70338 ], [ -93.05772, 17.72049 ], [ -93.04264, 17.76841 ], [ -93.0278, 17.77164 ], [ -93.01201, 17.79367 ], [ -93.02544, 17.82542 ], [ -93.04313, 17.84258 ], [ -93.10165, 17.84583 ], [ -93.11564, 17.82221 ], [ -93.1318, 17.85232 ], [ -93.12363, 17.87445 ], [ -93.09196, 17.88658 ], [ -93.09138, 17.89756 ], [ -93.10498, 17.90742 ], [ -93.12913, 17.90785 ], [ -93.14598, 17.91993 ], [ -93.14508, 17.93235 ], [ -93.18314, 17.94031 ], [ -93.192, 17.95614 ], [ -93.20736, 17.96064 ], [ -93.24092, 17.95009 ], [ -93.27832, 17.98529 ], [ -93.29801, 17.93858 ], [ -93.32583, 17.92791 ], [ -93.33667, 17.9366 ], [ -93.3409, 17.93033 ], [ -93.33602, 17.90499 ], [ -93.35058, 17.87607 ], [ -93.3343, 17.8517 ], [ -93.34931, 17.81543 ], [ -93.34059, 17.79812 ], [ -93.35209, 17.79542 ], [ -93.36661, 17.80292 ], [ -93.38095, 17.78316 ], [ -93.36442, 17.77908 ], [ -93.3585, 17.7884 ], [ -93.34311, 17.78752 ], [ -93.34914, 17.76709 ], [ -93.37542, 17.7668 ], [ -93.38657, 17.77757 ], [ -93.39055, 17.7734 ], [ -93.36985, 17.73738 ], [ -93.37395, 17.73299 ], [ -93.36255, 17.72869 ], [ -93.3543, 17.71288 ], [ -93.3605, 17.66489 ], [ -93.35628, 17.64804 ], [ -93.38479, 17.64438 ], [ -93.38497, 17.63418 ], [ -93.4096, 17.6193 ], [ -93.42049, 17.59005 ], [ -93.44595, 17.58599 ], [ -93.45171, 17.54648 ], [ -93.47298, 17.55349 ], [ -93.48415, 17.54988 ], [ -93.50252, 17.49952 ], [ -93.51488, 17.49032 ], [ -93.50604, 17.47735 ], [ -93.51524, 17.4405 ], [ -93.60794, 17.31493 ], [ -93.62439, 17.32248 ], [ -93.62743, 17.31284 ], [ -93.6415, 17.31795 ], [ -93.6452, 17.33069 ], [ -93.63496, 17.3377 ], [ -93.68575, 17.37237 ], [ -93.69492, 17.3878 ], [ -93.68354, 17.39563 ], [ -93.673, 17.41992 ], [ -93.65758, 17.41691 ], [ -93.64931, 17.43247 ], [ -93.63821, 17.43609 ], [ -93.64518, 17.4424 ], [ -93.6366, 17.45528 ], [ -93.64416, 17.45217 ], [ -93.65041, 17.45885 ], [ -93.63934, 17.45959 ], [ -93.6241, 17.49346 ], [ -93.62607, 17.50442 ], [ -93.63734, 17.50981 ], [ -93.62502, 17.51464 ], [ -93.62726, 17.53168 ], [ -93.6136, 17.55251 ], [ -93.62947, 17.54937 ], [ -93.63114, 17.55673 ], [ -93.65369, 17.55997 ], [ -93.65671, 17.55534 ], [ -93.65917, 17.56549 ], [ -93.67731, 17.57577 ], [ -93.67761, 17.58587 ], [ -93.69946, 17.59602 ], [ -93.69966, 17.61369 ], [ -93.70969, 17.61163 ], [ -93.71318, 17.63067 ], [ -93.71917, 17.63346 ], [ -93.71473, 17.62085 ], [ -93.72912, 17.62987 ], [ -93.73288, 17.62576 ], [ -93.73102, 17.63583 ], [ -93.73528, 17.63008 ], [ -93.73799, 17.63495 ], [ -93.72999, 17.64129 ], [ -93.73269, 17.64916 ], [ -93.74089, 17.64941 ], [ -93.74658, 17.66011 ], [ -93.73851, 17.67937 ], [ -93.75672, 17.67687 ], [ -93.75179, 17.68399 ], [ -93.75977, 17.68512 ], [ -93.76504, 17.67457 ], [ -93.77257, 17.69271 ], [ -93.80515, 17.68936 ], [ -93.80699, 17.70592 ], [ -93.82234, 17.69958 ], [ -93.82659, 17.71919 ], [ -93.84302, 17.71137 ], [ -93.84858, 17.72071 ], [ -93.85929, 17.71685 ], [ -93.865, 17.72219 ], [ -93.87, 17.71354 ], [ -93.88072, 17.72628 ], [ -93.87616, 17.7333 ], [ -93.88366, 17.73553 ], [ -93.86961, 17.73932 ], [ -93.87705, 17.75656 ], [ -93.88124, 17.7513 ], [ -93.88535, 17.75722 ], [ -93.89128, 17.74808 ], [ -93.89221, 17.75368 ], [ -93.91012, 17.75469 ], [ -93.92231, 17.74633 ], [ -93.94011, 17.75317 ], [ -93.93526, 17.7591 ], [ -93.9561, 17.78172 ], [ -93.95063, 17.80041 ], [ -93.96317, 17.7995 ], [ -93.9568, 17.81064 ], [ -93.968, 17.81787 ], [ -93.95833, 17.81973 ], [ -93.96499, 17.82997 ], [ -93.95744, 17.82532 ], [ -93.95595, 17.8334 ], [ -93.96788, 17.83705 ], [ -93.96779, 17.84525 ], [ -93.97318, 17.84234 ], [ -93.98457, 17.85157 ], [ -93.98787, 17.83436 ], [ -93.99461, 17.84602 ], [ -93.99561, 17.83662 ], [ -94.01634, 17.84449 ], [ -94.02595, 17.84038 ], [ -94.02304, 17.84626 ], [ -94.02945, 17.84567 ], [ -94.03753, 17.86266 ], [ -94.03316, 17.87256 ], [ -94.0626, 17.86309 ], [ -94.08343, 17.86987 ], [ -94.07931, 17.89105 ], [ -94.08801, 17.90648 ], [ -94.09199, 17.96193 ], [ -94.08889, 17.97062 ], [ -94.08075, 17.96834 ], [ -94.0825, 17.97795 ], [ -94.07353, 17.98777 ], [ -94.06852, 17.97959 ], [ -94.0614, 17.98812 ], [ -94.06652, 18.0094 ], [ -94.08375, 18.00646 ], [ -94.07436, 18.05859 ], [ -94.09716, 18.07863 ], [ -94.08111, 18.09577 ], [ -94.10044, 18.12592 ], [ -94.09468, 18.16067 ], [ -94.10468, 18.17395 ], [ -94.1203, 18.16496 ], [ -94.12692, 18.16825 ], [ -94.13003, 18.21285 ], [ -93.84958, 18.30297 ], [ -93.84768, 18.29815 ], [ -93.84622, 18.3061 ], [ -93.58552, 18.3921 ], [ -93.43987, 18.42724 ], [ -93.23226, 18.4399 ], [ -93.21387, 18.44697 ], [ -93.21416, 18.4412 ], [ -93.20501, 18.44121 ], [ -93.21053, 18.43047 ], [ -93.19276, 18.44364 ], [ -93.19432, 18.43336 ], [ -93.18679, 18.43116 ], [ -93.1837, 18.43768 ], [ -93.19033, 18.43788 ], [ -93.1895, 18.44756 ], [ -93.19836, 18.45317 ], [ -93.18977, 18.44859 ], [ -93.18508, 18.44126 ], [ -93.09991, 18.44321 ], [ -93.03595, 18.43191 ], [ -92.89799, 18.44315 ], [ -92.82944, 18.4683 ], [ -92.77366, 18.50515 ], [ -92.72263, 18.55884 ], [ -92.69156, 18.61804 ], [ -92.67218, 18.61136 ], [ -92.63101, 18.61435 ], [ -92.46785, 18.64728 ] ] ] } },
{ "type": "Feature", "properties": { "CVEGEO": "28", "CVE_ENT": "28", "NOMGEO": "Tamaulipas" }, "geometry": { "type": "Polygon", "coordinates": [ [ [ -99.7266, 27.67728 ], [ -99.7055, 27.65525 ], [ -99.6905, 27.66912 ], [ -99.68654, 27.66154 ], [ -99.66378, 27.65744 ], [ -99.65812, 27.64785 ], [ -99.66629, 27.63641 ], [ -99.65547, 27.62926 ], [ -99.62717, 27.63 ], [ -99.62426, 27.64411 ], [ -99.61586, 27.6374 ], [ -99.5959, 27.63976 ], [ -99.57711, 27.61831 ], [ -99.58424, 27.60346 ], [ -99.55483, 27.61441 ], [ -99.51155, 27.56608 ], [ -99.52819, 27.49815 ], [ -99.49343, 27.49763 ], [ -99.47877, 27.47951 ], [ -99.49534, 27.44658 ], [ -99.48762, 27.41105 ], [ -99.49228, 27.38059 ], [ -99.50786, 27.35351 ], [ -99.5045, 27.33878 ], [ -99.53813, 27.31645 ], [ -99.5279, 27.30484 ], [ -99.4946, 27.30376 ], [ -99.48759, 27.29421 ], [ -99.49657, 27.2729 ], [ -99.4909, 27.26272 ], [ -99.48153, 27.25958 ], [ -99.46195, 27.26839 ], [ -99.44183, 27.25081 ], [ -99.44537, 27.22318 ], [ -99.43261, 27.20992 ], [ -99.42622, 27.17613 ], [ -99.44002, 27.15115 ], [ -99.43104, 27.12523 ], [ -99.44254, 27.10683 ], [ -99.42866, 27.09159 ], [ -99.45271, 27.06407 ], [ -99.44569, 27.02186 ], [ -99.42985, 27.01052 ], [ -99.41541, 27.01738 ], [ -99.37647, 26.97685 ], [ -99.39376, 26.96023 ], [ -99.38502, 26.9396 ], [ -99.32422, 26.91595 ], [ -99.32876, 26.87965 ], [ -99.31714, 26.86546 ], [ -99.29457, 26.86498 ], [ -99.26802, 26.84263 ], [ -99.26202, 26.81491 ], [ -99.24249, 26.78731 ], [ -99.23962, 26.74526 ], [ -99.2086, 26.72445 ], [ -99.19998, 26.65579 ], [ -99.17817, 26.6209 ], [ -99.16731, 26.56004 ], [ -99.17152, 26.54315 ], [ -99.15344, 26.53064 ], [ -99.12775, 26.52534 ], [ -99.10431, 26.49909 ], [ -99.09165, 26.47532 ], [ -99.10294, 26.4416 ], [ -99.11359, 26.43252 ], [ -99.08399, 26.39757 ], [ -99.06182, 26.39767 ], [ -99.03729, 26.41357 ], [ -99.02094, 26.40656 ], [ -99.01077, 26.39226 ], [ -98.98779, 26.39165 ], [ -98.97439, 26.40131 ], [ -98.95458, 26.39454 ], [ -98.95611, 26.37713 ], [ -98.94324, 26.36944 ], [ -98.93494, 26.37298 ], [ -98.92672, 26.39457 ], [ -98.92223, 26.37882 ], [ -98.90135, 26.37114 ], [ -98.89613, 26.35308 ], [ -98.86083, 26.36623 ], [ -98.84359, 26.35856 ], [ -98.82421, 26.37088 ], [ -98.8046, 26.36763 ], [ -98.78852, 26.33051 ], [ -98.7686, 26.32501 ], [ -98.75072, 26.33118 ], [ -98.73607, 26.30832 ], [ -98.74208, 26.30267 ], [ -98.75498, 26.30759 ], [ -98.75092, 26.29601 ], [ -98.7281, 26.299 ], [ -98.71668, 26.28613 ], [ -98.70246, 26.28709 ], [ -98.70161, 26.27752 ], [ -98.71705, 26.27818 ], [ -98.71966, 26.27255 ], [ -98.68112, 26.26294 ], [ -98.67056, 26.237 ], [ -98.63458, 26.24233 ], [ -98.62441, 26.25974 ], [ -98.61626, 26.24649 ], [ -98.61156, 26.25334 ], [ -98.58573, 26.25767 ], [ -98.57942, 26.25321 ], [ -98.58511, 26.24489 ], [ -98.58009, 26.2354 ], [ -98.56626, 26.24156 ], [ -98.56266, 26.22441 ], [ -98.54574, 26.23653 ], [ -98.55835, 26.24447 ], [ -98.55424, 26.24779 ], [ -98.54348, 26.24341 ], [ -98.53539, 26.22569 ], [ -98.52234, 26.23568 ], [ -98.52455, 26.22135 ], [ -98.5128, 26.22717 ], [ -98.50057, 26.22233 ], [ -98.507, 26.20931 ], [ -98.48493, 26.21252 ], [ -98.4814, 26.20062 ], [ -98.48182, 26.2193 ], [ -98.46065, 26.22609 ], [ -98.4545, 26.21668 ], [ -98.4441, 26.22418 ], [ -98.43856, 26.21195 ], [ -98.44393, 26.20054 ], [ -98.40276, 26.18147 ], [ -98.4024, 26.17202 ], [ -98.38732, 26.15842 ], [ -98.36637, 26.15766 ], [ -98.36722, 26.16851 ], [ -98.35983, 26.17251 ], [ -98.35209, 26.15106 ], [ -98.34622, 26.16569 ], [ -98.33569, 26.16582 ], [ -98.33793, 26.14942 ], [ -98.32649, 26.14294 ], [ -98.33561, 26.13832 ], [ -98.30534, 26.10289 ], [ -98.29774, 26.10337 ], [ -98.30361, 26.10995 ], [ -98.29687, 26.1203 ], [ -98.2745, 26.11587 ], [ -98.2663, 26.12094 ], [ -98.27051, 26.10663 ], [ -98.28809, 26.10433 ], [ -98.24955, 26.07217 ], [ -98.22021, 26.07634 ], [ -98.19364, 26.05309 ], [ -98.18708, 26.06439 ], [ -98.17685, 26.06074 ], [ -98.17659, 26.07531 ], [ -98.16786, 26.06309 ], [ -98.15802, 26.06359 ], [ -98.16174, 26.054 ], [ -98.15079, 26.05803 ], [ -98.14687, 26.04914 ], [ -98.13187, 26.07431 ], [ -98.12975, 26.06318 ], [ -98.10463, 26.06766 ], [ -98.09358, 26.05865 ], [ -98.08136, 26.06434 ], [ -98.08133, 26.0713 ], [ -98.07008, 26.05147 ], [ -98.08018, 26.04163 ], [ -98.07295, 26.03642 ], [ -98.06221, 26.04625 ], [ -98.03871, 26.04137 ], [ -98.02793, 26.06698 ], [ -98.02105, 26.05863 ], [ -98.01205, 26.0661 ], [ -98.01189, 26.05608 ], [ -98.0026, 26.06493 ], [ -97.99188, 26.05822 ], [ -97.9802, 26.06722 ], [ -97.96587, 26.05167 ], [ -97.95107, 26.06224 ], [ -97.93355, 26.05299 ], [ -97.93364, 26.06556 ], [ -97.92709, 26.05484 ], [ -97.89104, 26.06031 ], [ -97.88709, 26.0666 ], [ -97.86898, 26.05678 ], [ -97.8614, 26.07003 ], [ -97.861, 26.05296 ], [ -97.8392, 26.05311 ], [ -97.83426, 26.0456 ], [ -97.81929, 26.05658 ], [ -97.81241, 26.04407 ], [ -97.81127, 26.05526 ], [ -97.80109, 26.06021 ], [ -97.78882, 26.04945 ], [ -97.79728, 26.03935 ], [ -97.7779, 26.02921 ], [ -97.7693, 26.03594 ], [ -97.77678, 26.04432 ], [ -97.76804, 26.04726 ], [ -97.76154, 26.02556 ], [ -97.75219, 26.03154 ], [ -97.748, 26.02611 ], [ -97.72139, 26.03127 ], [ -97.72046, 26.02302 ], [ -97.7095, 26.02618 ], [ -97.70712, 26.03773 ], [ -97.69156, 26.01882 ], [ -97.69327, 26.03236 ], [ -97.67566, 26.02582 ], [ -97.66261, 26.03808 ], [ -97.66814, 26.01943 ], [ -97.65162, 26.01587 ], [ -97.64639, 26.02739 ], [ -97.63992, 26.02395 ], [ -97.63777, 26.01376 ], [ -97.64929, 26.01044 ], [ -97.63567, 26.00014 ], [ -97.62713, 26.00611 ], [ -97.62732, 25.99654 ], [ -97.61836, 26.00232 ], [ -97.62048, 25.99217 ], [ -97.63104, 25.99646 ], [ -97.63445, 25.99004 ], [ -97.62164, 25.98915 ], [ -97.60791, 25.97681 ], [ -97.6106, 25.96596 ], [ -97.6021, 25.95736 ], [ -97.58212, 25.96238 ], [ -97.57812, 25.94209 ], [ -97.57447, 25.95395 ], [ -97.56791, 25.95251 ], [ -97.5664, 25.94474 ], [ -97.58327, 25.93322 ], [ -97.56697, 25.93372 ], [ -97.56172, 25.92568 ], [ -97.55235, 25.93718 ], [ -97.54368, 25.92336 ], [ -97.53731, 25.93081 ], [ -97.54305, 25.92011 ], [ -97.53001, 25.91987 ], [ -97.53326, 25.90844 ], [ -97.52127, 25.88632 ], [ -97.49819, 25.89916 ], [ -97.49715, 25.87987 ], [ -97.48791, 25.88545 ], [ -97.48445, 25.87882 ], [ -97.46899, 25.88892 ], [ -97.47058, 25.87536 ], [ -97.45552, 25.88412 ], [ -97.45674, 25.86865 ], [ -97.44461, 25.86781 ], [ -97.45406, 25.85428 ], [ -97.44508, 25.85637 ], [ -97.44405, 25.84861 ], [ -97.42445, 25.84044 ], [ -97.41237, 25.84114 ], [ -97.40945, 25.86227 ], [ -97.40789, 25.84522 ], [ -97.39866, 25.85034 ], [ -97.40615, 25.8379 ], [ -97.38705, 25.84391 ], [ -97.37263, 25.84013 ], [ -97.36421, 25.85087 ], [ -97.37619, 25.85559 ], [ -97.35666, 25.86735 ], [ -97.35943, 25.8798 ], [ -97.37417, 25.88028 ], [ -97.3564, 25.88776 ], [ -97.3665, 25.89055 ], [ -97.36602, 25.90235 ], [ -97.37503, 25.90829 ], [ -97.34792, 25.93131 ], [ -97.3261, 25.91754 ], [ -97.31828, 25.93115 ], [ -97.30483, 25.92802 ], [ -97.3032, 25.93698 ], [ -97.27682, 25.9352 ], [ -97.27806, 25.94704 ], [ -97.28925, 25.95401 ], [ -97.28397, 25.95933 ], [ -97.27643, 25.95217 ], [ -97.24749, 25.94803 ], [ -97.20863, 25.96387 ], [ -97.18862, 25.95372 ], [ -97.17622, 25.96565 ], [ -97.15854, 25.96175 ], [ -97.15877, 25.94881 ], [ -97.14637, 25.95489 ], [ -97.1501, 25.83595 ], [ -97.18234, 25.67879 ], [ -97.20099, 25.62834 ], [ -97.40639, 25.2756 ], [ -97.4202, 25.24369 ], [ -97.42054, 25.23643 ], [ -97.41196, 25.23409 ], [ -97.42778, 25.23445 ], [ -97.41303, 25.23062 ], [ -97.42543, 25.23337 ], [ -97.44146, 25.21088 ], [ -97.50771, 25.06449 ], [ -97.57208, 24.88769 ], [ -97.58064, 24.84403 ], [ -97.58625, 24.84328 ], [ -97.58123, 24.842 ], [ -97.64788, 24.62361 ], [ -97.68692, 24.45056 ], [ -97.72734, 24.09203 ], [ -97.73744, 23.94289 ], [ -97.73178, 23.7717 ], [ -97.76853, 23.37769 ], [ -97.76037, 23.05544 ], [ -97.76586, 22.89499 ], [ -97.78885, 22.7906 ], [ -97.84497, 22.66026 ], [ -97.85933, 22.56641 ], [ -97.85484, 22.50411 ], [ -97.85033, 22.49301 ], [ -97.83353, 22.49304 ], [ -97.85861, 22.48951 ], [ -97.85746, 22.48218 ], [ -97.83439, 22.48221 ], [ -97.85677, 22.48179 ], [ -97.8583, 22.47616 ], [ -97.84524, 22.40537 ], [ -97.81178, 22.30689 ], [ -97.78329, 22.26478 ], [ -97.77295, 22.26686 ], [ -97.83211, 22.2381 ], [ -97.84489, 22.20697 ], [ -97.89496, 22.22238 ], [ -97.91728, 22.23913 ], [ -97.91679, 22.25259 ], [ -97.93421, 22.25418 ], [ -97.93166, 22.27105 ], [ -97.95671, 22.29389 ], [ -97.98271, 22.30261 ], [ -97.99266, 22.29277 ], [ -98.00032, 22.29743 ], [ -97.99895, 22.31433 ], [ -97.98398, 22.30467 ], [ -97.97051, 22.32805 ], [ -97.99002, 22.35086 ], [ -98.00071, 22.34816 ], [ -98.02847, 22.35839 ], [ -98.07278, 22.34716 ], [ -98.08602, 22.37015 ], [ -98.10621, 22.36671 ], [ -98.11354, 22.3953 ], [ -98.18749, 22.42387 ], [ -98.18974, 22.44179 ], [ -98.19988, 22.44904 ], [ -98.195, 22.46956 ], [ -98.207, 22.46402 ], [ -98.21984, 22.47175 ], [ -98.23237, 22.46133 ], [ -98.24793, 22.47166 ], [ -98.25663, 22.45341 ], [ -98.27294, 22.44729 ], [ -98.28737, 22.46703 ], [ -98.30101, 22.46123 ], [ -98.31682, 22.46856 ], [ -98.31222, 22.44522 ], [ -98.32736, 22.42647 ], [ -98.31271, 22.41427 ], [ -98.31878, 22.39074 ], [ -98.32769, 22.39868 ], [ -98.35227, 22.3887 ], [ -98.35523, 22.40745 ], [ -98.37458, 22.38962 ], [ -98.38781, 22.38928 ], [ -98.38246, 22.41592 ], [ -98.38864, 22.42429 ], [ -98.40954, 22.39993 ], [ -98.41905, 22.41274 ], [ -98.43312, 22.41358 ], [ -98.43377, 22.43286 ], [ -98.44257, 22.4324 ], [ -98.46096, 22.41219 ], [ -98.46681, 22.4288 ], [ -98.49037, 22.42777 ], [ -98.49214, 22.41947 ], [ -98.49372, 22.42683 ], [ -98.50504, 22.42947 ], [ -98.5096, 22.41639 ], [ -98.52536, 22.40678 ], [ -98.56851, 22.40158 ], [ -98.57494, 22.39395 ], [ -98.59233, 22.39532 ], [ -98.61375, 22.40893 ], [ -98.6269, 22.40216 ], [ -98.63816, 22.41452 ], [ -98.66578, 22.40373 ], [ -98.6771, 22.40893 ], [ -98.70082, 22.40257 ], [ -98.73151, 22.38126 ], [ -98.74594, 22.38087 ], [ -98.75893, 22.36631 ], [ -98.82147, 22.35626 ], [ -98.84988, 22.36813 ], [ -98.87229, 22.36741 ], [ -98.89, 22.35509 ], [ -98.91228, 22.3738 ], [ -98.92554, 22.37175 ], [ -98.93197, 22.39278 ], [ -99.0604, 22.41527 ], [ -99.12057, 22.40664 ], [ -99.23684, 22.41286 ], [ -99.26315, 22.46979 ], [ -99.28865, 22.55582 ], [ -99.31403, 22.6099 ], [ -99.32859, 22.6087 ], [ -99.33011, 22.61484 ], [ -99.32139, 22.61673 ], [ -99.32962, 22.63489 ], [ -99.3732, 22.62908 ], [ -99.38555, 22.67027 ], [ -99.44205, 22.66362 ], [ -99.47713, 22.74064 ], [ -99.49679, 22.7485 ], [ -99.54433, 22.74414 ], [ -99.49454, 22.62087 ], [ -99.53469, 22.61276 ], [ -99.56064, 22.64122 ], [ -99.68254, 22.68112 ], [ -99.72409, 22.65961 ], [ -99.75478, 22.65661 ], [ -99.78504, 22.66851 ], [ -99.80549, 22.65777 ], [ -99.81403, 22.66077 ], [ -99.84792, 22.67844 ], [ -99.84282, 22.73056 ], [ -99.8824, 22.74986 ], [ -99.95696, 22.75167 ], [ -100.02234, 22.72592 ], [ -100.09406, 22.75127 ], [ -100.10192, 22.76279 ], [ -100.02938, 22.82439 ], [ -100.04424, 22.91789 ], [ -100.11038, 22.91671 ], [ -100.11085, 22.97572 ], [ -100.08942, 22.96876 ], [ -100.09746, 23.01309 ], [ -100.07166, 22.99736 ], [ -100.06184, 23.01198 ], [ -100.0621, 23.03984 ], [ -100.02368, 23.06047 ], [ -100.01269, 23.05889 ], [ -100.01136, 23.06536 ], [ -100.06903, 23.09594 ], [ -100.06874, 23.12116 ], [ -100.1156, 23.12599 ], [ -100.11015, 23.15107 ], [ -100.11899, 23.15243 ], [ -100.11829, 23.20055 ], [ -100.10974, 23.19972 ], [ -100.07804, 23.30598 ], [ -100.14495, 23.33952 ], [ -100.08026, 23.39575 ], [ -99.9825, 23.39237 ], [ -99.92125, 23.37919 ], [ -99.96119, 23.55689 ], [ -99.86066, 23.77446 ], [ -99.76901, 23.78449 ], [ -99.68338, 23.77665 ], [ -99.61949, 23.75966 ], [ -99.60217, 23.76287 ], [ -99.57668, 23.77546 ], [ -99.49379, 23.87869 ], [ -99.45687, 23.86606 ], [ -99.48694, 23.9605 ], [ -99.52002, 23.99058 ], [ -99.54091, 23.99727 ], [ -99.54189, 24.03365 ], [ -99.5709, 24.03937 ], [ -99.65708, 24.118 ], [ -99.64782, 24.2181 ], [ -99.59429, 24.33091 ], [ -99.58993, 24.39614 ], [ -99.63638, 24.50667 ], [ -99.7198, 24.48371 ], [ -99.73298, 24.55399 ], [ -99.70469, 24.57587 ], [ -99.60945, 24.62249 ], [ -99.57608, 24.6236 ], [ -99.55721, 24.60871 ], [ -99.54622, 24.61307 ], [ -99.54506, 24.62652 ], [ -99.53794, 24.62243 ], [ -99.49945, 24.64126 ], [ -99.50073, 24.67917 ], [ -99.47774, 24.71262 ], [ -99.44808, 24.73221 ], [ -99.43073, 24.72576 ], [ -99.42294, 24.73675 ], [ -99.38941, 24.73979 ], [ -99.36438, 24.77176 ], [ -99.33167, 24.77624 ], [ -99.31787, 24.78983 ], [ -99.2972, 24.79412 ], [ -99.29493, 24.80414 ], [ -99.21289, 24.77167 ], [ -99.18865, 24.78068 ], [ -99.18197, 24.77604 ], [ -99.20743, 24.86139 ], [ -99.15894, 24.91599 ], [ -99.18095, 25.01154 ], [ -99.1649, 25.02951 ], [ -99.15652, 25.02785 ], [ -99.16698, 25.04629 ], [ -99.16059, 25.05528 ], [ -99.13509, 25.05038 ], [ -99.09761, 25.06312 ], [ -99.0977, 25.07804 ], [ -99.08194, 25.07371 ], [ -99.07876, 25.09212 ], [ -99.07146, 25.09611 ], [ -99.07787, 25.10143 ], [ -99.05247, 25.12713 ], [ -99.0288, 25.11035 ], [ -99.02952, 25.09639 ], [ -99.01418, 25.08061 ], [ -99.01906, 25.06993 ], [ -98.93417, 25.07276 ], [ -98.93428, 25.08016 ], [ -98.92903, 25.07727 ], [ -98.42313, 25.44749 ], [ -98.42158, 25.48936 ], [ -98.58175, 25.48936 ], [ -98.58513, 26.01792 ], [ -98.82323, 26.04765 ], [ -98.90075, 25.96832 ], [ -99.02387, 26.1041 ], [ -99.02503, 26.09343 ], [ -99.04499, 26.09871 ], [ -99.06254, 26.09072 ], [ -99.06254, 26.08014 ], [ -99.07452, 26.07879 ], [ -99.07654, 26.07186 ], [ -99.09333, 26.07051 ], [ -99.09767, 26.08075 ], [ -99.11473, 26.07597 ], [ -99.11989, 26.06651 ], [ -99.13091, 26.06882 ], [ -99.12631, 26.05402 ], [ -99.16008, 26.06123 ], [ -99.19784, 26.25868 ], [ -99.26, 26.25285 ], [ -99.36415, 26.32927 ], [ -99.40124, 26.3048 ], [ -99.43095, 26.3513 ], [ -99.40983, 26.44284 ], [ -99.39682, 26.59657 ], [ -99.53834, 26.6646 ], [ -99.65916, 26.67037 ], [ -99.65719, 26.69512 ], [ -99.61858, 26.72647 ], [ -99.61614, 26.75436 ], [ -99.62285, 26.76923 ], [ -99.61117, 26.78249 ], [ -99.61285, 26.79163 ], [ -99.58084, 26.83011 ], [ -99.59105, 26.86255 ], [ -99.61122, 26.87348 ], [ -99.62705, 26.87046 ], [ -99.63003, 26.89029 ], [ -99.64433, 26.88557 ], [ -99.66139, 26.90084 ], [ -99.66701, 26.89437 ], [ -99.68722, 26.89455 ], [ -99.69402, 26.9093 ], [ -99.69788, 26.89857 ], [ -99.70993, 26.90588 ], [ -99.71044, 26.89675 ], [ -99.7211, 26.8965 ], [ -99.724, 26.90613 ], [ -99.74435, 26.91216 ], [ -99.74766, 26.90024 ], [ -99.76667, 26.88984 ], [ -99.77013, 26.92842 ], [ -99.73417, 26.92061 ], [ -99.65005, 27.06586 ], [ -99.65891, 27.08819 ], [ -99.67892, 27.10245 ], [ -99.74767, 27.27725 ], [ -99.76038, 27.43696 ], [ -99.91915, 27.49152 ], [ -99.92642, 27.54916 ], [ -99.7266, 27.67728 ] ] ] } },
{ "type": "Feature", "properties": { "CVEGEO": "29", "CVE_ENT": "29", "NOMGEO": "Tlaxcala" }, "geometry": { "type": "Polygon", "coordinates": [ [ [ -98.05625, 19.72602 ], [ -98.03638, 19.68552 ], [ -98.04221, 19.64022 ], [ -97.98068, 19.62854 ], [ -97.95809, 19.60307 ], [ -97.95053, 19.60284 ], [ -97.94671, 19.58563 ], [ -97.91615, 19.59402 ], [ -97.90792, 19.57936 ], [ -97.88153, 19.57172 ], [ -97.87181, 19.56177 ], [ -97.87168, 19.53215 ], [ -97.88752, 19.51764 ], [ -97.88975, 19.50458 ], [ -97.87399, 19.50293 ], [ -97.84874, 19.48278 ], [ -97.84735, 19.474 ], [ -97.86227, 19.45618 ], [ -97.79454, 19.49837 ], [ -97.79686, 19.47244 ], [ -97.77805, 19.47288 ], [ -97.77071, 19.45661 ], [ -97.7548, 19.45754 ], [ -97.74469, 19.44504 ], [ -97.74728, 19.43633 ], [ -97.72453, 19.43164 ], [ -97.70545, 19.39364 ], [ -97.6813, 19.3883 ], [ -97.67386, 19.36747 ], [ -97.65798, 19.36367 ], [ -97.65363, 19.3538 ], [ -97.64029, 19.36075 ], [ -97.63145, 19.3554 ], [ -97.63871, 19.33826 ], [ -97.62567, 19.33139 ], [ -97.64609, 19.30641 ], [ -97.65804, 19.31066 ], [ -97.66952, 19.29213 ], [ -97.69093, 19.28589 ], [ -97.71964, 19.30475 ], [ -97.73833, 19.2871 ], [ -97.74509, 19.30526 ], [ -97.77139, 19.28375 ], [ -97.80047, 19.30158 ], [ -97.83927, 19.30138 ], [ -97.83843, 19.28726 ], [ -97.85972, 19.2872 ], [ -97.87029, 19.27059 ], [ -97.85405, 19.25733 ], [ -97.86514, 19.25395 ], [ -97.87049, 19.24006 ], [ -97.86038, 19.24408 ], [ -97.85099, 19.22293 ], [ -97.89322, 19.20031 ], [ -97.88984, 19.18696 ], [ -97.91137, 19.17961 ], [ -97.9282, 19.16421 ], [ -97.99862, 19.19832 ], [ -98.03169, 19.23094 ], [ -98.04153, 19.21023 ], [ -98.10032, 19.16337 ], [ -98.11016, 19.14321 ], [ -98.16618, 19.10507 ], [ -98.18485, 19.11552 ], [ -98.20435, 19.11493 ], [ -98.19164, 19.12194 ], [ -98.19714, 19.1275 ], [ -98.19071, 19.13999 ], [ -98.20804, 19.1327 ], [ -98.22304, 19.13664 ], [ -98.23024, 19.15673 ], [ -98.2697, 19.16239 ], [ -98.30716, 19.1892 ], [ -98.32393, 19.16866 ], [ -98.34271, 19.17794 ], [ -98.33068, 19.20015 ], [ -98.36892, 19.22612 ], [ -98.36455, 19.23313 ], [ -98.3804, 19.26172 ], [ -98.41009, 19.29134 ], [ -98.40772, 19.31593 ], [ -98.42835, 19.32758 ], [ -98.44127, 19.32525 ], [ -98.47028, 19.36083 ], [ -98.52319, 19.46087 ], [ -98.57028, 19.46677 ], [ -98.59128, 19.44921 ], [ -98.62941, 19.45702 ], [ -98.63411, 19.46785 ], [ -98.65323, 19.46599 ], [ -98.68191, 19.51801 ], [ -98.7084, 19.5476 ], [ -98.70127, 19.57094 ], [ -98.68911, 19.57686 ], [ -98.69243, 19.58588 ], [ -98.68151, 19.58792 ], [ -98.68138, 19.59828 ], [ -98.65331, 19.60783 ], [ -98.63469, 19.59776 ], [ -98.60984, 19.60201 ], [ -98.57994, 19.63742 ], [ -98.56636, 19.64112 ], [ -98.56372, 19.62715 ], [ -98.55561, 19.6281 ], [ -98.5504, 19.61858 ], [ -98.53558, 19.63442 ], [ -98.51924, 19.6024 ], [ -98.49161, 19.60737 ], [ -98.4902, 19.61995 ], [ -98.44142, 19.61258 ], [ -98.41267, 19.6175 ], [ -98.3817, 19.60936 ], [ -98.3238, 19.6853 ], [ -98.32095, 19.70101 ], [ -98.33005, 19.69904 ], [ -98.33167, 19.72232 ], [ -98.31109, 19.72773 ], [ -98.29176, 19.7259 ], [ -98.27967, 19.71688 ], [ -98.28166, 19.72626 ], [ -98.25532, 19.71883 ], [ -98.25241, 19.69313 ], [ -98.24107, 19.67584 ], [ -98.22808, 19.68042 ], [ -98.22802, 19.67445 ], [ -98.18982, 19.67101 ], [ -98.18737, 19.67973 ], [ -98.16556, 19.66748 ], [ -98.14373, 19.68365 ], [ -98.11774, 19.68826 ], [ -98.10101, 19.66805 ], [ -98.08281, 19.70076 ], [ -98.0644, 19.70901 ], [ -98.06597, 19.72808 ], [ -98.05625, 19.72602 ] ] ] } },
{ "type": "Feature", "properties": { "CVEGEO": "30", "CVE_ENT": "30", "NOMGEO": "Veracruz de Ignacio de la Llave" }, "geometry": { "type": "MultiPolygon", "coordinates": [ [ [ [ -96.09098, 19.17545 ], [ -96.09295, 19.17618 ], [ -96.09213, 19.17725 ], [ -96.09098, 19.17545 ] ] ], [ [ [ -97.22132, 21.47661 ], [ -97.22504, 21.46874 ], [ -97.2304, 21.46865 ], [ -97.2285, 21.47267 ], [ -97.22132, 21.47661 ] ] ], [ [ [ -98.20883, 22.46476 ], [ -98.19256, 22.46706 ], [ -98.19988, 22.44904 ], [ -98.18974, 22.44179 ], [ -98.18749, 22.42387 ], [ -98.11354, 22.3953 ], [ -98.10621, 22.36671 ], [ -98.08602, 22.37015 ], [ -98.07426, 22.34778 ], [ -98.05945, 22.34638 ], [ -98.05396, 22.35554 ], [ -98.02847, 22.35839 ], [ -98.00071, 22.34816 ], [ -97.99002, 22.35086 ], [ -97.97051, 22.32805 ], [ -97.98398, 22.30467 ], [ -97.99895, 22.31433 ], [ -98.00032, 22.29743 ], [ -97.99266, 22.29277 ], [ -97.98271, 22.30261 ], [ -97.95671, 22.29389 ], [ -97.93166, 22.27105 ], [ -97.9346, 22.25459 ], [ -97.91679, 22.25259 ], [ -97.91794, 22.23999 ], [ -97.89496, 22.22238 ], [ -97.84489, 22.20697 ], [ -97.82482, 22.24415 ], [ -97.79241, 22.26035 ], [ -97.77435, 22.26392 ], [ -97.79041, 22.25989 ], [ -97.79371, 22.2497 ], [ -97.78525, 22.16633 ], [ -97.75195, 22.06211 ], [ -97.69807, 21.95648 ], [ -97.56433, 21.77079 ], [ -97.44232, 21.65892 ], [ -97.34359, 21.58769 ], [ -97.3279, 21.56717 ], [ -97.33048, 21.51598 ], [ -97.35059, 21.45661 ], [ -97.41444, 21.32539 ], [ -97.42024, 21.2309 ], [ -97.39814, 21.16237 ], [ -97.32547, 21.01716 ], [ -97.32628, 21.00566 ], [ -97.31126, 20.97864 ], [ -97.30165, 20.97407 ], [ -97.30563, 20.9667 ], [ -97.29713, 20.9464 ], [ -97.22839, 20.83028 ], [ -97.20517, 20.77613 ], [ -97.19369, 20.73887 ], [ -97.20118, 20.72456 ], [ -97.17559, 20.65867 ], [ -97.11239, 20.57894 ], [ -96.98573, 20.46382 ], [ -96.92411, 20.38199 ], [ -96.71019, 20.16522 ], [ -96.57433, 20.00521 ], [ -96.57411, 19.9919 ], [ -96.55171, 19.95451 ], [ -96.4495, 19.8492 ], [ -96.40107, 19.72533 ], [ -96.40628, 19.70044 ], [ -96.39109, 19.67727 ], [ -96.3976, 19.67283 ], [ -96.39692, 19.64979 ], [ -96.37165, 19.60144 ], [ -96.37904, 19.58958 ], [ -96.37562, 19.56644 ], [ -96.3575, 19.53245 ], [ -96.31264, 19.47866 ], [ -96.30867, 19.46256 ], [ -96.31935, 19.45279 ], [ -96.32174, 19.41434 ], [ -96.30637, 19.37206 ], [ -96.31076, 19.35676 ], [ -96.30338, 19.3364 ], [ -96.25208, 19.28287 ], [ -96.18935, 19.25131 ], [ -96.16471, 19.24662 ], [ -96.15378, 19.22941 ], [ -96.15799, 19.2262 ], [ -96.16441, 19.24547 ], [ -96.17156, 19.24694 ], [ -96.16496, 19.21942 ], [ -96.13203, 19.21999 ], [ -96.15437, 19.21755 ], [ -96.1555, 19.21565 ], [ -96.1235, 19.21387 ], [ -96.12033, 19.2036 ], [ -96.13539, 19.21412 ], [ -96.14028, 19.21006 ], [ -96.13546, 19.20157 ], [ -96.12601, 19.20178 ], [ -96.12795, 19.1954 ], [ -96.12126, 19.20077 ], [ -96.12361, 19.17963 ], [ -96.09271, 19.15153 ], [ -96.10504, 19.12369 ], [ -96.09581, 19.10502 ], [ -96.09944, 19.09739 ], [ -96.0826, 19.07767 ], [ -96.03147, 19.05669 ], [ -96.00728, 19.05727 ], [ -95.99298, 19.06434 ], [ -95.99193, 19.06303 ], [ -95.98145, 19.06613 ], [ -95.97816, 19.06533 ], [ -95.98172, 19.06578 ], [ -95.98258, 19.063 ], [ -95.96984, 19.05024 ], [ -95.95962, 18.96162 ], [ -95.92821, 18.88671 ], [ -95.86227, 18.8325 ], [ -95.78237, 18.79966 ], [ -95.75038, 18.79541 ], [ -95.72025, 18.76884 ], [ -95.64481, 18.73581 ], [ -95.56937, 18.71925 ], [ -95.49494, 18.71286 ], [ -95.28825, 18.71667 ], [ -95.26324, 18.70571 ], [ -95.21493, 18.70322 ], [ -95.18898, 18.70974 ], [ -95.1676, 18.68762 ], [ -95.13703, 18.67145 ], [ -95.13074, 18.67429 ], [ -95.12164, 18.65249 ], [ -95.07953, 18.64191 ], [ -95.08096, 18.63081 ], [ -95.06517, 18.62221 ], [ -95.06007, 18.60659 ], [ -95.04946, 18.59975 ], [ -95.05059, 18.58394 ], [ -95.03381, 18.57234 ], [ -94.98795, 18.55445 ], [ -94.97525, 18.55828 ], [ -94.95112, 18.55054 ], [ -94.87412, 18.54875 ], [ -94.81657, 18.53858 ], [ -94.78749, 18.50569 ], [ -94.7737, 18.44921 ], [ -94.74379, 18.42175 ], [ -94.73653, 18.39389 ], [ -94.66398, 18.33839 ], [ -94.65711, 18.31161 ], [ -94.6231, 18.28713 ], [ -94.62436, 18.25349 ], [ -94.607, 18.20404 ], [ -94.58778, 18.18562 ], [ -94.53979, 18.16121 ], [ -94.47552, 18.15058 ], [ -94.41997, 18.15681 ], [ -94.41574, 18.16643 ], [ -94.41561, 18.15823 ], [ -94.40761, 18.15968 ], [ -94.4127, 18.16626 ], [ -94.41245, 18.1666 ], [ -94.40611, 18.15952 ], [ -94.37298, 18.16142 ], [ -94.13003, 18.21285 ], [ -94.12692, 18.16825 ], [ -94.1203, 18.16496 ], [ -94.10468, 18.17395 ], [ -94.09468, 18.16067 ], [ -94.10044, 18.12592 ], [ -94.08111, 18.09577 ], [ -94.09716, 18.07863 ], [ -94.07436, 18.05859 ], [ -94.08375, 18.00646 ], [ -94.06652, 18.0094 ], [ -94.0614, 17.98812 ], [ -94.06852, 17.97959 ], [ -94.07353, 17.98777 ], [ -94.0825, 17.97795 ], [ -94.08075, 17.96834 ], [ -94.08889, 17.97062 ], [ -94.09199, 17.96193 ], [ -94.08801, 17.90648 ], [ -94.07931, 17.89105 ], [ -94.08343, 17.86987 ], [ -94.0626, 17.86309 ], [ -94.03316, 17.87256 ], [ -94.03753, 17.86266 ], [ -94.02945, 17.84567 ], [ -94.02304, 17.84626 ], [ -94.02595, 17.84038 ], [ -94.01634, 17.84449 ], [ -93.99561, 17.83662 ], [ -93.99461, 17.84602 ], [ -93.98787, 17.83436 ], [ -93.98457, 17.85157 ], [ -93.97318, 17.84234 ], [ -93.96779, 17.84525 ], [ -93.96788, 17.83705 ], [ -93.95595, 17.8334 ], [ -93.95744, 17.82532 ], [ -93.96499, 17.82997 ], [ -93.95833, 17.81973 ], [ -93.968, 17.81787 ], [ -93.9568, 17.81064 ], [ -93.96317, 17.7995 ], [ -93.95063, 17.80041 ], [ -93.9561, 17.78172 ], [ -93.93526, 17.7591 ], [ -93.94011, 17.75317 ], [ -93.92231, 17.74633 ], [ -93.91012, 17.75469 ], [ -93.89221, 17.75368 ], [ -93.89128, 17.74808 ], [ -93.88535, 17.75722 ], [ -93.88124, 17.7513 ], [ -93.87705, 17.75656 ], [ -93.86961, 17.73932 ], [ -93.88366, 17.73553 ], [ -93.87616, 17.7333 ], [ -93.88072, 17.72628 ], [ -93.87, 17.71354 ], [ -93.865, 17.72219 ], [ -93.85929, 17.71685 ], [ -93.84858, 17.72071 ], [ -93.84302, 17.71137 ], [ -93.82659, 17.71919 ], [ -93.82234, 17.69958 ], [ -93.80699, 17.70592 ], [ -93.80515, 17.68936 ], [ -93.77257, 17.69271 ], [ -93.76504, 17.67457 ], [ -93.75977, 17.68512 ], [ -93.75179, 17.68399 ], [ -93.75672, 17.67687 ], [ -93.73851, 17.67937 ], [ -93.74658, 17.66011 ], [ -93.74089, 17.64941 ], [ -93.73269, 17.64916 ], [ -93.72999, 17.64129 ], [ -93.73799, 17.63495 ], [ -93.73528, 17.63008 ], [ -93.73102, 17.63583 ], [ -93.73288, 17.62576 ], [ -93.72912, 17.62987 ], [ -93.71473, 17.62085 ], [ -93.71917, 17.63346 ], [ -93.71318, 17.63067 ], [ -93.70969, 17.61163 ], [ -93.69966, 17.61369 ], [ -93.69946, 17.59602 ], [ -93.67761, 17.58587 ], [ -93.67731, 17.57577 ], [ -93.65917, 17.56549 ], [ -93.65671, 17.55534 ], [ -93.65369, 17.55997 ], [ -93.63114, 17.55673 ], [ -93.62947, 17.54937 ], [ -93.6136, 17.55251 ], [ -93.62726, 17.53168 ], [ -93.62502, 17.51464 ], [ -93.63734, 17.50981 ], [ -93.62607, 17.50442 ], [ -93.6241, 17.49346 ], [ -93.63934, 17.45959 ], [ -93.64771, 17.46174 ], [ -93.65041, 17.45885 ], [ -93.64416, 17.45217 ], [ -93.6366, 17.45528 ], [ -93.64518, 17.4424 ], [ -93.63821, 17.43609 ], [ -93.64931, 17.43247 ], [ -93.65758, 17.41691 ], [ -93.673, 17.41992 ], [ -93.68354, 17.39563 ], [ -93.69492, 17.3878 ], [ -93.68575, 17.37237 ], [ -93.63496, 17.3377 ], [ -93.6452, 17.33069 ], [ -93.6415, 17.31795 ], [ -93.62743, 17.31284 ], [ -93.62439, 17.32248 ], [ -93.60794, 17.31493 ], [ -93.63813, 17.29095 ], [ -93.66441, 17.28619 ], [ -93.66269, 17.25628 ], [ -93.76298, 17.23934 ], [ -93.77245, 17.24582 ], [ -93.78861, 17.23233 ], [ -93.80145, 17.24038 ], [ -93.80376, 17.22487 ], [ -93.82663, 17.19049 ], [ -93.82714, 17.1725 ], [ -93.86092, 17.16374 ], [ -93.87012, 17.14665 ], [ -93.86743, 17.13696 ], [ -94.92281, 17.19379 ], [ -94.92302, 17.20413 ], [ -94.91121, 17.21371 ], [ -94.90957, 17.24278 ], [ -94.89543, 17.25638 ], [ -94.90965, 17.26798 ], [ -94.90135, 17.28745 ], [ -94.91309, 17.28623 ], [ -94.91477, 17.29258 ], [ -94.889, 17.30008 ], [ -94.89078, 17.31106 ], [ -94.92716, 17.32514 ], [ -94.95098, 17.31565 ], [ -94.96651, 17.33437 ], [ -94.97119, 17.33097 ], [ -95.07657, 17.37293 ], [ -95.25305, 17.60781 ], [ -95.26475, 17.60156 ], [ -95.27885, 17.61324 ], [ -95.27022, 17.61574 ], [ -95.27126, 17.62473 ], [ -95.24841, 17.62558 ], [ -95.259, 17.62901 ], [ -95.24823, 17.64598 ], [ -95.24193, 17.63496 ], [ -95.21845, 17.63933 ], [ -95.20708, 17.65435 ], [ -95.2012, 17.64741 ], [ -95.19512, 17.65485 ], [ -95.18813, 17.6507 ], [ -95.18244, 17.69106 ], [ -95.23891, 17.73926 ], [ -95.25867, 17.72854 ], [ -95.26903, 17.74093 ], [ -95.26555, 17.71754 ], [ -95.2792, 17.72189 ], [ -95.29224, 17.71242 ], [ -95.29781, 17.72214 ], [ -95.30997, 17.70856 ], [ -95.30661, 17.69716 ], [ -95.31665, 17.69758 ], [ -95.33381, 17.67518 ], [ -95.34006, 17.6744 ], [ -95.34376, 17.68366 ], [ -95.35174, 17.67184 ], [ -95.36789, 17.67366 ], [ -95.38681, 17.66386 ], [ -95.40716, 17.64333 ], [ -95.41303, 17.65186 ], [ -95.4185, 17.64404 ], [ -95.42549, 17.64747 ], [ -95.42683, 17.63657 ], [ -95.44611, 17.62176 ], [ -95.45608, 17.62309 ], [ -95.45446, 17.6111 ], [ -95.47314, 17.60911 ], [ -95.46302, 17.59639 ], [ -95.47934, 17.58783 ], [ -95.48418, 17.6019 ], [ -95.50632, 17.59077 ], [ -95.50368, 17.58377 ], [ -95.51402, 17.58545 ], [ -95.52127, 17.57704 ], [ -95.5174, 17.56962 ], [ -95.52479, 17.57602 ], [ -95.53111, 17.57061 ], [ -95.5251, 17.56211 ], [ -95.53146, 17.55616 ], [ -95.53967, 17.56057 ], [ -95.5496, 17.55321 ], [ -95.55555, 17.55864 ], [ -95.55943, 17.54704 ], [ -95.56882, 17.55124 ], [ -95.58533, 17.53503 ], [ -95.59875, 17.53461 ], [ -95.60512, 17.54901 ], [ -95.60709, 17.53982 ], [ -95.64504, 17.54671 ], [ -95.65359, 17.56049 ], [ -95.64847, 17.53989 ], [ -95.68515, 17.53753 ], [ -95.7021, 17.51849 ], [ -95.70658, 17.53402 ], [ -95.72515, 17.53623 ], [ -95.72048, 17.54353 ], [ -95.72809, 17.55198 ], [ -95.7269, 17.57803 ], [ -95.77156, 17.58869 ], [ -95.77148, 17.5997 ], [ -95.78175, 17.60303 ], [ -95.79298, 17.60143 ], [ -95.79185, 17.58636 ], [ -95.80755, 17.59184 ], [ -95.80349, 17.6071 ], [ -95.7947, 17.60352 ], [ -95.78038, 17.61112 ], [ -95.77366, 17.60585 ], [ -95.78111, 17.63888 ], [ -95.80331, 17.62937 ], [ -95.80801, 17.6468 ], [ -95.83063, 17.65263 ], [ -95.84404, 17.67312 ], [ -95.86751, 17.68484 ], [ -95.87102, 17.70217 ], [ -95.89529, 17.70449 ], [ -95.89402, 17.71232 ], [ -95.8734, 17.71713 ], [ -95.87281, 17.72741 ], [ -95.89263, 17.72072 ], [ -95.90286, 17.7341 ], [ -95.89292, 17.76514 ], [ -95.86639, 17.77435 ], [ -95.86896, 17.79662 ], [ -95.85579, 17.80556 ], [ -95.84934, 17.82585 ], [ -95.85882, 17.84478 ], [ -95.8502, 17.84453 ], [ -95.79992, 17.95001 ], [ -95.83317, 18.12903 ], [ -95.90716, 18.13564 ], [ -95.91465, 18.1522 ], [ -95.92213, 18.1508 ], [ -95.9222, 18.14106 ], [ -95.92574, 18.14643 ], [ -95.93334, 18.14167 ], [ -95.93725, 18.15663 ], [ -95.95346, 18.15987 ], [ -95.98154, 18.14295 ], [ -95.99107, 18.15194 ], [ -96.02569, 18.13346 ], [ -96.04687, 18.13656 ], [ -96.05139, 18.12674 ], [ -96.05698, 18.13402 ], [ -96.06638, 18.13159 ], [ -96.08423, 18.16253 ], [ -96.09918, 18.16684 ], [ -96.11432, 18.16407 ], [ -96.12413, 18.14038 ], [ -96.13672, 18.13404 ], [ -96.14363, 18.14015 ], [ -96.15423, 18.1318 ], [ -96.17967, 18.14057 ], [ -96.18828, 18.1513 ], [ -96.18281, 18.15782 ], [ -96.1872, 18.16675 ], [ -96.17024, 18.1698 ], [ -96.17069, 18.18638 ], [ -96.20313, 18.17488 ], [ -96.21748, 18.16197 ], [ -96.231, 18.18973 ], [ -96.26799, 18.22445 ], [ -96.26682, 18.24566 ], [ -96.28824, 18.25976 ], [ -96.26916, 18.27398 ], [ -96.27858, 18.28382 ], [ -96.27076, 18.29782 ], [ -96.30995, 18.32235 ], [ -96.30561, 18.32903 ], [ -96.31499, 18.33139 ], [ -96.31733, 18.36454 ], [ -96.33505, 18.37252 ], [ -96.33107, 18.37923 ], [ -96.34534, 18.3797 ], [ -96.34455, 18.39851 ], [ -96.35259, 18.41025 ], [ -96.36173, 18.40708 ], [ -96.3762, 18.42465 ], [ -96.38925, 18.42838 ], [ -96.38934, 18.44048 ], [ -96.40298, 18.43992 ], [ -96.4046, 18.46778 ], [ -96.41802, 18.47048 ], [ -96.41119, 18.47692 ], [ -96.41656, 18.49927 ], [ -96.42348, 18.5018 ], [ -96.42076, 18.51046 ], [ -96.4471, 18.53668 ], [ -96.46107, 18.57304 ], [ -96.46783, 18.5709 ], [ -96.49993, 18.58953 ], [ -96.51733, 18.58158 ], [ -96.52547, 18.58777 ], [ -96.56095, 18.5877 ], [ -96.61668, 18.61907 ], [ -96.68302, 18.66969 ], [ -96.6811, 18.64795 ], [ -96.6887, 18.63879 ], [ -96.67497, 18.62434 ], [ -96.67246, 18.60757 ], [ -96.69383, 18.59121 ], [ -96.68876, 18.58122 ], [ -96.70215, 18.58123 ], [ -96.69094, 18.56797 ], [ -96.69963, 18.55334 ], [ -96.7156, 18.57324 ], [ -96.72422, 18.55899 ], [ -96.71183, 18.54806 ], [ -96.7269, 18.52983 ], [ -96.71903, 18.52213 ], [ -96.70617, 18.52634 ], [ -96.70287, 18.51027 ], [ -96.68802, 18.51264 ], [ -96.68154, 18.50327 ], [ -96.69108, 18.48983 ], [ -96.68254, 18.47506 ], [ -96.69288, 18.45755 ], [ -96.70532, 18.45671 ], [ -96.70971, 18.42995 ], [ -96.68104, 18.4122 ], [ -96.68144, 18.38566 ], [ -96.67505, 18.38423 ], [ -96.68162, 18.37558 ], [ -96.69183, 18.38085 ], [ -96.69625, 18.36475 ], [ -96.69772, 18.38207 ], [ -96.73233, 18.3737 ], [ -96.74104, 18.38261 ], [ -96.72492, 18.40818 ], [ -96.75909, 18.40826 ], [ -96.7709, 18.42298 ], [ -96.76319, 18.42705 ], [ -96.78101, 18.42907 ], [ -96.78482, 18.4442 ], [ -96.77542, 18.44809 ], [ -96.78617, 18.45793 ], [ -96.78094, 18.46593 ], [ -96.78921, 18.46714 ], [ -96.7958, 18.48022 ], [ -96.79701, 18.51194 ], [ -96.81345, 18.51762 ], [ -96.82404, 18.51111 ], [ -96.8251, 18.49811 ], [ -96.84236, 18.49339 ], [ -96.84633, 18.50538 ], [ -96.8673, 18.5146 ], [ -96.86653, 18.52669 ], [ -96.87351, 18.52323 ], [ -96.87593, 18.53509 ], [ -96.88588, 18.53344 ], [ -96.89925, 18.54865 ], [ -96.92594, 18.53493 ], [ -96.95433, 18.55383 ], [ -96.96521, 18.54166 ], [ -96.97681, 18.54308 ], [ -96.97379, 18.53676 ], [ -96.98482, 18.5312 ], [ -96.99892, 18.53192 ], [ -97.04638, 18.49956 ], [ -97.07997, 18.45451 ], [ -97.08347, 18.48394 ], [ -97.14456, 18.57093 ], [ -97.14144, 18.59642 ], [ -97.17441, 18.60666 ], [ -97.17596, 18.61672 ], [ -97.19692, 18.62958 ], [ -97.21524, 18.62555 ], [ -97.23543, 18.64357 ], [ -97.25227, 18.62673 ], [ -97.27185, 18.62778 ], [ -97.28187, 18.65249 ], [ -97.3032, 18.67429 ], [ -97.32318, 18.66431 ], [ -97.33103, 18.68312 ], [ -97.33726, 18.67859 ], [ -97.34397, 18.68576 ], [ -97.3422, 18.7059 ], [ -97.35003, 18.71714 ], [ -97.34215, 18.72582 ], [ -97.34719, 18.72744 ], [ -97.33951, 18.74241 ], [ -97.34424, 18.74944 ], [ -97.33006, 18.76597 ], [ -97.34019, 18.7784 ], [ -97.35285, 18.77436 ], [ -97.35303, 18.79128 ], [ -97.32635, 18.81025 ], [ -97.32267, 18.83507 ], [ -97.30609, 18.84342 ], [ -97.29731, 18.86731 ], [ -97.27137, 18.89081 ], [ -97.2458, 18.8933 ], [ -97.24182, 18.90214 ], [ -97.25335, 18.92875 ], [ -97.25826, 18.97771 ], [ -97.28513, 18.99943 ], [ -97.26663, 19.03031 ], [ -97.26965, 19.06307 ], [ -97.2614, 19.09663 ], [ -97.22232, 19.12343 ], [ -97.21957, 19.13613 ], [ -97.1972, 19.14656 ], [ -97.20963, 19.15985 ], [ -97.19459, 19.17181 ], [ -97.18368, 19.16274 ], [ -97.18063, 19.16933 ], [ -97.13653, 19.16011 ], [ -97.13073, 19.16768 ], [ -97.10872, 19.16841 ], [ -97.06669, 19.15946 ], [ -97.06798, 19.14846 ], [ -97.05563, 19.134 ], [ -97.04584, 19.12803 ], [ -97.03446, 19.13767 ], [ -97.02705, 19.13324 ], [ -97.04214, 19.15139 ], [ -97.04139, 19.17442 ], [ -97.05615, 19.19767 ], [ -97.05156, 19.20681 ], [ -97.00123, 19.23655 ], [ -97.00441, 19.2569 ], [ -96.98556, 19.2794 ], [ -97.00346, 19.29638 ], [ -97.01476, 19.29008 ], [ -97.03099, 19.29733 ], [ -97.04551, 19.32128 ], [ -97.05569, 19.31197 ], [ -97.07118, 19.32152 ], [ -97.102, 19.30362 ], [ -97.12936, 19.3089 ], [ -97.13675, 19.3227 ], [ -97.14845, 19.32025 ], [ -97.17021, 19.32902 ], [ -97.20027, 19.30926 ], [ -97.20084, 19.31629 ], [ -97.21561, 19.32332 ], [ -97.20472, 19.32996 ], [ -97.21021, 19.35944 ], [ -97.22387, 19.35696 ], [ -97.23362, 19.37122 ], [ -97.28497, 19.39164 ], [ -97.33775, 19.39253 ], [ -97.34862, 19.37849 ], [ -97.36045, 19.37603 ], [ -97.3717, 19.40306 ], [ -97.3941, 19.4073 ], [ -97.39736, 19.41906 ], [ -97.38154, 19.43237 ], [ -97.35728, 19.43238 ], [ -97.34689, 19.451 ], [ -97.34826, 19.48463 ], [ -97.35573, 19.49291 ], [ -97.36075, 19.48849 ], [ -97.37067, 19.49499 ], [ -97.40456, 19.49587 ], [ -97.40088, 19.50691 ], [ -97.40959, 19.53733 ], [ -97.42665, 19.54168 ], [ -97.43428, 19.58885 ], [ -97.41847, 19.62722 ], [ -97.40275, 19.61534 ], [ -97.34116, 19.67575 ], [ -97.3264, 19.67892 ], [ -97.30393, 19.67116 ], [ -97.33314, 19.71678 ], [ -97.31378, 19.73514 ], [ -97.32194, 19.73478 ], [ -97.32, 19.76983 ], [ -97.30456, 19.87069 ], [ -97.29047, 19.88681 ], [ -97.29182, 19.90026 ], [ -97.25581, 19.93246 ], [ -97.26925, 19.94703 ], [ -97.26067, 19.97725 ], [ -97.23817, 19.98871 ], [ -97.2251, 20.00946 ], [ -97.20693, 20.01467 ], [ -97.20615, 20.05635 ], [ -97.19543, 20.05434 ], [ -97.1855, 20.06234 ], [ -97.17403, 20.09217 ], [ -97.12241, 20.13672 ], [ -97.15136, 20.13754 ], [ -97.15753, 20.14958 ], [ -97.14999, 20.16061 ], [ -97.16101, 20.16072 ], [ -97.16441, 20.15183 ], [ -97.24239, 20.17448 ], [ -97.24404, 20.18228 ], [ -97.26193, 20.17755 ], [ -97.27054, 20.18752 ], [ -97.28319, 20.18111 ], [ -97.28528, 20.19073 ], [ -97.36551, 20.21575 ], [ -97.3778, 20.22309 ], [ -97.37824, 20.24926 ], [ -97.40817, 20.23209 ], [ -97.42081, 20.24242 ], [ -97.44528, 20.24616 ], [ -97.46429, 20.22423 ], [ -97.46506, 20.18022 ], [ -97.4848, 20.17388 ], [ -97.50538, 20.15394 ], [ -97.49479, 20.14619 ], [ -97.4998, 20.14272 ], [ -97.49484, 20.13735 ], [ -97.52739, 20.11488 ], [ -97.53959, 20.11601 ], [ -97.54816, 20.10119 ], [ -97.55764, 20.10718 ], [ -97.5613, 20.08602 ], [ -97.58603, 20.07933 ], [ -97.59571, 20.09689 ], [ -97.58424, 20.09476 ], [ -97.57865, 20.10252 ], [ -97.60274, 20.11931 ], [ -97.60449, 20.16687 ], [ -97.6328, 20.18323 ], [ -97.65244, 20.16357 ], [ -97.66332, 20.16951 ], [ -97.68683, 20.16581 ], [ -97.69872, 20.18238 ], [ -97.72051, 20.1892 ], [ -97.73146, 20.18135 ], [ -97.73926, 20.18925 ], [ -97.7386, 20.2021 ], [ -97.7307, 20.2052 ], [ -97.73511, 20.24239 ], [ -97.7573, 20.27908 ], [ -97.74089, 20.27457 ], [ -97.70841, 20.28529 ], [ -97.70427, 20.30324 ], [ -97.6814, 20.30243 ], [ -97.67731, 20.31298 ], [ -97.68986, 20.32009 ], [ -97.67313, 20.33661 ], [ -97.67934, 20.34992 ], [ -97.70069, 20.31992 ], [ -97.74288, 20.3512 ], [ -97.74445, 20.38011 ], [ -97.76564, 20.38123 ], [ -97.7346, 20.45131 ], [ -97.72583, 20.45823 ], [ -97.70919, 20.45511 ], [ -97.69772, 20.43251 ], [ -97.67305, 20.41886 ], [ -97.67208, 20.40853 ], [ -97.64541, 20.40832 ], [ -97.63755, 20.41791 ], [ -97.63537, 20.45219 ], [ -97.59588, 20.46399 ], [ -97.57605, 20.4909 ], [ -97.55606, 20.48469 ], [ -97.54104, 20.48971 ], [ -97.57832, 20.53743 ], [ -97.57499, 20.54334 ], [ -97.58795, 20.56107 ], [ -97.58995, 20.55615 ], [ -97.62544, 20.56358 ], [ -97.63666, 20.55371 ], [ -97.6482, 20.56631 ], [ -97.65897, 20.54512 ], [ -97.68477, 20.55426 ], [ -97.68517, 20.57344 ], [ -97.7019, 20.57187 ], [ -97.69342, 20.60268 ], [ -97.71539, 20.60908 ], [ -97.70447, 20.62922 ], [ -97.7312, 20.63779 ], [ -97.73733, 20.64643 ], [ -97.74951, 20.64332 ], [ -97.7521, 20.65767 ], [ -97.73808, 20.66303 ], [ -97.73707, 20.67966 ], [ -97.7407, 20.68973 ], [ -97.74826, 20.68631 ], [ -97.75754, 20.69347 ], [ -97.75064, 20.70733 ], [ -97.75297, 20.73237 ], [ -97.72846, 20.74127 ], [ -97.72282, 20.74999 ], [ -97.72635, 20.75998 ], [ -97.71896, 20.76295 ], [ -97.72651, 20.77116 ], [ -97.71918, 20.7755 ], [ -97.72598, 20.79165 ], [ -97.71314, 20.79983 ], [ -97.70135, 20.7936 ], [ -97.69518, 20.80004 ], [ -97.73891, 20.80153 ], [ -97.773, 20.8272 ], [ -97.7904, 20.81683 ], [ -97.81377, 20.82007 ], [ -97.83025, 20.80796 ], [ -97.85012, 20.81692 ], [ -97.84109, 20.83931 ], [ -97.85287, 20.83287 ], [ -97.87912, 20.83428 ], [ -97.92245, 20.71652 ], [ -97.89743, 20.70321 ], [ -97.91408, 20.68862 ], [ -97.91783, 20.67124 ], [ -97.90877, 20.66716 ], [ -97.91184, 20.65352 ], [ -97.89515, 20.6227 ], [ -97.90876, 20.60813 ], [ -97.90969, 20.58638 ], [ -97.98082, 20.54071 ], [ -97.98153, 20.52568 ], [ -97.97263, 20.5232 ], [ -97.97933, 20.51493 ], [ -98.01727, 20.52599 ], [ -98.00831, 20.53269 ], [ -98.02873, 20.58971 ], [ -98.01771, 20.6017 ], [ -98.02101, 20.62678 ], [ -98.03998, 20.63193 ], [ -98.06678, 20.67387 ], [ -98.0749, 20.67655 ], [ -98.07196, 20.65772 ], [ -98.08718, 20.62288 ], [ -98.09821, 20.62437 ], [ -98.10059, 20.61388 ], [ -98.11179, 20.61594 ], [ -98.11498, 20.6001 ], [ -98.12691, 20.59727 ], [ -98.11872, 20.59413 ], [ -98.12164, 20.58609 ], [ -98.13019, 20.59093 ], [ -98.14774, 20.56266 ], [ -98.15372, 20.56522 ], [ -98.15804, 20.54256 ], [ -98.18834, 20.52322 ], [ -98.2116, 20.5287 ], [ -98.22845, 20.52101 ], [ -98.2341, 20.5062 ], [ -98.25577, 20.49994 ], [ -98.28046, 20.46938 ], [ -98.31214, 20.44977 ], [ -98.32101, 20.41801 ], [ -98.35982, 20.39981 ], [ -98.38615, 20.40271 ], [ -98.41829, 20.38005 ], [ -98.46208, 20.33122 ], [ -98.5174, 20.33685 ], [ -98.54862, 20.35975 ], [ -98.54306, 20.37556 ], [ -98.55018, 20.39571 ], [ -98.54969, 20.43536 ], [ -98.59729, 20.49577 ], [ -98.55761, 20.50936 ], [ -98.55461, 20.51871 ], [ -98.53467, 20.53066 ], [ -98.52449, 20.54836 ], [ -98.52298, 20.58181 ], [ -98.51225, 20.59422 ], [ -98.48018, 20.589 ], [ -98.49485, 20.64434 ], [ -98.46327, 20.66784 ], [ -98.45988, 20.6962 ], [ -98.44922, 20.7009 ], [ -98.4459, 20.69434 ], [ -98.44335, 20.70988 ], [ -98.42928, 20.71627 ], [ -98.42365, 20.74772 ], [ -98.46034, 20.71331 ], [ -98.52505, 20.68184 ], [ -98.5334, 20.66272 ], [ -98.55018, 20.68939 ], [ -98.52907, 20.70399 ], [ -98.53016, 20.7181 ], [ -98.50644, 20.73312 ], [ -98.51449, 20.73232 ], [ -98.51665, 20.74289 ], [ -98.50814, 20.74419 ], [ -98.50361, 20.73223 ], [ -98.44973, 20.75135 ], [ -98.46435, 20.77193 ], [ -98.46323, 20.78518 ], [ -98.44964, 20.80609 ], [ -98.45055, 20.82147 ], [ -98.43064, 20.84767 ], [ -98.41372, 20.84864 ], [ -98.40291, 20.85838 ], [ -98.37891, 20.85201 ], [ -98.37113, 20.86231 ], [ -98.35751, 20.85679 ], [ -98.34515, 20.86485 ], [ -98.35287, 20.83601 ], [ -98.3272, 20.82944 ], [ -98.32865, 20.8205 ], [ -98.31654, 20.81777 ], [ -98.31484, 20.80982 ], [ -98.34467, 20.79749 ], [ -98.32852, 20.7841 ], [ -98.31532, 20.78875 ], [ -98.30783, 20.80192 ], [ -98.30288, 20.7959 ], [ -98.29845, 20.80143 ], [ -98.30448, 20.78273 ], [ -98.29881, 20.77784 ], [ -98.29202, 20.78551 ], [ -98.2616, 20.78597 ], [ -98.25404, 20.7941 ], [ -98.24775, 20.78944 ], [ -98.24489, 20.80222 ], [ -98.23365, 20.79756 ], [ -98.22471, 20.81824 ], [ -98.25377, 20.82149 ], [ -98.26232, 20.84689 ], [ -98.25464, 20.84895 ], [ -98.25622, 20.85897 ], [ -98.2655, 20.86654 ], [ -98.25097, 20.8973 ], [ -98.22486, 20.90636 ], [ -98.2227, 20.91845 ], [ -98.23426, 20.91583 ], [ -98.23739, 20.93478 ], [ -98.22824, 20.95802 ], [ -98.21438, 20.95605 ], [ -98.20954, 20.96709 ], [ -98.21692, 20.97374 ], [ -98.21501, 20.98963 ], [ -98.20062, 20.9947 ], [ -98.20158, 21.01248 ], [ -98.189, 21.01832 ], [ -98.18827, 21.03131 ], [ -98.16116, 21.01913 ], [ -98.14736, 21.07845 ], [ -98.17486, 21.10622 ], [ -98.18756, 21.11082 ], [ -98.20169, 21.10614 ], [ -98.19515, 21.12036 ], [ -98.20742, 21.12873 ], [ -98.20505, 21.13809 ], [ -98.21682, 21.15147 ], [ -98.22735, 21.15042 ], [ -98.24911, 21.1294 ], [ -98.26467, 21.14115 ], [ -98.28217, 21.13642 ], [ -98.29592, 21.15361 ], [ -98.27858, 21.17258 ], [ -98.27913, 21.19275 ], [ -98.29615, 21.18796 ], [ -98.2979, 21.1774 ], [ -98.31586, 21.18688 ], [ -98.35075, 21.15714 ], [ -98.36624, 21.16224 ], [ -98.38022, 21.15512 ], [ -98.38681, 21.16226 ], [ -98.40454, 21.15265 ], [ -98.41644, 21.15498 ], [ -98.43011, 21.17279 ], [ -98.44677, 21.17981 ], [ -98.44667, 21.19962 ], [ -98.45963, 21.2048 ], [ -98.45289, 21.21003 ], [ -98.45695, 21.21483 ], [ -98.47966, 21.22389 ], [ -98.48081, 21.23067 ], [ -98.46926, 21.23416 ], [ -98.46836, 21.24965 ], [ -98.49901, 21.25223 ], [ -98.51654, 21.24427 ], [ -98.54398, 21.2639 ], [ -98.49557, 21.32997 ], [ -98.49562, 21.34042 ], [ -98.48518, 21.35015 ], [ -98.47788, 21.34376 ], [ -98.46484, 21.34776 ], [ -98.4687, 21.38703 ], [ -98.48109, 21.3884 ], [ -98.47983, 21.3966 ], [ -98.48642, 21.39852 ], [ -98.50121, 21.38546 ], [ -98.51054, 21.40196 ], [ -98.51919, 21.4013 ], [ -98.52464, 21.44016 ], [ -98.51691, 21.4607 ], [ -98.5356, 21.49246 ], [ -98.53226, 21.50114 ], [ -98.55745, 21.52198 ], [ -98.56505, 21.52009 ], [ -98.60225, 21.54043 ], [ -98.6054, 21.56691 ], [ -98.62575, 21.58546 ], [ -98.62051, 21.58824 ], [ -98.62565, 21.5926 ], [ -98.61935, 21.60246 ], [ -98.62113, 21.62782 ], [ -98.64363, 21.63168 ], [ -98.63322, 21.65389 ], [ -98.62056, 21.65307 ], [ -98.60947, 21.66723 ], [ -98.62496, 21.67307 ], [ -98.622, 21.68238 ], [ -98.59779, 21.66888 ], [ -98.5792, 21.67195 ], [ -98.55826, 21.68767 ], [ -98.55884, 21.70354 ], [ -98.57221, 21.70916 ], [ -98.56743, 21.71737 ], [ -98.54384, 21.72339 ], [ -98.53074, 21.69727 ], [ -98.52053, 21.71023 ], [ -98.5368, 21.71389 ], [ -98.53741, 21.72062 ], [ -98.51667, 21.71685 ], [ -98.51266, 21.7266 ], [ -98.49895, 21.72724 ], [ -98.50422, 21.73805 ], [ -98.49149, 21.73506 ], [ -98.47692, 21.74522 ], [ -98.48373, 21.75217 ], [ -98.4676, 21.7707 ], [ -98.45945, 21.76231 ], [ -98.4547, 21.76643 ], [ -98.46237, 21.79128 ], [ -98.47552, 21.80192 ], [ -98.47504, 21.81419 ], [ -98.49312, 21.81394 ], [ -98.48632, 21.83627 ], [ -98.49505, 21.83817 ], [ -98.51448, 21.82389 ], [ -98.52886, 21.86318 ], [ -98.54803, 21.86011 ], [ -98.5382, 21.90581 ], [ -98.5202, 21.89699 ], [ -98.5108, 21.9087 ], [ -98.51489, 21.91764 ], [ -98.54587, 21.91735 ], [ -98.54385, 21.93212 ], [ -98.53108, 21.93443 ], [ -98.50045, 21.92315 ], [ -98.50315, 21.93663 ], [ -98.5156, 21.95127 ], [ -98.53158, 21.94992 ], [ -98.55128, 21.93374 ], [ -98.56602, 21.93764 ], [ -98.57647, 21.94739 ], [ -98.57884, 21.96609 ], [ -98.5645, 21.96824 ], [ -98.55067, 21.96075 ], [ -98.522, 21.97943 ], [ -98.4932, 21.96041 ], [ -98.46881, 21.9646 ], [ -98.48148, 21.99051 ], [ -98.47629, 21.99957 ], [ -98.47233, 21.98797 ], [ -98.45954, 21.99517 ], [ -98.44355, 22.03298 ], [ -98.44641, 22.04222 ], [ -98.43465, 22.05167 ], [ -98.43945, 22.07565 ], [ -98.41883, 22.09802 ], [ -98.43874, 22.11191 ], [ -98.43202, 22.12827 ], [ -98.33655, 22.18769 ], [ -98.33041, 22.20134 ], [ -98.35226, 22.2228 ], [ -98.34462, 22.22209 ], [ -98.32597, 22.24305 ], [ -98.37456, 22.23608 ], [ -98.36814, 22.25537 ], [ -98.37634, 22.25083 ], [ -98.40509, 22.25608 ], [ -98.40642, 22.26935 ], [ -98.39638, 22.27626 ], [ -98.40756, 22.28421 ], [ -98.43037, 22.2746 ], [ -98.4277, 22.28346 ], [ -98.44666, 22.30562 ], [ -98.46452, 22.30347 ], [ -98.47591, 22.28864 ], [ -98.48199, 22.29944 ], [ -98.50573, 22.30901 ], [ -98.50612, 22.31597 ], [ -98.52555, 22.31883 ], [ -98.53521, 22.33788 ], [ -98.57929, 22.34863 ], [ -98.57932, 22.37776 ], [ -98.68155, 22.37157 ], [ -98.67089, 22.40567 ], [ -98.63816, 22.41452 ], [ -98.6269, 22.40216 ], [ -98.61375, 22.40893 ], [ -98.59233, 22.39532 ], [ -98.57494, 22.39395 ], [ -98.56851, 22.40158 ], [ -98.52536, 22.40678 ], [ -98.5096, 22.41639 ], [ -98.50639, 22.42927 ], [ -98.49428, 22.42724 ], [ -98.49214, 22.41947 ], [ -98.49037, 22.42777 ], [ -98.46681, 22.4288 ], [ -98.46096, 22.41219 ], [ -98.43717, 22.43359 ], [ -98.43312, 22.41358 ], [ -98.41905, 22.41274 ], [ -98.40954, 22.39993 ], [ -98.39207, 22.42318 ], [ -98.38475, 22.42234 ], [ -98.38781, 22.38928 ], [ -98.37458, 22.38962 ], [ -98.35523, 22.40745 ], [ -98.35227, 22.3887 ], [ -98.32769, 22.39868 ], [ -98.31758, 22.39097 ], [ -98.31271, 22.41427 ], [ -98.32736, 22.42647 ], [ -98.31222, 22.44522 ], [ -98.31682, 22.46856 ], [ -98.30101, 22.46123 ], [ -98.28737, 22.46703 ], [ -98.27294, 22.44729 ], [ -98.25663, 22.45341 ], [ -98.24793, 22.47166 ], [ -98.23237, 22.46133 ], [ -98.21984, 22.47175 ], [ -98.20883, 22.46476 ] ] ] ] } },
{ "type": "Feature", "properties": { "CVEGEO": "31", "CVE_ENT": "31", "NOMGEO": "Yucatán" }, "geometry": { "type": "MultiPolygon", "coordinates": [ [ [ [ -92.2247, 20.9137 ], [ -92.2389, 20.8985 ], [ -92.2453, 20.9018 ], [ -92.2247, 20.9137 ] ] ], [ [ [ -92.2002, 20.9246 ], [ -92.2011, 20.9241 ], [ -92.2012, 20.9252 ], [ -92.2002, 20.9246 ] ] ], [ [ [ -92.197, 20.9275 ], [ -92.1996, 20.9262 ], [ -92.1973, 20.9288 ], [ -92.197, 20.9275 ] ] ], [ [ [ -92.2007, 20.9346 ], [ -92.2057, 20.9194 ], [ -92.2157, 20.9139 ], [ -92.2007, 20.9346 ] ] ], [ [ [ -92.3249, 20.9839 ], [ -92.298, 20.9875 ], [ -92.3071, 20.9764 ], [ -92.3242, 20.9742 ], [ -92.3123, 20.9809 ], [ -92.3249, 20.9839 ] ] ], [ [ [ -92.079, 21.8393 ], [ -92.0816, 21.8384 ], [ -92.0805, 21.8403 ], [ -92.079, 21.8393 ] ] ], [ [ [ -88.28523, 21.56395 ], [ -88.28375, 21.5631 ], [ -88.28527, 21.5628 ], [ -88.28523, 21.56395 ] ] ], [ [ [ -88.14332, 21.62398 ], [ -87.95328, 21.60766 ], [ -87.81131, 21.55217 ], [ -87.68741, 21.5171 ], [ -87.68626, 21.52179 ], [ -87.53491, 21.49022 ], [ -87.53315, 20.9996 ], [ -87.74426, 20.65379 ], [ -87.96274, 20.44671 ], [ -87.99507, 20.44732 ], [ -87.99296, 20.41799 ], [ -88.03403, 20.37894 ], [ -88.04753, 20.37882 ], [ -88.04731, 20.36631 ], [ -88.13649, 20.28137 ], [ -88.26463, 20.29034 ], [ -88.26681, 20.26912 ], [ -88.30879, 20.25351 ], [ -88.3519, 20.25902 ], [ -88.40913, 20.2521 ], [ -88.40289, 20.23949 ], [ -88.41511, 20.23297 ], [ -88.44343, 20.23815 ], [ -88.51993, 20.19233 ], [ -88.50235, 20.19008 ], [ -88.50762, 20.14339 ], [ -88.57668, 20.14808 ], [ -88.57815, 20.13917 ], [ -88.58768, 20.14047 ], [ -88.58797, 20.13145 ], [ -88.61638, 20.13446 ], [ -88.61917, 20.11717 ], [ -88.63987, 20.12036 ], [ -88.69061, 20.08986 ], [ -88.6908, 20.07703 ], [ -88.68489, 20.07741 ], [ -88.70018, 20.01036 ], [ -88.71252, 20.0123 ], [ -88.72215, 20.00512 ], [ -88.72278, 20.0132 ], [ -88.73598, 20.01758 ], [ -88.73625, 20.00966 ], [ -88.74262, 20.00858 ], [ -88.74247, 20.01509 ], [ -88.7835, 20.00818 ], [ -88.79077, 19.97202 ], [ -88.79802, 19.97493 ], [ -88.79838, 19.95252 ], [ -88.80564, 19.95383 ], [ -88.81018, 19.94495 ], [ -88.8165, 19.90447 ], [ -88.82728, 19.91092 ], [ -88.82944, 19.90601 ], [ -88.82041, 19.89047 ], [ -88.82593, 19.87993 ], [ -88.88019, 19.87812 ], [ -88.87912, 19.86239 ], [ -88.90049, 19.86111 ], [ -88.89759, 19.83686 ], [ -88.9111, 19.80094 ], [ -88.92029, 19.80397 ], [ -88.92951, 19.79095 ], [ -88.94543, 19.79195 ], [ -88.94385, 19.81344 ], [ -88.95808, 19.81047 ], [ -88.95639, 19.81682 ], [ -88.97445, 19.8181 ], [ -88.9844, 19.79816 ], [ -88.99947, 19.79799 ], [ -89.00409, 19.77201 ], [ -89.02516, 19.77671 ], [ -89.04883, 19.72149 ], [ -88.99474, 19.72744 ], [ -88.99753, 19.70488 ], [ -89.03052, 19.70883 ], [ -89.0362, 19.67804 ], [ -89.07603, 19.68543 ], [ -89.07421, 19.69419 ], [ -89.1234, 19.70342 ], [ -89.13364, 19.61463 ], [ -89.10839, 19.61234 ], [ -89.10902, 19.58235 ], [ -89.14952, 19.58125 ], [ -89.14486, 19.6374 ], [ -89.1892, 19.64401 ], [ -89.19025, 19.63332 ], [ -89.22287, 19.63666 ], [ -89.21956, 19.60802 ], [ -89.29656, 19.55117 ], [ -89.41248, 19.64938 ], [ -89.44811, 19.69835 ], [ -89.4683, 19.70016 ], [ -89.49166, 19.74223 ], [ -89.47915, 19.74065 ], [ -89.47591, 19.77122 ], [ -89.52567, 19.77555 ], [ -89.5875, 19.87442 ], [ -89.58681, 19.92046 ], [ -89.59745, 19.92112 ], [ -89.59584, 19.93742 ], [ -89.60467, 19.93828 ], [ -89.5987, 19.9982 ], [ -89.74847, 20.17927 ], [ -89.79397, 20.13617 ], [ -89.80287, 20.16491 ], [ -89.80251, 20.20161 ], [ -89.84616, 20.20969 ], [ -89.84068, 20.25103 ], [ -89.87566, 20.2531 ], [ -89.87238, 20.28763 ], [ -89.83796, 20.28718 ], [ -90.00417, 20.48702 ], [ -90.00562, 20.47737 ], [ -90.04169, 20.46645 ], [ -90.06721, 20.42523 ], [ -90.10097, 20.42525 ], [ -90.13157, 20.44308 ], [ -90.1863, 20.43693 ], [ -90.18479, 20.46105 ], [ -90.23421, 20.47047 ], [ -90.22377, 20.51916 ], [ -90.23251, 20.51989 ], [ -90.22924, 20.54356 ], [ -90.33524, 20.54131 ], [ -90.33524, 20.57635 ], [ -90.34114, 20.5537 ], [ -90.38665, 20.55559 ], [ -90.37936, 20.84833 ], [ -90.40699, 20.84862 ], [ -90.36692, 20.95944 ], [ -90.3384, 21.00542 ], [ -90.31046, 21.02869 ], [ -90.09461, 21.15555 ], [ -90.04942, 21.16445 ], [ -90.0484, 21.15969 ], [ -90.04647, 21.15944 ], [ -90.04929, 21.1663 ], [ -89.99663, 21.17624 ], [ -89.89771, 21.23218 ], [ -89.84513, 21.25081 ], [ -89.66677, 21.28751 ], [ -89.67052, 21.33837 ], [ -89.67623, 21.34145 ], [ -89.67122, 21.34483 ], [ -89.68111, 21.34919 ], [ -89.67073, 21.34568 ], [ -89.66465, 21.28873 ], [ -89.6457, 21.28955 ], [ -89.30959, 21.3438 ], [ -89.11002, 21.35782 ], [ -88.87987, 21.39779 ], [ -88.84062, 21.39787 ], [ -88.79802, 21.41277 ], [ -88.79671, 21.41728 ], [ -88.80486, 21.41548 ], [ -88.79653, 21.41999 ], [ -88.73872, 21.43073 ], [ -88.69474, 21.45107 ], [ -88.62912, 21.51489 ], [ -88.60632, 21.52482 ], [ -88.52846, 21.53345 ], [ -88.39755, 21.56539 ], [ -88.35862, 21.56396 ], [ -88.32097, 21.55033 ], [ -88.28106, 21.55391 ], [ -88.27829, 21.56095 ], [ -88.26991, 21.55566 ], [ -88.24334, 21.56287 ], [ -88.23227, 21.58214 ], [ -88.17619, 21.60811 ], [ -88.17759, 21.61334 ], [ -88.14332, 21.62398 ] ] ], [ [ [ -91.3859, 22.1115 ], [ -91.3875, 22.1116 ], [ -91.386, 22.1123 ], [ -91.3859, 22.1115 ] ] ], [ [ [ -91.3836, 22.117 ], [ -91.3803, 22.1165 ], [ -91.3835, 22.1154 ], [ -91.3836, 22.117 ] ] ], [ [ [ -91.4074, 22.1183 ], [ -91.4091, 22.1178 ], [ -91.4092, 22.1191 ], [ -91.4074, 22.1183 ] ] ], [ [ [ -91.4056, 22.1178 ], [ -91.405, 22.1189 ], [ -91.4045, 22.1176 ], [ -91.4056, 22.1178 ] ] ], [ [ [ -91.3881, 22.1228 ], [ -91.3894, 22.1222 ], [ -91.3896, 22.1236 ], [ -91.3881, 22.1228 ] ] ], [ [ [ -89.66239, 22.3709 ], [ -89.66432, 22.37067 ], [ -89.66263, 22.37154 ], [ -89.66239, 22.3709 ] ] ], [ [ [ -89.6657, 22.37275 ], [ -89.6717, 22.36768 ], [ -89.674, 22.36796 ], [ -89.6657, 22.37275 ] ] ], [ [ [ -89.66693, 22.38039 ], [ -89.66858, 22.3799 ], [ -89.668, 22.38062 ], [ -89.66693, 22.38039 ] ] ], [ [ [ -89.67856, 22.3815 ], [ -89.67461, 22.37689 ], [ -89.68015, 22.38031 ], [ -89.67856, 22.3815 ] ] ], [ [ [ -89.67912, 22.38216 ], [ -89.68192, 22.38093 ], [ -89.68003, 22.38371 ], [ -89.67912, 22.38216 ] ] ], [ [ [ -89.67824, 22.38983 ], [ -89.67917, 22.38749 ], [ -89.67964, 22.39012 ], [ -89.67824, 22.38983 ] ] ], [ [ [ -89.67416, 22.38974 ], [ -89.6759, 22.38874 ], [ -89.67557, 22.39039 ], [ -89.67416, 22.38974 ] ] ], [ [ [ -89.72848, 22.42849 ], [ -89.72535, 22.42468 ], [ -89.72929, 22.42455 ], [ -89.72848, 22.42849 ] ] ], [ [ [ -89.72003, 22.42862 ], [ -89.72092, 22.42779 ], [ -89.7207, 22.4285 ], [ -89.72003, 22.42862 ] ] ], [ [ [ -89.7199, 22.43134 ], [ -89.71616, 22.43043 ], [ -89.72023, 22.43052 ], [ -89.7199, 22.43134 ] ] ], [ [ [ -89.72748, 22.43358 ], [ -89.72855, 22.43302 ], [ -89.7285, 22.43348 ], [ -89.72748, 22.43358 ] ] ], [ [ [ -89.73825, 22.43461 ], [ -89.72702, 22.42895 ], [ -89.72865, 22.42879 ], [ -89.7317, 22.42469 ], [ -89.73825, 22.43461 ] ] ], [ [ [ -89.74381, 22.43504 ], [ -89.73902, 22.43634 ], [ -89.73959, 22.43301 ], [ -89.74381, 22.43504 ] ] ], [ [ [ -89.73152, 22.44084 ], [ -89.73303, 22.43915 ], [ -89.73345, 22.4403 ], [ -89.73152, 22.44084 ] ] ], [ [ [ -89.7294, 22.44315 ], [ -89.72543, 22.44269 ], [ -89.72763, 22.43954 ], [ -89.7294, 22.44315 ] ] ], [ [ [ -89.72317, 22.44531 ], [ -89.72589, 22.44414 ], [ -89.72556, 22.44568 ], [ -89.72317, 22.44531 ] ] ], [ [ [ -89.74011, 22.4726 ], [ -89.74477, 22.47206 ], [ -89.744, 22.47588 ], [ -89.74011, 22.4726 ] ] ], [ [ [ -89.75555, 22.48416 ], [ -89.73871, 22.44894 ], [ -89.73867, 22.44022 ], [ -89.74742, 22.44283 ], [ -89.7456, 22.45412 ], [ -89.75925, 22.47019 ], [ -89.75555, 22.48416 ] ] ], [ [ [ -89.74853, 22.48677 ], [ -89.75115, 22.48444 ], [ -89.75162, 22.48635 ], [ -89.74853, 22.48677 ] ] ], [ [ [ -89.74954, 22.49137 ], [ -89.75409, 22.4933 ], [ -89.74977, 22.49446 ], [ -89.74954, 22.49137 ] ] ], [ [ [ -89.73203, 22.49977 ], [ -89.72868, 22.49484 ], [ -89.72461, 22.5001 ], [ -89.72852, 22.49053 ], [ -89.73555, 22.49533 ], [ -89.73203, 22.49977 ] ] ], [ [ [ -89.7578, 22.50896 ], [ -89.76093, 22.50602 ], [ -89.75968, 22.50966 ], [ -89.7578, 22.50896 ] ] ], [ [ [ -89.77405, 22.51209 ], [ -89.75698, 22.49102 ], [ -89.75861, 22.47996 ], [ -89.7665, 22.49438 ], [ -89.78449, 22.50546 ], [ -89.77405, 22.51209 ] ] ], [ [ [ -89.73634, 22.51184 ], [ -89.73848, 22.50759 ], [ -89.73913, 22.51068 ], [ -89.73634, 22.51184 ] ] ], [ [ [ -89.71716, 22.51132 ], [ -89.72016, 22.50699 ], [ -89.72023, 22.5107 ], [ -89.71716, 22.51132 ] ] ], [ [ [ -89.7313, 22.51891 ], [ -89.73117, 22.51244 ], [ -89.73567, 22.51762 ], [ -89.7313, 22.51891 ] ] ], [ [ [ -89.7501, 22.52005 ], [ -89.75329, 22.51867 ], [ -89.75384, 22.52281 ], [ -89.7501, 22.52005 ] ] ], [ [ [ -89.74351, 22.52299 ], [ -89.74176, 22.51375 ], [ -89.75051, 22.50613 ], [ -89.74351, 22.52299 ] ] ], [ [ [ -89.75087, 22.52871 ], [ -89.75134, 22.52414 ], [ -89.75199, 22.52844 ], [ -89.75087, 22.52871 ] ] ], [ [ [ -89.73832, 22.53106 ], [ -89.74049, 22.53003 ], [ -89.73936, 22.5318 ], [ -89.73832, 22.53106 ] ] ], [ [ [ -89.74258, 22.53228 ], [ -89.73706, 22.52491 ], [ -89.73701, 22.52165 ], [ -89.74027, 22.52248 ], [ -89.74258, 22.53228 ] ] ], [ [ [ -89.74302, 22.53895 ], [ -89.73891, 22.53603 ], [ -89.74248, 22.53499 ], [ -89.74302, 22.53895 ] ] ], [ [ [ -89.74111, 22.541 ], [ -89.73571, 22.53883 ], [ -89.7374, 22.53647 ], [ -89.74111, 22.541 ] ] ], [ [ [ -89.76331, 22.56294 ], [ -89.76034, 22.56175 ], [ -89.76007, 22.56102 ], [ -89.76325, 22.56116 ], [ -89.76331, 22.56294 ] ] ], [ [ [ -89.76418, 22.56275 ], [ -89.77628, 22.56071 ], [ -89.77806, 22.56262 ], [ -89.77495, 22.56381 ], [ -89.76418, 22.56275 ] ] ], [ [ [ -89.77823, 22.56124 ], [ -89.78074, 22.56263 ], [ -89.78028, 22.56666 ], [ -89.77823, 22.56124 ] ] ], [ [ [ -89.77557, 22.5669 ], [ -89.77742, 22.56697 ], [ -89.77663, 22.56875 ], [ -89.77557, 22.5669 ] ] ], [ [ [ -89.77381, 22.5722 ], [ -89.77527, 22.57074 ], [ -89.77487, 22.57266 ], [ -89.77381, 22.5722 ] ] ], [ [ [ -89.76192, 22.58014 ], [ -89.76481, 22.57705 ], [ -89.76257, 22.58114 ], [ -89.76192, 22.58014 ] ] ], [ [ [ -89.76049, 22.58122 ], [ -89.75846, 22.57535 ], [ -89.75965, 22.5753 ], [ -89.76049, 22.58122 ] ] ], [ [ [ -89.75516, 22.56585 ], [ -89.75753, 22.57012 ], [ -89.75295, 22.58248 ], [ -89.75097, 22.57874 ], [ -89.75516, 22.56585 ] ] ], [ [ [ -89.66548, 22.55208 ], [ -89.61914, 22.49546 ], [ -89.60855, 22.45367 ], [ -89.61157, 22.42685 ], [ -89.63079, 22.38511 ], [ -89.64684, 22.36863 ], [ -89.66021, 22.36545 ], [ -89.66128, 22.37121 ], [ -89.65116, 22.37634 ], [ -89.64714, 22.3882 ], [ -89.65267, 22.39064 ], [ -89.65307, 22.38087 ], [ -89.66291, 22.37257 ], [ -89.65869, 22.39009 ], [ -89.66329, 22.38468 ], [ -89.68716, 22.39762 ], [ -89.67979, 22.38664 ], [ -89.68483, 22.3791 ], [ -89.69291, 22.38144 ], [ -89.68755, 22.38891 ], [ -89.70215, 22.40845 ], [ -89.72986, 22.42097 ], [ -89.72334, 22.42486 ], [ -89.68967, 22.41603 ], [ -89.7016, 22.43246 ], [ -89.72912, 22.43674 ], [ -89.71261, 22.45408 ], [ -89.72958, 22.45829 ], [ -89.71433, 22.46495 ], [ -89.71821, 22.47215 ], [ -89.72589, 22.46449 ], [ -89.73163, 22.46887 ], [ -89.7235, 22.48162 ], [ -89.72865, 22.48486 ], [ -89.73436, 22.47396 ], [ -89.73255, 22.48609 ], [ -89.70526, 22.49503 ], [ -89.7139, 22.50055 ], [ -89.71591, 22.53141 ], [ -89.72609, 22.53284 ], [ -89.71947, 22.52685 ], [ -89.72764, 22.52161 ], [ -89.73854, 22.5345 ], [ -89.73206, 22.53738 ], [ -89.74392, 22.54861 ], [ -89.74636, 22.54301 ], [ -89.75329, 22.54714 ], [ -89.74463, 22.54086 ], [ -89.74423, 22.52332 ], [ -89.75643, 22.53939 ], [ -89.75657, 22.52447 ], [ -89.76979, 22.52052 ], [ -89.77074, 22.5136 ], [ -89.78112, 22.50988 ], [ -89.78969, 22.50399 ], [ -89.79549, 22.51508 ], [ -89.79412, 22.53474 ], [ -89.78288, 22.55311 ], [ -89.77452, 22.56019 ], [ -89.76164, 22.55974 ], [ -89.74872, 22.56768 ], [ -89.74387, 22.57752 ], [ -89.75104, 22.58536 ], [ -89.69759, 22.57152 ], [ -89.66548, 22.55208 ] ] ] ] } },
{ "type": "Feature", "properties": { "CVEGEO": "32", "CVE_ENT": "32", "NOMGEO": "Zacatecas" }, "geometry": { "type": "Polygon", "coordinates": [ [ [ -102.29548, 25.12519 ], [ -102.23762, 25.11846 ], [ -102.08181, 25.0707 ], [ -101.84881, 25.01762 ], [ -101.8319, 24.97217 ], [ -101.77346, 24.87554 ], [ -101.68515, 24.84001 ], [ -101.65633, 24.86079 ], [ -101.60126, 24.83556 ], [ -101.60901, 24.78966 ], [ -101.64077, 24.8007 ], [ -101.62227, 24.75898 ], [ -101.46164, 24.73676 ], [ -101.41265, 24.77206 ], [ -101.40216, 24.78822 ], [ -101.34214, 24.81335 ], [ -101.21504, 24.77517 ], [ -101.1818, 24.73901 ], [ -101.16465, 24.68156 ], [ -101.12762, 24.62336 ], [ -101.0805, 24.59119 ], [ -100.95879, 24.54268 ], [ -100.90223, 24.58392 ], [ -100.84781, 24.55562 ], [ -100.79993, 24.55619 ], [ -100.74232, 24.46044 ], [ -100.85038, 24.34354 ], [ -100.94529, 24.2812 ], [ -101.00667, 24.33583 ], [ -101.0113, 24.35796 ], [ -101.00328, 24.36801 ], [ -101.00987, 24.38512 ], [ -100.99767, 24.4073 ], [ -100.98823, 24.40955 ], [ -100.98733, 24.43252 ], [ -101.01269, 24.39082 ], [ -101.0654, 24.20702 ], [ -101.17323, 24.16414 ], [ -101.21675, 24.15973 ], [ -101.1925, 23.91856 ], [ -101.77512, 23.44763 ], [ -102.01194, 23.37275 ], [ -102.12253, 23.35386 ], [ -102.1688, 23.36103 ], [ -102.16861, 23.39891 ], [ -102.19134, 23.40139 ], [ -102.19362, 23.4476 ], [ -102.23815, 23.4469 ], [ -102.25361, 23.36496 ], [ -102.26826, 23.34228 ], [ -102.29604, 23.3205 ], [ -102.26458, 23.29009 ], [ -102.26953, 23.27991 ], [ -102.2547, 23.28083 ], [ -102.24107, 23.31498 ], [ -102.2316, 23.31512 ], [ -102.24467, 23.27677 ], [ -102.2528, 23.27124 ], [ -102.28583, 23.27332 ], [ -102.28937, 23.23169 ], [ -102.23946, 23.20949 ], [ -102.24097, 23.16938 ], [ -102.21415, 23.13132 ], [ -102.24973, 23.07546 ], [ -102.26005, 23.04592 ], [ -102.23808, 23.04764 ], [ -102.19213, 22.8649 ], [ -102.1249, 22.78295 ], [ -101.93976, 22.64573 ], [ -101.85328, 22.65603 ], [ -101.87296, 22.56307 ], [ -101.81989, 22.55129 ], [ -101.83714, 22.49969 ], [ -101.79928, 22.47056 ], [ -101.78336, 22.46503 ], [ -101.77154, 22.48816 ], [ -101.73536, 22.48021 ], [ -101.74618, 22.50869 ], [ -101.69602, 22.52042 ], [ -101.67475, 22.50654 ], [ -101.65991, 22.50532 ], [ -101.59008, 22.58904 ], [ -101.59529, 22.62407 ], [ -101.58773, 22.62661 ], [ -101.57382, 22.61282 ], [ -101.5674, 22.65678 ], [ -101.497, 22.70154 ], [ -101.49096, 22.74288 ], [ -101.41108, 22.74768 ], [ -101.34923, 22.71178 ], [ -101.38002, 22.67583 ], [ -101.35938, 22.65353 ], [ -101.33694, 22.65876 ], [ -101.33387, 22.64211 ], [ -101.30571, 22.60993 ], [ -101.28752, 22.55981 ], [ -101.29632, 22.53548 ], [ -101.28573, 22.50786 ], [ -101.31538, 22.46965 ], [ -101.31373, 22.45349 ], [ -101.37479, 22.45646 ], [ -101.38191, 22.35749 ], [ -101.43297, 22.36328 ], [ -101.43513, 22.34153 ], [ -101.41973, 22.31504 ], [ -101.39143, 22.2999 ], [ -101.39815, 22.28143 ], [ -101.409, 22.28044 ], [ -101.41626, 22.26735 ], [ -101.3768, 22.26166 ], [ -101.35285, 22.2292 ], [ -101.32425, 22.20989 ], [ -101.35131, 22.17676 ], [ -101.33769, 22.14352 ], [ -101.32774, 22.14411 ], [ -101.35424, 22.07174 ], [ -101.34659, 22.04969 ], [ -101.36101, 22.041 ], [ -101.37708, 22.04496 ], [ -101.36974, 22.02752 ], [ -101.38069, 22.02876 ], [ -101.38276, 22.02074 ], [ -101.36569, 22.01855 ], [ -101.35168, 22.04379 ], [ -101.3309, 22.03532 ], [ -101.32721, 22.0215 ], [ -101.33924, 22.01499 ], [ -101.33777, 22.02513 ], [ -101.34857, 22.02807 ], [ -101.35244, 22.01308 ], [ -101.34474, 22.01414 ], [ -101.3453, 22.00588 ], [ -101.3294, 22.00717 ], [ -101.32651, 21.99973 ], [ -101.37337, 21.99025 ], [ -101.39715, 21.96776 ], [ -101.40516, 21.94849 ], [ -101.42917, 21.93436 ], [ -101.41023, 21.90869 ], [ -101.4346, 21.89707 ], [ -101.4418, 21.90934 ], [ -101.44067, 21.89272 ], [ -101.46646, 21.88022 ], [ -101.46808, 21.87027 ], [ -101.4832, 21.86768 ], [ -101.48609, 21.84189 ], [ -101.50352, 21.83012 ], [ -101.49633, 21.80994 ], [ -101.51054, 21.79906 ], [ -101.52204, 21.81802 ], [ -101.52782, 21.80918 ], [ -101.53701, 21.81046 ], [ -101.54823, 21.83409 ], [ -101.56596, 21.84203 ], [ -101.56981, 21.91708 ], [ -101.59585, 21.90996 ], [ -101.61671, 21.92945 ], [ -101.62895, 21.9109 ], [ -101.6507, 21.90768 ], [ -101.65914, 21.94159 ], [ -101.68291, 21.96289 ], [ -101.71066, 21.97394 ], [ -101.70912, 21.97993 ], [ -101.73232, 21.99507 ], [ -101.72997, 22.00214 ], [ -101.74663, 22.01206 ], [ -101.77763, 22.0073 ], [ -101.78443, 22.0241 ], [ -101.80426, 22.02525 ], [ -101.80144, 22.031 ], [ -101.81567, 22.01998 ], [ -101.86167, 22.02888 ], [ -101.85519, 22.04651 ], [ -101.86428, 22.04151 ], [ -101.98603, 22.12083 ], [ -102.02592, 22.12977 ], [ -102.01708, 22.15396 ], [ -102.04522, 22.15373 ], [ -102.02947, 22.16867 ], [ -102.00099, 22.16811 ], [ -101.99972, 22.23366 ], [ -102.00247, 22.24144 ], [ -102.02249, 22.24159 ], [ -102.03727, 22.29898 ], [ -102.05121, 22.29121 ], [ -102.07563, 22.30607 ], [ -102.10525, 22.28079 ], [ -102.15323, 22.29041 ], [ -102.14985, 22.34718 ], [ -102.18072, 22.3504 ], [ -102.17738, 22.36243 ], [ -102.21198, 22.36247 ], [ -102.21199, 22.3727 ], [ -102.2532, 22.37449 ], [ -102.2503, 22.38722 ], [ -102.27398, 22.41433 ], [ -102.29008, 22.41992 ], [ -102.29831, 22.45959 ], [ -102.3118, 22.45692 ], [ -102.32136, 22.38853 ], [ -102.36288, 22.38875 ], [ -102.35925, 22.38495 ], [ -102.37844, 22.36088 ], [ -102.46864, 22.35188 ], [ -102.47119, 22.33625 ], [ -102.46102, 22.33176 ], [ -102.46066, 22.32369 ], [ -102.4702, 22.30921 ], [ -102.50127, 22.30427 ], [ -102.50663, 22.29381 ], [ -102.52704, 22.2909 ], [ -102.66874, 22.29187 ], [ -102.67002, 22.2457 ], [ -102.6393, 22.22604 ], [ -102.6516, 22.19314 ], [ -102.66931, 22.19402 ], [ -102.66672, 22.18094 ], [ -102.67589, 22.17557 ], [ -102.66942, 22.15959 ], [ -102.68612, 22.13791 ], [ -102.69087, 22.10656 ], [ -102.75581, 22.07366 ], [ -102.76099, 22.04629 ], [ -102.80105, 22.00394 ], [ -102.82322, 21.95554 ], [ -102.83825, 21.9393 ], [ -102.86338, 21.86377 ], [ -102.87418, 21.85277 ], [ -102.85805, 21.83323 ], [ -102.84731, 21.83341 ], [ -102.85335, 21.79905 ], [ -102.84225, 21.80476 ], [ -102.8424, 21.79853 ], [ -102.83126, 21.79725 ], [ -102.81692, 21.76648 ], [ -102.7453, 21.72005 ], [ -102.76649, 21.68693 ], [ -102.80528, 21.67128 ], [ -102.77341, 21.65831 ], [ -102.78361, 21.64669 ], [ -102.76474, 21.59606 ], [ -102.73741, 21.58676 ], [ -102.72951, 21.59306 ], [ -102.7171, 21.57131 ], [ -102.6951, 21.57291 ], [ -102.69641, 21.54303 ], [ -102.63073, 21.53398 ], [ -102.64217, 21.51872 ], [ -102.62484, 21.50141 ], [ -102.63667, 21.47712 ], [ -102.64907, 21.4742 ], [ -102.64788, 21.46254 ], [ -102.63613, 21.46291 ], [ -102.65501, 21.44665 ], [ -102.65213, 21.41221 ], [ -102.65967, 21.41088 ], [ -102.64684, 21.39422 ], [ -102.63814, 21.39324 ], [ -102.64259, 21.3672 ], [ -102.67778, 21.34089 ], [ -102.69506, 21.34074 ], [ -102.71326, 21.37977 ], [ -102.72913, 21.38736 ], [ -102.72796, 21.35709 ], [ -102.75777, 21.33919 ], [ -102.75528, 21.32316 ], [ -102.77182, 21.31601 ], [ -102.78892, 21.32951 ], [ -102.7985, 21.30691 ], [ -102.81196, 21.32372 ], [ -102.8176, 21.31854 ], [ -102.81516, 21.29467 ], [ -102.8371, 21.30341 ], [ -102.84878, 21.29318 ], [ -102.84483, 21.27733 ], [ -102.8594, 21.27048 ], [ -102.86365, 21.25276 ], [ -102.87286, 21.25516 ], [ -102.87657, 21.23663 ], [ -102.88366, 21.24181 ], [ -102.89167, 21.23351 ], [ -102.90303, 21.23519 ], [ -102.91065, 21.20523 ], [ -102.94781, 21.2146 ], [ -102.94629, 21.23444 ], [ -102.97905, 21.23973 ], [ -102.9969, 21.25968 ], [ -103.01118, 21.25537 ], [ -103.01701, 21.24105 ], [ -103.0265, 21.24212 ], [ -103.02977, 21.25107 ], [ -103.04588, 21.24943 ], [ -103.04489, 21.26237 ], [ -103.0655, 21.25581 ], [ -103.05699, 21.24679 ], [ -103.07753, 21.21545 ], [ -103.06924, 21.20993 ], [ -103.08431, 21.19406 ], [ -103.07138, 21.15293 ], [ -103.07812, 21.14001 ], [ -103.0985, 21.12849 ], [ -103.09174, 21.11582 ], [ -103.07365, 21.10995 ], [ -103.07579, 21.09689 ], [ -103.06521, 21.10433 ], [ -103.05648, 21.09932 ], [ -103.08842, 21.06574 ], [ -103.12332, 21.0668 ], [ -103.12931, 21.05328 ], [ -103.16288, 21.07289 ], [ -103.18837, 21.07066 ], [ -103.18845, 21.08515 ], [ -103.2096, 21.09422 ], [ -103.23259, 21.07909 ], [ -103.25823, 21.08307 ], [ -103.2572, 21.07073 ], [ -103.27573, 21.05145 ], [ -103.29656, 21.06484 ], [ -103.30189, 21.05458 ], [ -103.33032, 21.0545 ], [ -103.33886, 21.04187 ], [ -103.3685, 21.05157 ], [ -103.37661, 21.0659 ], [ -103.38551, 21.06739 ], [ -103.38786, 21.07922 ], [ -103.39759, 21.08299 ], [ -103.39631, 21.0991 ], [ -103.42322, 21.12408 ], [ -103.41627, 21.13728 ], [ -103.42858, 21.14672 ], [ -103.46926, 21.14336 ], [ -103.50405, 21.12774 ], [ -103.51096, 21.14622 ], [ -103.53146, 21.14198 ], [ -103.52979, 21.13409 ], [ -103.55445, 21.11658 ], [ -103.59044, 21.12752 ], [ -103.60198, 21.15167 ], [ -103.61406, 21.15693 ], [ -103.61136, 21.17874 ], [ -103.61863, 21.18878 ], [ -103.63337, 21.19125 ], [ -103.66732, 21.21605 ], [ -103.66335, 21.22416 ], [ -103.6402, 21.22207 ], [ -103.63947, 21.27753 ], [ -103.63399, 21.28229 ], [ -103.65819, 21.28043 ], [ -103.66668, 21.29047 ], [ -103.69751, 21.28286 ], [ -103.71621, 21.26787 ], [ -103.72084, 21.30796 ], [ -103.70508, 21.3255 ], [ -103.6774, 21.31991 ], [ -103.66362, 21.33813 ], [ -103.61872, 21.34448 ], [ -103.61695, 21.35341 ], [ -103.58868, 21.34219 ], [ -103.57845, 21.33023 ], [ -103.56859, 21.33762 ], [ -103.56763, 21.35222 ], [ -103.55737, 21.34813 ], [ -103.50996, 21.35489 ], [ -103.51308, 21.36407 ], [ -103.50392, 21.37684 ], [ -103.53359, 21.42061 ], [ -103.5387, 21.44477 ], [ -103.56041, 21.43022 ], [ -103.56772, 21.4393 ], [ -103.57588, 21.43615 ], [ -103.58639, 21.39237 ], [ -103.59531, 21.39091 ], [ -103.62291, 21.41311 ], [ -103.61932, 21.42403 ], [ -103.62653, 21.43448 ], [ -103.6342, 21.43926 ], [ -103.65031, 21.4346 ], [ -103.66079, 21.44158 ], [ -103.6647, 21.45487 ], [ -103.65874, 21.4637 ], [ -103.70146, 21.46627 ], [ -103.69178, 21.4956 ], [ -103.67258, 21.50545 ], [ -103.69449, 21.52889 ], [ -103.68629, 21.53505 ], [ -103.68979, 21.55235 ], [ -103.6832, 21.55772 ], [ -103.65832, 21.55591 ], [ -103.66004, 21.56479 ], [ -103.64488, 21.57645 ], [ -103.62979, 21.57335 ], [ -103.619, 21.55686 ], [ -103.59292, 21.55923 ], [ -103.5905, 21.58979 ], [ -103.55889, 21.5764 ], [ -103.54522, 21.58764 ], [ -103.55549, 21.63408 ], [ -103.5408, 21.66529 ], [ -103.52671, 21.67556 ], [ -103.51785, 21.71147 ], [ -103.50984, 21.71301 ], [ -103.50847, 21.73974 ], [ -103.52789, 21.77233 ], [ -103.54326, 21.77112 ], [ -103.56076, 21.78028 ], [ -103.57263, 21.80349 ], [ -103.52606, 21.80507 ], [ -103.53143, 21.81784 ], [ -103.50282, 21.83307 ], [ -103.48251, 21.81326 ], [ -103.47053, 21.81354 ], [ -103.47236, 21.836 ], [ -103.46673, 21.83996 ], [ -103.45536, 21.8328 ], [ -103.45133, 21.85392 ], [ -103.41387, 21.90546 ], [ -103.39434, 21.89669 ], [ -103.3748, 21.91368 ], [ -103.34408, 21.91347 ], [ -103.34135, 21.9404 ], [ -103.27856, 21.98965 ], [ -103.26472, 21.97184 ], [ -103.24475, 21.9666 ], [ -103.24682, 21.97595 ], [ -103.23997, 21.97672 ], [ -103.20557, 21.96519 ], [ -103.19181, 21.97445 ], [ -103.20166, 21.99857 ], [ -103.16566, 21.99681 ], [ -103.11149, 22.01426 ], [ -103.10791, 22.0634 ], [ -103.15429, 22.07224 ], [ -103.15278, 22.08762 ], [ -103.13509, 22.09046 ], [ -103.12559, 22.10479 ], [ -103.1017, 22.1018 ], [ -103.07702, 22.1255 ], [ -103.07875, 22.13705 ], [ -103.1088, 22.14434 ], [ -103.10254, 22.1536 ], [ -103.10869, 22.15342 ], [ -103.10145, 22.17862 ], [ -103.10606, 22.19136 ], [ -103.0882, 22.20438 ], [ -103.07104, 22.20354 ], [ -103.07193, 22.21197 ], [ -103.05477, 22.21383 ], [ -103.05233, 22.22065 ], [ -103.06207, 22.22827 ], [ -103.05546, 22.24726 ], [ -103.07827, 22.2571 ], [ -103.08296, 22.27708 ], [ -103.10099, 22.29397 ], [ -103.19057, 22.29853 ], [ -103.20192, 22.2803 ], [ -103.22062, 22.28047 ], [ -103.20823, 22.33308 ], [ -103.19409, 22.33198 ], [ -103.16859, 22.35462 ], [ -103.16642, 22.37059 ], [ -103.17405, 22.37776 ], [ -103.16858, 22.38501 ], [ -103.18936, 22.39025 ], [ -103.19877, 22.3806 ], [ -103.20393, 22.40407 ], [ -103.21341, 22.41007 ], [ -103.23212, 22.39339 ], [ -103.25219, 22.39895 ], [ -103.26025, 22.41186 ], [ -103.28523, 22.41424 ], [ -103.3005, 22.39299 ], [ -103.30918, 22.39201 ], [ -103.31458, 22.40491 ], [ -103.32929, 22.38454 ], [ -103.33964, 22.3855 ], [ -103.35314, 22.36939 ], [ -103.36472, 22.36954 ], [ -103.36668, 22.35104 ], [ -103.36255, 22.33635 ], [ -103.34296, 22.33512 ], [ -103.36376, 22.31448 ], [ -103.35009, 22.30746 ], [ -103.35569, 22.2798 ], [ -103.33838, 22.28751 ], [ -103.32771, 22.30736 ], [ -103.30688, 22.30628 ], [ -103.29779, 22.29834 ], [ -103.30784, 22.28171 ], [ -103.30532, 22.26566 ], [ -103.31394, 22.25871 ], [ -103.2951, 22.25329 ], [ -103.31193, 22.23326 ], [ -103.3377, 22.24516 ], [ -103.38303, 22.22701 ], [ -103.38566, 22.21253 ], [ -103.40896, 22.21536 ], [ -103.41723, 22.19048 ], [ -103.43412, 22.19076 ], [ -103.41969, 22.17748 ], [ -103.42918, 22.16218 ], [ -103.42593, 22.13942 ], [ -103.43829, 22.12885 ], [ -103.4395, 22.11764 ], [ -103.45494, 22.11531 ], [ -103.45918, 22.10588 ], [ -103.47318, 22.10553 ], [ -103.4793, 22.11479 ], [ -103.48613, 22.10653 ], [ -103.4956, 22.11051 ], [ -103.50156, 22.10556 ], [ -103.5159, 22.10992 ], [ -103.51455, 22.12911 ], [ -103.54274, 22.12061 ], [ -103.55022, 22.13568 ], [ -103.56014, 22.13659 ], [ -103.57995, 22.12683 ], [ -103.58112, 22.10487 ], [ -103.59404, 22.11165 ], [ -103.6047, 22.09794 ], [ -103.6204, 22.09849 ], [ -103.62853, 22.10633 ], [ -103.64795, 22.1005 ], [ -103.68385, 22.10921 ], [ -103.67737, 22.11871 ], [ -103.69029, 22.13009 ], [ -103.65447, 22.17194 ], [ -103.65776, 22.18384 ], [ -103.6309, 22.23892 ], [ -103.5949, 22.27308 ], [ -103.63779, 22.29523 ], [ -103.64475, 22.31497 ], [ -103.64211, 22.34087 ], [ -103.6048, 22.34014 ], [ -103.61069, 22.35984 ], [ -103.60284, 22.3609 ], [ -103.59756, 22.37453 ], [ -103.59402, 22.40721 ], [ -103.57842, 22.4105 ], [ -103.55919, 22.42843 ], [ -103.57253, 22.43754 ], [ -103.57083, 22.46917 ], [ -103.5806, 22.4774 ], [ -103.57933, 22.4962 ], [ -103.5946, 22.50545 ], [ -103.58373, 22.52197 ], [ -103.59933, 22.52637 ], [ -103.60276, 22.55679 ], [ -103.62238, 22.56357 ], [ -103.65157, 22.55648 ], [ -103.66101, 22.54714 ], [ -103.67259, 22.56113 ], [ -103.68179, 22.5548 ], [ -103.72656, 22.57415 ], [ -103.73845, 22.57196 ], [ -103.7445, 22.5585 ], [ -103.75924, 22.55167 ], [ -103.7691, 22.55579 ], [ -103.78566, 22.51046 ], [ -103.78698, 22.47777 ], [ -103.81018, 22.42729 ], [ -103.81115, 22.37675 ], [ -103.84543, 22.34276 ], [ -103.82862, 22.28661 ], [ -103.84487, 22.26255 ], [ -103.84408, 22.22207 ], [ -103.86294, 22.16688 ], [ -103.88509, 22.19642 ], [ -103.88614, 22.22618 ], [ -103.91788, 22.26197 ], [ -103.91015, 22.28333 ], [ -103.92612, 22.33207 ], [ -103.90786, 22.36205 ], [ -103.89574, 22.36411 ], [ -103.89873, 22.37958 ], [ -103.88345, 22.39002 ], [ -103.8862, 22.4002 ], [ -103.86931, 22.40126 ], [ -103.86693, 22.40938 ], [ -103.86598, 22.41523 ], [ -103.88062, 22.41816 ], [ -103.87318, 22.42476 ], [ -103.8947, 22.43816 ], [ -103.8761, 22.44118 ], [ -103.88537, 22.47353 ], [ -103.87107, 22.47247 ], [ -103.86399, 22.49144 ], [ -103.86421, 22.51346 ], [ -103.87519, 22.52158 ], [ -103.86688, 22.5447 ], [ -103.8518, 22.55362 ], [ -103.86072, 22.56762 ], [ -103.8196, 22.59558 ], [ -103.77345, 22.6115 ], [ -103.76086, 22.6258 ], [ -103.76846, 22.64333 ], [ -103.75867, 22.65842 ], [ -103.7632, 22.67702 ], [ -103.75131, 22.69505 ], [ -103.75199, 22.71165 ], [ -103.75481, 22.71955 ], [ -103.76907, 22.72039 ], [ -103.77174, 22.73329 ], [ -103.81917, 22.72833 ], [ -103.82661, 22.73494 ], [ -103.83621, 22.72801 ], [ -103.87511, 22.73716 ], [ -103.89833, 22.72828 ], [ -103.90934, 22.75012 ], [ -103.96805, 22.74692 ], [ -103.97201, 22.74165 ], [ -103.97434, 22.74702 ], [ -103.98911, 22.74184 ], [ -103.99193, 22.748 ], [ -104.01193, 22.74793 ], [ -104.05591, 22.72398 ], [ -104.04775, 22.71215 ], [ -104.06415, 22.70696 ], [ -104.05916, 22.69206 ], [ -104.07248, 22.701 ], [ -104.07045, 22.69061 ], [ -104.04751, 22.6856 ], [ -104.05448, 22.67814 ], [ -104.03424, 22.67052 ], [ -104.03083, 22.67906 ], [ -104.01551, 22.66891 ], [ -104.03329, 22.63411 ], [ -104.02701, 22.61318 ], [ -104.01807, 22.59699 ], [ -103.98622, 22.5909 ], [ -103.99017, 22.57304 ], [ -104.00084, 22.56678 ], [ -103.97233, 22.54511 ], [ -103.99888, 22.5436 ], [ -104.00557, 22.5366 ], [ -103.98723, 22.52884 ], [ -103.99126, 22.52327 ], [ -103.98065, 22.5151 ], [ -103.9662, 22.51723 ], [ -103.96341, 22.50804 ], [ -103.93441, 22.49992 ], [ -103.93308, 22.48909 ], [ -103.93981, 22.48894 ], [ -103.92939, 22.4761 ], [ -103.93779, 22.4752 ], [ -103.93795, 22.46276 ], [ -103.94933, 22.46179 ], [ -103.95866, 22.45109 ], [ -103.96057, 22.43318 ], [ -103.97556, 22.43619 ], [ -103.98639, 22.41483 ], [ -104.00591, 22.40868 ], [ -104.00325, 22.38993 ], [ -104.01513, 22.36481 ], [ -104.04875, 22.37644 ], [ -104.06748, 22.36141 ], [ -104.09735, 22.35782 ], [ -104.09489, 22.37631 ], [ -104.08441, 22.37445 ], [ -104.07539, 22.38313 ], [ -104.08101, 22.38978 ], [ -104.07682, 22.40719 ], [ -104.07128, 22.42224 ], [ -104.06164, 22.4258 ], [ -104.06224, 22.45128 ], [ -104.05152, 22.46739 ], [ -104.05659, 22.4928 ], [ -104.07171, 22.503 ], [ -104.0688, 22.522 ], [ -104.08802, 22.53337 ], [ -104.10352, 22.53109 ], [ -104.1208, 22.51705 ], [ -104.11257, 22.50923 ], [ -104.11351, 22.49661 ], [ -104.14309, 22.50465 ], [ -104.15041, 22.51628 ], [ -104.15835, 22.50933 ], [ -104.16316, 22.51444 ], [ -104.17805, 22.5053 ], [ -104.19023, 22.50761 ], [ -104.2017, 22.48696 ], [ -104.21483, 22.48416 ], [ -104.19887, 22.48046 ], [ -104.20492, 22.47191 ], [ -104.1973, 22.47712 ], [ -104.18996, 22.46825 ], [ -104.18573, 22.47141 ], [ -104.18498, 22.46462 ], [ -104.19987, 22.45631 ], [ -104.1951, 22.44763 ], [ -104.16749, 22.44515 ], [ -104.17886, 22.42743 ], [ -104.16709, 22.38762 ], [ -104.19304, 22.39912 ], [ -104.20704, 22.4217 ], [ -104.22075, 22.4211 ], [ -104.24098, 22.41277 ], [ -104.25834, 22.38466 ], [ -104.25474, 22.34879 ], [ -104.29208, 22.34396 ], [ -104.28574, 22.35637 ], [ -104.29313, 22.36513 ], [ -104.35166, 22.38919 ], [ -104.35177, 22.40776 ], [ -104.33094, 22.4242 ], [ -104.3306, 22.43223 ], [ -104.32019, 22.43009 ], [ -104.29613, 22.47299 ], [ -104.32582, 22.5374 ], [ -104.31409, 22.54073 ], [ -104.30569, 22.55789 ], [ -104.28885, 22.55297 ], [ -104.27817, 22.58307 ], [ -104.26141, 22.5862 ], [ -104.26053, 22.59617 ], [ -104.28302, 22.62038 ], [ -104.26927, 22.63582 ], [ -104.28962, 22.64446 ], [ -104.28066, 22.65374 ], [ -104.28801, 22.66579 ], [ -104.27512, 22.68108 ], [ -104.27763, 22.70241 ], [ -104.26271, 22.71764 ], [ -104.26915, 22.72086 ], [ -104.26634, 22.73654 ], [ -104.23207, 22.7531 ], [ -104.22574, 22.77831 ], [ -104.2, 22.77668 ], [ -104.18218, 22.75827 ], [ -104.13926, 22.76842 ], [ -104.11938, 22.76226 ], [ -104.1072, 22.7686 ], [ -104.09529, 22.75924 ], [ -104.08048, 22.76662 ], [ -104.10022, 22.79483 ], [ -104.09523, 22.80584 ], [ -104.11148, 22.81031 ], [ -104.10431, 22.8336 ], [ -104.11683, 22.85095 ], [ -104.1063, 22.85689 ], [ -104.1075, 22.8848 ], [ -104.11774, 22.89771 ], [ -104.11264, 22.90512 ], [ -104.13299, 22.90496 ], [ -104.13596, 22.91812 ], [ -104.15112, 22.92214 ], [ -104.1541, 22.93784 ], [ -104.16659, 22.94522 ], [ -104.16285, 22.9753 ], [ -104.17361, 22.98244 ], [ -104.17213, 23.12841 ], [ -104.12902, 23.18221 ], [ -104.11121, 23.35121 ], [ -104.08627, 23.39863 ], [ -104.06598, 23.46349 ], [ -103.92531, 23.55698 ], [ -103.91627, 23.56573 ], [ -103.92147, 23.58918 ], [ -103.91228, 23.58812 ], [ -103.91193, 23.57608 ], [ -103.89009, 23.57983 ], [ -103.90687, 23.60187 ], [ -103.89901, 23.60397 ], [ -103.88252, 23.59227 ], [ -103.87345, 23.62047 ], [ -103.87743, 23.62897 ], [ -103.84918, 23.64008 ], [ -103.8113, 23.61365 ], [ -103.79354, 23.63086 ], [ -103.7851, 23.67656 ], [ -103.85108, 23.6796 ], [ -103.84101, 23.70124 ], [ -103.86236, 23.75264 ], [ -103.83509, 23.78509 ], [ -103.82027, 23.79188 ], [ -103.81607, 23.80765 ], [ -103.83119, 23.82466 ], [ -103.83262, 23.84893 ], [ -103.84975, 23.86257 ], [ -103.85311, 23.87462 ], [ -103.8308, 23.9078 ], [ -103.81836, 23.96491 ], [ -103.83395, 23.96964 ], [ -103.8388, 23.96482 ], [ -103.85028, 23.98884 ], [ -103.87239, 24.00702 ], [ -103.84783, 24.00324 ], [ -103.84313, 24.02697 ], [ -103.81327, 24.02197 ], [ -103.81028, 24.04009 ], [ -103.79977, 24.05056 ], [ -103.66036, 24.14933 ], [ -103.63597, 24.11029 ], [ -103.62201, 24.11746 ], [ -103.60577, 24.15115 ], [ -103.55954, 24.19379 ], [ -103.56552, 24.21141 ], [ -103.55649, 24.242 ], [ -103.56835, 24.28637 ], [ -103.53124, 24.29391 ], [ -103.50676, 24.28796 ], [ -103.50455, 24.29577 ], [ -103.485, 24.30093 ], [ -103.48406, 24.31834 ], [ -103.4627, 24.32047 ], [ -103.44834, 24.3326 ], [ -103.43052, 24.36015 ], [ -103.42515, 24.38786 ], [ -103.43024, 24.40891 ], [ -103.41933, 24.43049 ], [ -103.40981, 24.42628 ], [ -103.39406, 24.4321 ], [ -103.3862, 24.42296 ], [ -103.32393, 24.42651 ], [ -103.31025, 24.43566 ], [ -103.28265, 24.42884 ], [ -103.26452, 24.43458 ], [ -103.25353, 24.44725 ], [ -103.23398, 24.43584 ], [ -103.23664, 24.42706 ], [ -103.22283, 24.4171 ], [ -103.20209, 24.42447 ], [ -103.18195, 24.4199 ], [ -103.17546, 24.43326 ], [ -103.16526, 24.4352 ], [ -103.15773, 24.42784 ], [ -103.13171, 24.42468 ], [ -103.09853, 24.40163 ], [ -103.08751, 24.43603 ], [ -103.07508, 24.42262 ], [ -103.04315, 24.4665 ], [ -102.98357, 24.43326 ], [ -102.96744, 24.4577 ], [ -102.90011, 24.4285 ], [ -102.89189, 24.46112 ], [ -102.86062, 24.43449 ], [ -102.86501, 24.43031 ], [ -102.85389, 24.42436 ], [ -102.8459, 24.39808 ], [ -102.83174, 24.38469 ], [ -102.78885, 24.40625 ], [ -102.75665, 24.37698 ], [ -102.6999, 24.37397 ], [ -102.61856, 24.39638 ], [ -102.60659, 24.41117 ], [ -102.53393, 24.40772 ], [ -102.52015, 24.42393 ], [ -102.48027, 24.42801 ], [ -102.47313, 24.44521 ], [ -102.487, 24.44423 ], [ -102.47981, 24.49045 ], [ -102.51218, 24.70972 ], [ -102.56537, 24.86636 ], [ -102.56624, 24.90222 ], [ -102.67306, 24.94275 ], [ -102.67298, 24.97882 ], [ -102.64296, 24.97865 ], [ -102.62888, 25.00832 ], [ -102.64955, 25.02796 ], [ -102.65242, 25.04523 ], [ -102.66969, 25.06664 ], [ -102.44676, 24.99952 ], [ -102.46333, 25.11592 ], [ -102.29548, 25.12519 ] ] ] } }
]
}
