tabla,seccion,variable,fila,descripcion,pregunta_o_categoria,tipo,rango_o_codigo,longitud
VIVIENDAS,IDENTIFICACIÓN GEOGRÁFICA,CVEGEO,variable,Clave geoestadística integrada,Clave geoestadística integrada,Carácter,{01001..32058},5
VIVIENDAS,IDENTIFICACIÓN GEOGRÁFICA,CVE_ENT,variable,Entidad federativa,Clave del Área Geoestadística Estatal,Carácter,{01..32},2
VIVIENDAS,IDENTIFICACIÓN GEOGRÁFICA,CVE_MUN,variable,Municipio o demarcación territorial,Clave del Área Geoestadística Municipal,Carácter,{001..570},3
VIVIENDAS,IDENTIFICACIÓN GEOGRÁFICA,LOC50K,variable,Clave de la localidad de 50 000 y más habitantes,Clave de la localidad de 50 000 y más habitantes,Carácter,{0000..9999},4
VIVIENDAS,IDENTIFICACIÓN GEOGRÁFICA,LOC50K,categoria,,Localidad menor de 50 000 habitantes,,0000,
VIVIENDAS,IDENTIFICACIÓN GEOGRÁFICA,LOC50K,categoria,,Localidad de 50 000 y más habitantes,,0001..9999,
VIVIENDAS,LLAVE ÚNICA DE VIVIENDA,ID_VIV,variable,Identificador único de la vivienda,Identificador único de vivienda,Carácter,{010010000001..320589999999},12
VIVIENDAS,REGISTROS IMPUTADOS,TIPO_REG,variable,Registro imputado,Identificador de registros imputados,Carácter,"{0, 1}",1
VIVIENDAS,REGISTROS IMPUTADOS,TIPO_REG,categoria,,Encuestado,,0,
VIVIENDAS,REGISTROS IMPUTADOS,TIPO_REG,categoria,,Imputado,,1,
VIVIENDAS,DISEÑO MUESTRAL,COBERTURA,variable,Tipo de cobertura en el municipio,Tipo de cobertura en el municipio,Carácter,{1..3},1
VIVIENDAS,DISEÑO MUESTRAL,COBERTURA,categoria,,Municipio censado,,1,
VIVIENDAS,DISEÑO MUESTRAL,COBERTURA,categoria,,Municipio muestreado,,2,
VIVIENDAS,DISEÑO MUESTRAL,COBERTURA,categoria,,Municipio con muestra insuficiente,,3,
VIVIENDAS,DISEÑO MUESTRAL,ESTRATO,variable,Estrato,Estrato,Carácter,{Alfanumérico},15
VIVIENDAS,DISEÑO MUESTRAL,UPM,variable,Unidad Primaria de Muestreo,Unidad Primaria de Muestreo,Carácter,{Alfanumérico},5
VIVIENDAS,DISEÑO MUESTRAL,FACTOR,variable,Factor de Expansión,Factor de expansión,Numérico,{1..99999},5
VIVIENDAS,CLASE DE VIVIENDA PARTICULAR,CLAVIVP,variable,Clase de vivienda particular,Clase de vivienda particular,Carácter,"{01..09, 99}",2
VIVIENDAS,CLASE DE VIVIENDA PARTICULAR,CLAVIVP,categoria,,Casa única en el terreno,,01,
VIVIENDAS,CLASE DE VIVIENDA PARTICULAR,CLAVIVP,categoria,,Casa que comparte terreno con otra(s),,02,
VIVIENDAS,CLASE DE VIVIENDA PARTICULAR,CLAVIVP,categoria,,Casa dúplex,,03,
VIVIENDAS,CLASE DE VIVIENDA PARTICULAR,CLAVIVP,categoria,,Departamento en edificio,,04,
VIVIENDAS,CLASE DE VIVIENDA PARTICULAR,CLAVIVP,categoria,,Vivienda en vecindad o cuartería,,05,
VIVIENDAS,CLASE DE VIVIENDA PARTICULAR,CLAVIVP,categoria,,Vivienda en cuarto de azotea de un edificio,,06,
VIVIENDAS,CLASE DE VIVIENDA PARTICULAR,CLAVIVP,categoria,,Local no construido para habitación,,07,
VIVIENDAS,CLASE DE VIVIENDA PARTICULAR,CLAVIVP,categoria,,Vivienda móvil,,08,
VIVIENDAS,CLASE DE VIVIENDA PARTICULAR,CLAVIVP,categoria,,Refugio,,09,
VIVIENDAS,CLASE DE VIVIENDA PARTICULAR,CLAVIVP,categoria,,No especificado de vivienda particular,,99,
VIVIENDAS,CARACTERÍSTICAS DE LA VIVIENDA,PAREDES,variable,Paredes,¿De qué material es la mayor parte de las paredes o muros de esta vivienda?,Carácter,"{1..8, 9, Nulo}",1
VIVIENDAS,CARACTERÍSTICAS DE LA VIVIENDA,PAREDES,categoria,,Material de desecho,,1,
VIVIENDAS,CARACTERÍSTICAS DE LA VIVIENDA,PAREDES,categoria,,Lámina de cartón,,2,
VIVIENDAS,CARACTERÍSTICAS DE LA VIVIENDA,PAREDES,categoria,,Lámina de asbesto o metálica,,3,
VIVIENDAS,CARACTERÍSTICAS DE LA VIVIENDA,PAREDES,categoria,,"Carrizo, bambú o palma",,4,
VIVIENDAS,CARACTERÍSTICAS DE LA VIVIENDA,PAREDES,categoria,,Embarro o bajareque,,5,
VIVIENDAS,CARACTERÍSTICAS DE LA VIVIENDA,PAREDES,categoria,,Madera,,6,
VIVIENDAS,CARACTERÍSTICAS DE LA VIVIENDA,PAREDES,categoria,,Adobe,,7,
VIVIENDAS,CARACTERÍSTICAS DE LA VIVIENDA,PAREDES,categoria,,"Tabique, ladrillo, block, piedra, cantera, cemento o concreto",,8,
VIVIENDAS,CARACTERÍSTICAS DE LA VIVIENDA,PAREDES,categoria,,No especificado,,9,
VIVIENDAS,CARACTERÍSTICAS DE LA VIVIENDA,PAREDES,categoria,,Blanco por pase,,Nulo,
VIVIENDAS,CARACTERÍSTICAS DE LA VIVIENDA,TECHOS,variable,Techos,¿De qué material es la mayor parte del techo de esta vivienda?,Carácter,"{01..10, 99, Nulo}",2
VIVIENDAS,CARACTERÍSTICAS DE LA VIVIENDA,TECHOS,categoria,,Material de desecho,,01,
VIVIENDAS,CARACTERÍSTICAS DE LA VIVIENDA,TECHOS,categoria,,Lámina de cartón,,02,
VIVIENDAS,CARACTERÍSTICAS DE LA VIVIENDA,TECHOS,categoria,,Lámina metálica,,03,
VIVIENDAS,CARACTERÍSTICAS DE LA VIVIENDA,TECHOS,categoria,,Lámina de asbesto,,04,
VIVIENDAS,CARACTERÍSTICAS DE LA VIVIENDA,TECHOS,categoria,,Lámina de fibrocemento,,05,
VIVIENDAS,CARACTERÍSTICAS DE LA VIVIENDA,TECHOS,categoria,,Palma o paja,,06,
VIVIENDAS,CARACTERÍSTICAS DE LA VIVIENDA,TECHOS,categoria,,Madera o tejamanil,,07,
VIVIENDAS,CARACTERÍSTICAS DE LA VIVIENDA,TECHOS,categoria,,Terrado con viguería,,08,
VIVIENDAS,CARACTERÍSTICAS DE LA VIVIENDA,TECHOS,categoria,,Teja,,09,
VIVIENDAS,CARACTERÍSTICAS DE LA VIVIENDA,TECHOS,categoria,,Losa de concreto o viguetas con bovedilla,,10,
VIVIENDAS,CARACTERÍSTICAS DE LA VIVIENDA,TECHOS,categoria,,No especificado,,99,
VIVIENDAS,CARACTERÍSTICAS DE LA VIVIENDA,TECHOS,categoria,,Blanco por pase,,Nulo,
VIVIENDAS,CARACTERÍSTICAS DE LA VIVIENDA,PISOS,variable,Pisos,¿De qué material es la mayor parte del piso de esta vivienda?,Carácter,"{1..3, 9, Nulo}",1
VIVIENDAS,CARACTERÍSTICAS DE LA VIVIENDA,PISOS,categoria,,Tierra,,1,
VIVIENDAS,CARACTERÍSTICAS DE LA VIVIENDA,PISOS,categoria,,Cemento o firme,,2,
VIVIENDAS,CARACTERÍSTICAS DE LA VIVIENDA,PISOS,categoria,,"Madera, mosaico u otro recubrimiento",,3,
VIVIENDAS,CARACTERÍSTICAS DE LA VIVIENDA,PISOS,categoria,,No especificado,,9,
VIVIENDAS,CARACTERÍSTICAS DE LA VIVIENDA,PISOS,categoria,,Blanco por pase,,Nulo,
VIVIENDAS,CARACTERÍSTICAS DE LA VIVIENDA,COCINA,variable,Cocina,¿Esta vivienda tiene un cuarto para cocinar?,Carácter,"{1, 3, 9, Nulo}",1
VIVIENDAS,CARACTERÍSTICAS DE LA VIVIENDA,COCINA,categoria,,Sí,,1,
VIVIENDAS,CARACTERÍSTICAS DE LA VIVIENDA,COCINA,categoria,,No,,3,
VIVIENDAS,CARACTERÍSTICAS DE LA VIVIENDA,COCINA,categoria,,No especificado,,9,
VIVIENDAS,CARACTERÍSTICAS DE LA VIVIENDA,COCINA,categoria,,Blanco por pase,,Nulo,
VIVIENDAS,CARACTERÍSTICAS DE LA VIVIENDA,CUADORM,variable,Dormitorios,¿Cuántos cuartos se usan para dormir sin contar pasillos?,Numérico,"{1..25, 99, Nulo}",2
VIVIENDAS,CARACTERÍSTICAS DE LA VIVIENDA,CUADORM,categoria,,Número de cuartos dormitorio,,1..25,
VIVIENDAS,CARACTERÍSTICAS DE LA VIVIENDA,CUADORM,categoria,,No especificado,,99,
VIVIENDAS,CARACTERÍSTICAS DE LA VIVIENDA,CUADORM,categoria,,Blanco por pase,,Nulo,
VIVIENDAS,CARACTERÍSTICAS DE LA VIVIENDA,TOTCUART,variable,Cuartos,¿Cuántos cuartos tiene en total esta vivienda contando la cocina? (No cuente pasillos ni baños),Numérico,"{1..25, 99, Nulo}",2
VIVIENDAS,CARACTERÍSTICAS DE LA VIVIENDA,TOTCUART,categoria,,Número de cuartos en la vivienda,,1..25,
VIVIENDAS,CARACTERÍSTICAS DE LA VIVIENDA,TOTCUART,categoria,,No especificado,,99,
VIVIENDAS,CARACTERÍSTICAS DE LA VIVIENDA,TOTCUART,categoria,,Blanco por pase,,Nulo,
VIVIENDAS,CARACTERÍSTICAS DE LA VIVIENDA,LUG_COC,variable,Lugar donde cocinan,¿El espacio para cocinar o preparar alimentos está:,Carácter,"{1..6, 9, Nulo}",1
VIVIENDAS,CARACTERÍSTICAS DE LA VIVIENDA,LUG_COC,categoria,,al interior de la vivienda?,,1,
VIVIENDAS,CARACTERÍSTICAS DE LA VIVIENDA,LUG_COC,categoria,,en un cuarto separado de la vivienda?,,2,
VIVIENDAS,CARACTERÍSTICAS DE LA VIVIENDA,LUG_COC,categoria,,en un pasillo o corredor fuera de la vivienda?,,3,
VIVIENDAS,CARACTERÍSTICAS DE LA VIVIENDA,LUG_COC,categoria,,en un tejabán o techito?,,4,
VIVIENDAS,CARACTERÍSTICAS DE LA VIVIENDA,LUG_COC,categoria,,al aire libre?,,5,
VIVIENDAS,CARACTERÍSTICAS DE LA VIVIENDA,LUG_COC,categoria,,¿No tiene un espacio para cocinar?,,6,
VIVIENDAS,CARACTERÍSTICAS DE LA VIVIENDA,LUG_COC,categoria,,No especificado,,9,
VIVIENDAS,CARACTERÍSTICAS DE LA VIVIENDA,LUG_COC,categoria,,Blanco por pase,,Nulo,
VIVIENDAS,CARACTERÍSTICAS DE LA VIVIENDA,COMBUSTIBLE,variable,Combustible,¿El combustible que más usan para cocinar es:,Carácter,"{1..5, 9, Nulo}",1
VIVIENDAS,CARACTERÍSTICAS DE LA VIVIENDA,COMBUSTIBLE,categoria,,leña o carbón?,,1,
VIVIENDAS,CARACTERÍSTICAS DE LA VIVIENDA,COMBUSTIBLE,categoria,,gas?,,2,
VIVIENDAS,CARACTERÍSTICAS DE LA VIVIENDA,COMBUSTIBLE,categoria,,electricidad?,,3,
VIVIENDAS,CARACTERÍSTICAS DE LA VIVIENDA,COMBUSTIBLE,categoria,,¿Otro combustible?,,4,
VIVIENDAS,CARACTERÍSTICAS DE LA VIVIENDA,COMBUSTIBLE,categoria,,¿No cocinan?,,5,
VIVIENDAS,CARACTERÍSTICAS DE LA VIVIENDA,COMBUSTIBLE,categoria,,No especificado,,9,
VIVIENDAS,CARACTERÍSTICAS DE LA VIVIENDA,COMBUSTIBLE,categoria,,Blanco por pase,,Nulo,
VIVIENDAS,CARACTERÍSTICAS DE LA VIVIENDA,ESTUFA,variable,Fogón con chimenea,"¿El fogón (anafre, estufa, comal) donde cocinan con leña o carbón:",Carácter,"{1, 3, 9, Nulo}",1
VIVIENDAS,CARACTERÍSTICAS DE LA VIVIENDA,ESTUFA,categoria,,tiene un tubo o chimenea para sacar el humo?,,1,
VIVIENDAS,CARACTERÍSTICAS DE LA VIVIENDA,ESTUFA,categoria,,no tiene tubo o chimenea para sacar el humo?,,3,
VIVIENDAS,CARACTERÍSTICAS DE LA VIVIENDA,ESTUFA,categoria,,No especificado,,9,
VIVIENDAS,CARACTERÍSTICAS DE LA VIVIENDA,ESTUFA,categoria,,Blanco por pase,,Nulo,
VIVIENDAS,CARACTERÍSTICAS DE LA VIVIENDA,ELECTRICIDAD,variable,Electricidad,¿Hay luz eléctrica en esta vivienda?,Carácter,"{1, 3, 9, Nulo}",1
VIVIENDAS,CARACTERÍSTICAS DE LA VIVIENDA,ELECTRICIDAD,categoria,,Sí,,1,
VIVIENDAS,CARACTERÍSTICAS DE LA VIVIENDA,ELECTRICIDAD,categoria,,No,,3,
VIVIENDAS,CARACTERÍSTICAS DE LA VIVIENDA,ELECTRICIDAD,categoria,,No especificado,,9,
VIVIENDAS,CARACTERÍSTICAS DE LA VIVIENDA,ELECTRICIDAD,categoria,,Blanco por pase,,Nulo,
VIVIENDAS,CARACTERÍSTICAS DE LA VIVIENDA,AGUA_ENTUBADA,variable,Agua entubada,¿El agua la obtienen de llaves o mangueras que están:,Carácter,"{1..3, 9, Nulo}",1
VIVIENDAS,CARACTERÍSTICAS DE LA VIVIENDA,AGUA_ENTUBADA,categoria,,dentro de la vivienda?,,1,
VIVIENDAS,CARACTERÍSTICAS DE LA VIVIENDA,AGUA_ENTUBADA,categoria,,solo en el patio o terreno?,,2,
VIVIENDAS,CARACTERÍSTICAS DE LA VIVIENDA,AGUA_ENTUBADA,categoria,,¿No tienen agua entubada?,,3,
VIVIENDAS,CARACTERÍSTICAS DE LA VIVIENDA,AGUA_ENTUBADA,categoria,,No especificado,,9,
VIVIENDAS,CARACTERÍSTICAS DE LA VIVIENDA,AGUA_ENTUBADA,categoria,,Blanco por pase,,Nulo,
VIVIENDAS,CARACTERÍSTICAS DE LA VIVIENDA,ABA_AGUA_ENTU,variable,Abastecimiento de agua,¿El agua que usan en su vivienda proviene:,Carácter,"{1..7, 9, Nulo}",1
VIVIENDAS,CARACTERÍSTICAS DE LA VIVIENDA,ABA_AGUA_ENTU,categoria,,del servicio público de agua?,,1,
VIVIENDAS,CARACTERÍSTICAS DE LA VIVIENDA,ABA_AGUA_ENTU,categoria,,de un pozo comunitario?,,2,
VIVIENDAS,CARACTERÍSTICAS DE LA VIVIENDA,ABA_AGUA_ENTU,categoria,,de un pozo particular?,,3,
VIVIENDAS,CARACTERÍSTICAS DE LA VIVIENDA,ABA_AGUA_ENTU,categoria,,de una pipa?,,4,
VIVIENDAS,CARACTERÍSTICAS DE LA VIVIENDA,ABA_AGUA_ENTU,categoria,,de otra vivienda?,,5,
VIVIENDAS,CARACTERÍSTICAS DE LA VIVIENDA,ABA_AGUA_ENTU,categoria,,de la lluvia?,,6,
VIVIENDAS,CARACTERÍSTICAS DE LA VIVIENDA,ABA_AGUA_ENTU,categoria,,de otro lugar?,,7,
VIVIENDAS,CARACTERÍSTICAS DE LA VIVIENDA,ABA_AGUA_ENTU,categoria,,No especificado,,9,
VIVIENDAS,CARACTERÍSTICAS DE LA VIVIENDA,ABA_AGUA_ENTU,categoria,,Blanco por pase,,Nulo,
VIVIENDAS,CARACTERÍSTICAS DE LA VIVIENDA,ABA_AGUA_NO_ENTU,variable,Agua no entubada,"Entonces, ¿acarrean el agua de:",Carácter,"{1..6, 9, Nulo}",1
VIVIENDAS,CARACTERÍSTICAS DE LA VIVIENDA,ABA_AGUA_NO_ENTU,categoria,,un pozo?,,1,
VIVIENDAS,CARACTERÍSTICAS DE LA VIVIENDA,ABA_AGUA_NO_ENTU,categoria,,una llave comunitaria?,,2,
VIVIENDAS,CARACTERÍSTICAS DE LA VIVIENDA,ABA_AGUA_NO_ENTU,categoria,,otra vivienda?,,3,
VIVIENDAS,CARACTERÍSTICAS DE LA VIVIENDA,ABA_AGUA_NO_ENTU,categoria,,"un río, arroyo o lago?",,4,
VIVIENDAS,CARACTERÍSTICAS DE LA VIVIENDA,ABA_AGUA_NO_ENTU,categoria,,¿La trae una pipa?,,5,
VIVIENDAS,CARACTERÍSTICAS DE LA VIVIENDA,ABA_AGUA_NO_ENTU,categoria,,¿La captan de la lluvia?,,6,
VIVIENDAS,CARACTERÍSTICAS DE LA VIVIENDA,ABA_AGUA_NO_ENTU,categoria,,No especificado,,9,
VIVIENDAS,CARACTERÍSTICAS DE LA VIVIENDA,ABA_AGUA_NO_ENTU,categoria,,Blanco por pase,,Nulo,
VIVIENDAS,CARACTERÍSTICAS DE LA VIVIENDA,ABA_AGUA_NO_ENTU,categoria,,¿En esta vivienda tienen:,,,
VIVIENDAS,CARACTERÍSTICAS DE LA VIVIENDA,TINACO,variable,Tinaco (Equipamiento),tinaco?,Carácter,"{1, 2, 9, Nulo}",1
VIVIENDAS,CARACTERÍSTICAS DE LA VIVIENDA,TINACO,categoria,,Sí,,1,
VIVIENDAS,CARACTERÍSTICAS DE LA VIVIENDA,TINACO,categoria,,No,,2,
VIVIENDAS,CARACTERÍSTICAS DE LA VIVIENDA,TINACO,categoria,,No especificado,,9,
VIVIENDAS,CARACTERÍSTICAS DE LA VIVIENDA,TINACO,categoria,,Blanco por pase,,Nulo,
VIVIENDAS,CARACTERÍSTICAS DE LA VIVIENDA,CISTERNA,variable,Cisterna o aljibe (Equipamiento),cisterna o aljibe?,Carácter,"{3, 4, 9, Nulo}",1
VIVIENDAS,CARACTERÍSTICAS DE LA VIVIENDA,CISTERNA,categoria,,Sí,,3,
VIVIENDAS,CARACTERÍSTICAS DE LA VIVIENDA,CISTERNA,categoria,,No,,4,
VIVIENDAS,CARACTERÍSTICAS DE LA VIVIENDA,CISTERNA,categoria,,No especificado,,9,
VIVIENDAS,CARACTERÍSTICAS DE LA VIVIENDA,CISTERNA,categoria,,Blanco por pase,,Nulo,
VIVIENDAS,CARACTERÍSTICAS DE LA VIVIENDA,BOMBA_AGUA,variable,Bomba de agua (Equipamiento),bomba de agua?,Carácter,"{5, 6, 9, Nulo}",1
VIVIENDAS,CARACTERÍSTICAS DE LA VIVIENDA,BOMBA_AGUA,categoria,,Sí,,5,
VIVIENDAS,CARACTERÍSTICAS DE LA VIVIENDA,BOMBA_AGUA,categoria,,No,,6,
VIVIENDAS,CARACTERÍSTICAS DE LA VIVIENDA,BOMBA_AGUA,categoria,,No especificado,,9,
VIVIENDAS,CARACTERÍSTICAS DE LA VIVIENDA,BOMBA_AGUA,categoria,,Blanco por pase,,Nulo,
VIVIENDAS,CARACTERÍSTICAS DE LA VIVIENDA,REGADERA,variable,Regadera (Equipamiento),regadera?,Carácter,"{7..9, Nulo}",1
VIVIENDAS,CARACTERÍSTICAS DE LA VIVIENDA,REGADERA,categoria,,Sí,,7,
VIVIENDAS,CARACTERÍSTICAS DE LA VIVIENDA,REGADERA,categoria,,No,,8,
VIVIENDAS,CARACTERÍSTICAS DE LA VIVIENDA,REGADERA,categoria,,No especificado,,9,
VIVIENDAS,CARACTERÍSTICAS DE LA VIVIENDA,REGADERA,categoria,,Blanco por pase,,Nulo,
VIVIENDAS,CARACTERÍSTICAS DE LA VIVIENDA,BOILER,variable,Boiler o calentador de agua (Equipamiento),"boiler o calentador de agua? (Gas, eléctrico, leña)",Carácter,"{1, 2, 9, Nulo}",1
VIVIENDAS,CARACTERÍSTICAS DE LA VIVIENDA,BOILER,categoria,,Sí,,1,
VIVIENDAS,CARACTERÍSTICAS DE LA VIVIENDA,BOILER,categoria,,No,,2,
VIVIENDAS,CARACTERÍSTICAS DE LA VIVIENDA,BOILER,categoria,,No especificado,,9,
VIVIENDAS,CARACTERÍSTICAS DE LA VIVIENDA,BOILER,categoria,,Blanco por pase,,Nulo,
VIVIENDAS,CARACTERÍSTICAS DE LA VIVIENDA,CALENTADOR_SOLAR,variable,Calentador solar de agua (Equipamiento),calentador solar de agua?,Carácter,"{3, 4, 9, Nulo}",1
VIVIENDAS,CARACTERÍSTICAS DE LA VIVIENDA,CALENTADOR_SOLAR,categoria,,Sí,,3,
VIVIENDAS,CARACTERÍSTICAS DE LA VIVIENDA,CALENTADOR_SOLAR,categoria,,No,,4,
VIVIENDAS,CARACTERÍSTICAS DE LA VIVIENDA,CALENTADOR_SOLAR,categoria,,No especificado,,9,
VIVIENDAS,CARACTERÍSTICAS DE LA VIVIENDA,CALENTADOR_SOLAR,categoria,,Blanco por pase,,Nulo,
VIVIENDAS,CARACTERÍSTICAS DE LA VIVIENDA,AIRE_ACON,variable,Aire acondicionado (Equipamiento),aire acondicionado?,Carácter,"{5, 6, 9, Nulo}",1
VIVIENDAS,CARACTERÍSTICAS DE LA VIVIENDA,AIRE_ACON,categoria,,Sí,,5,
VIVIENDAS,CARACTERÍSTICAS DE LA VIVIENDA,AIRE_ACON,categoria,,No,,6,
VIVIENDAS,CARACTERÍSTICAS DE LA VIVIENDA,AIRE_ACON,categoria,,No especificado,,9,
VIVIENDAS,CARACTERÍSTICAS DE LA VIVIENDA,AIRE_ACON,categoria,,Blanco por pase,,Nulo,
VIVIENDAS,CARACTERÍSTICAS DE LA VIVIENDA,PANEL_SOLAR,variable,Panel solar para tener electricidad (Equipamiento),panel solar para tener electricidad?,Carácter,"{7..9, Nulo}",1
VIVIENDAS,CARACTERÍSTICAS DE LA VIVIENDA,PANEL_SOLAR,categoria,,Sí,,7,
VIVIENDAS,CARACTERÍSTICAS DE LA VIVIENDA,PANEL_SOLAR,categoria,,No,,8,
VIVIENDAS,CARACTERÍSTICAS DE LA VIVIENDA,PANEL_SOLAR,categoria,,No especificado,,9,
VIVIENDAS,CARACTERÍSTICAS DE LA VIVIENDA,PANEL_SOLAR,categoria,,Blanco por pase,,Nulo,
VIVIENDAS,CARACTERÍSTICAS DE LA VIVIENDA,SERSAN,variable,Sanitario,¿Tienen:,Carácter,"{1..3, 9, Nulo}",1
VIVIENDAS,CARACTERÍSTICAS DE LA VIVIENDA,SERSAN,categoria,,taza de baño (excusado o sanitario)?,,1,
VIVIENDAS,CARACTERÍSTICAS DE LA VIVIENDA,SERSAN,categoria,,letrina (pozo u hoyo)?,,2,
VIVIENDAS,CARACTERÍSTICAS DE LA VIVIENDA,SERSAN,categoria,,¿No tienen taza de baño ni letrina?,,3,
VIVIENDAS,CARACTERÍSTICAS DE LA VIVIENDA,SERSAN,categoria,,No especificado,,9,
VIVIENDAS,CARACTERÍSTICAS DE LA VIVIENDA,SERSAN,categoria,,Blanco por pase,,Nulo,
VIVIENDAS,CARACTERÍSTICAS DE LA VIVIENDA,CONAGUA,variable,Admisión de agua en el sanitario,¿La taza de baño (letrina):,Carácter,"{1..3, 9, Nulo}",1
VIVIENDAS,CARACTERÍSTICAS DE LA VIVIENDA,CONAGUA,categoria,,tiene descarga directa de agua?,,1,
VIVIENDAS,CARACTERÍSTICAS DE LA VIVIENDA,CONAGUA,categoria,,le echan agua con cubeta?,,2,
VIVIENDAS,CARACTERÍSTICAS DE LA VIVIENDA,CONAGUA,categoria,,¿No se le puede echar agua?,,3,
VIVIENDAS,CARACTERÍSTICAS DE LA VIVIENDA,CONAGUA,categoria,,No especificado,,9,
VIVIENDAS,CARACTERÍSTICAS DE LA VIVIENDA,CONAGUA,categoria,,Blanco por pase,,Nulo,
VIVIENDAS,CARACTERÍSTICAS DE LA VIVIENDA,DRENAJE,variable,Drenaje,¿Esta vivienda tiene drenaje o desagüe conectado a:,Carácter,"{1..5, 9, Nulo}",1
VIVIENDAS,CARACTERÍSTICAS DE LA VIVIENDA,DRENAJE,categoria,,la red pública?,,1,
VIVIENDAS,CARACTERÍSTICAS DE LA VIVIENDA,DRENAJE,categoria,,una fosa séptica o tanque séptico (biodigestor)?,,2,
VIVIENDAS,CARACTERÍSTICAS DE LA VIVIENDA,DRENAJE,categoria,,una tubería que va a dar a una barranca o grieta?,,3,
VIVIENDAS,CARACTERÍSTICAS DE LA VIVIENDA,DRENAJE,categoria,,"una tubería que va a dar a un río, lago o mar?",,4,
VIVIENDAS,CARACTERÍSTICAS DE LA VIVIENDA,DRENAJE,categoria,,¿No tiene drenaje?,,5,
VIVIENDAS,CARACTERÍSTICAS DE LA VIVIENDA,DRENAJE,categoria,,No especificado,,9,
VIVIENDAS,CARACTERÍSTICAS DE LA VIVIENDA,DRENAJE,categoria,,Blanco por pase,,Nulo,
VIVIENDAS,CARACTERÍSTICAS DE LA VIVIENDA,DRENAJE,categoria,,¿En esta vivienda acostumbran:,,,
VIVIENDAS,CARACTERÍSTICAS DE LA VIVIENDA,SEPARACION1,variable,Separación de basura orgánica e inorgánica,separar la basura en orgánica e inorgánica?,Carácter,"{1, 2, 9, Nulo}",1
VIVIENDAS,CARACTERÍSTICAS DE LA VIVIENDA,SEPARACION1,categoria,,Sí,,1,
VIVIENDAS,CARACTERÍSTICAS DE LA VIVIENDA,SEPARACION1,categoria,,No,,2,
VIVIENDAS,CARACTERÍSTICAS DE LA VIVIENDA,SEPARACION1,categoria,,No especificado,,9,
VIVIENDAS,CARACTERÍSTICAS DE LA VIVIENDA,SEPARACION1,categoria,,Blanco por pase,,Nulo,
VIVIENDAS,CARACTERÍSTICAS DE LA VIVIENDA,SEPARACION2,variable,Separación de desperdicios para alimentar animales,separar desperdicios para alimentar animales?,Carácter,"{3, 4, 9, Nulo}",1
VIVIENDAS,CARACTERÍSTICAS DE LA VIVIENDA,SEPARACION2,categoria,,Sí,,3,
VIVIENDAS,CARACTERÍSTICAS DE LA VIVIENDA,SEPARACION2,categoria,,No,,4,
VIVIENDAS,CARACTERÍSTICAS DE LA VIVIENDA,SEPARACION2,categoria,,No especificado,,9,
VIVIENDAS,CARACTERÍSTICAS DE LA VIVIENDA,SEPARACION2,categoria,,Blanco por pase,,Nulo,
VIVIENDAS,CARACTERÍSTICAS DE LA VIVIENDA,SEPARACION3,variable,Separación de desperdicios para echarlos a las plantas,separar desperdicios para echarlos a las plantas?,Carácter,"{5, 6, 9, Nulo}",1
VIVIENDAS,CARACTERÍSTICAS DE LA VIVIENDA,SEPARACION3,categoria,,Sí,,5,
VIVIENDAS,CARACTERÍSTICAS DE LA VIVIENDA,SEPARACION3,categoria,,No,,6,
VIVIENDAS,CARACTERÍSTICAS DE LA VIVIENDA,SEPARACION3,categoria,,No especificado,,9,
VIVIENDAS,CARACTERÍSTICAS DE LA VIVIENDA,SEPARACION3,categoria,,Blanco por pase,,Nulo,
VIVIENDAS,CARACTERÍSTICAS DE LA VIVIENDA,SEPARACION4,variable,"Separación de desperdicios para vender, regalar, donar o reutilizar","separar cartón, latas o plástico para vender, regalar, donar o reutilizar?",Carácter,"{7..9, Nulo}",1
VIVIENDAS,CARACTERÍSTICAS DE LA VIVIENDA,SEPARACION4,categoria,,Sí,,7,
VIVIENDAS,CARACTERÍSTICAS DE LA VIVIENDA,SEPARACION4,categoria,,No,,8,
VIVIENDAS,CARACTERÍSTICAS DE LA VIVIENDA,SEPARACION4,categoria,,No especificado,,9,
VIVIENDAS,CARACTERÍSTICAS DE LA VIVIENDA,SEPARACION4,categoria,,Blanco por pase,,Nulo,
VIVIENDAS,CARACTERÍSTICAS DE LA VIVIENDA,DESTINO_BAS,variable,Eliminación de basura,¿La basura de esta vivienda:,Carácter,"{1..6, 9, Nulo}",1
VIVIENDAS,CARACTERÍSTICAS DE LA VIVIENDA,DESTINO_BAS,categoria,,se la dan a un camión o carrito recolector de basura?,,1,
VIVIENDAS,CARACTERÍSTICAS DE LA VIVIENDA,DESTINO_BAS,categoria,,la dejan en un contenedor o depósito?,,2,
VIVIENDAS,CARACTERÍSTICAS DE LA VIVIENDA,DESTINO_BAS,categoria,,la queman?,,3,
VIVIENDAS,CARACTERÍSTICAS DE LA VIVIENDA,DESTINO_BAS,categoria,,la entierran?,,4,
VIVIENDAS,CARACTERÍSTICAS DE LA VIVIENDA,DESTINO_BAS,categoria,,la llevan al basurero público?,,5,
VIVIENDAS,CARACTERÍSTICAS DE LA VIVIENDA,DESTINO_BAS,categoria,,"la tiran en otro lugar? (Calle, baldío, barranca, río)",,6,
VIVIENDAS,CARACTERÍSTICAS DE LA VIVIENDA,DESTINO_BAS,categoria,,No especificado,,9,
VIVIENDAS,CARACTERÍSTICAS DE LA VIVIENDA,DESTINO_BAS,categoria,,Blanco por pase,,Nulo,
VIVIENDAS,CARACTERÍSTICAS DE LA VIVIENDA,DESTINO_BAS,categoria,,¿En esta vivienda tienen:,,,
VIVIENDAS,CARACTERÍSTICAS DE LA VIVIENDA,REFRIGERADOR,variable,Refrigerador (Bienes y TIC),refrigerador?,Carácter,"{1, 2, 9, Nulo}",1
VIVIENDAS,CARACTERÍSTICAS DE LA VIVIENDA,REFRIGERADOR,categoria,,Sí,,1,
VIVIENDAS,CARACTERÍSTICAS DE LA VIVIENDA,REFRIGERADOR,categoria,,No,,2,
VIVIENDAS,CARACTERÍSTICAS DE LA VIVIENDA,REFRIGERADOR,categoria,,No especificado,,9,
VIVIENDAS,CARACTERÍSTICAS DE LA VIVIENDA,REFRIGERADOR,categoria,,Blanco por pase,,Nulo,
VIVIENDAS,CARACTERÍSTICAS DE LA VIVIENDA,LAVADORA,variable,Lavadora (Bienes y TIC),lavadora?,Carácter,"{3, 4, 9, Nulo}",1
VIVIENDAS,CARACTERÍSTICAS DE LA VIVIENDA,LAVADORA,categoria,,Sí,,3,
VIVIENDAS,CARACTERÍSTICAS DE LA VIVIENDA,LAVADORA,categoria,,No,,4,
VIVIENDAS,CARACTERÍSTICAS DE LA VIVIENDA,LAVADORA,categoria,,No especificado,,9,
VIVIENDAS,CARACTERÍSTICAS DE LA VIVIENDA,LAVADORA,categoria,,Blanco por pase,,Nulo,
VIVIENDAS,CARACTERÍSTICAS DE LA VIVIENDA,HORNO,variable,Horno de microondas (Bienes y TIC),horno de microondas?,Carácter,"{5, 6, 9, Nulo}",1
VIVIENDAS,CARACTERÍSTICAS DE LA VIVIENDA,HORNO,categoria,,Sí,,5,
VIVIENDAS,CARACTERÍSTICAS DE LA VIVIENDA,HORNO,categoria,,No,,6,
VIVIENDAS,CARACTERÍSTICAS DE LA VIVIENDA,HORNO,categoria,,No especificado,,9,
VIVIENDAS,CARACTERÍSTICAS DE LA VIVIENDA,HORNO,categoria,,Blanco por pase,,Nulo,
VIVIENDAS,CARACTERÍSTICAS DE LA VIVIENDA,AUTOPROP,variable,Automóvil o camioneta (Bienes y TIC),automóvil o camioneta?,Carácter,"{7..9, Nulo}",1
VIVIENDAS,CARACTERÍSTICAS DE LA VIVIENDA,AUTOPROP,categoria,,Sí,,7,
VIVIENDAS,CARACTERÍSTICAS DE LA VIVIENDA,AUTOPROP,categoria,,No,,8,
VIVIENDAS,CARACTERÍSTICAS DE LA VIVIENDA,AUTOPROP,categoria,,No especificado,,9,
VIVIENDAS,CARACTERÍSTICAS DE LA VIVIENDA,AUTOPROP,categoria,,Blanco por pase,,Nulo,
VIVIENDAS,CARACTERÍSTICAS DE LA VIVIENDA,MOTOCICLETA,variable,Motocicleta o motoneta (Bienes y TIC),motocicleta o motoneta?,Carácter,"{1, 2, 9, Nulo}",1
VIVIENDAS,CARACTERÍSTICAS DE LA VIVIENDA,MOTOCICLETA,categoria,,Sí,,1,
VIVIENDAS,CARACTERÍSTICAS DE LA VIVIENDA,MOTOCICLETA,categoria,,No,,2,
VIVIENDAS,CARACTERÍSTICAS DE LA VIVIENDA,MOTOCICLETA,categoria,,No especificado,,9,
VIVIENDAS,CARACTERÍSTICAS DE LA VIVIENDA,MOTOCICLETA,categoria,,Blanco por pase,,Nulo,
VIVIENDAS,CARACTERÍSTICAS DE LA VIVIENDA,BICICLETA,variable,Bicicleta como medio de transporte (Bienes y TIC),bicicleta que se utilice como medio de transporte?,Carácter,"{3, 4, 9, Nulo}",1
VIVIENDAS,CARACTERÍSTICAS DE LA VIVIENDA,BICICLETA,categoria,,Sí,,3,
VIVIENDAS,CARACTERÍSTICAS DE LA VIVIENDA,BICICLETA,categoria,,No,,4,
VIVIENDAS,CARACTERÍSTICAS DE LA VIVIENDA,BICICLETA,categoria,,No especificado,,9,
VIVIENDAS,CARACTERÍSTICAS DE LA VIVIENDA,BICICLETA,categoria,,Blanco por pase,,Nulo,
VIVIENDAS,CARACTERÍSTICAS DE LA VIVIENDA,RADIO,variable,Radio (Bienes y TIC),algún aparato o dispositivo para oír radio?,Carácter,"{5, 6, 9, Nulo}",1
VIVIENDAS,CARACTERÍSTICAS DE LA VIVIENDA,RADIO,categoria,,Sí,,5,
VIVIENDAS,CARACTERÍSTICAS DE LA VIVIENDA,RADIO,categoria,,No,,6,
VIVIENDAS,CARACTERÍSTICAS DE LA VIVIENDA,RADIO,categoria,,No especificado,,9,
VIVIENDAS,CARACTERÍSTICAS DE LA VIVIENDA,RADIO,categoria,,Blanco por pase,,Nulo,
VIVIENDAS,CARACTERÍSTICAS DE LA VIVIENDA,TELEVISOR,variable,Televisor (Bienes y TIC),televisor?,Carácter,"{7..9, Nulo}",1
VIVIENDAS,CARACTERÍSTICAS DE LA VIVIENDA,TELEVISOR,categoria,,Sí,,7,
VIVIENDAS,CARACTERÍSTICAS DE LA VIVIENDA,TELEVISOR,categoria,,No,,8,
VIVIENDAS,CARACTERÍSTICAS DE LA VIVIENDA,TELEVISOR,categoria,,No especificado,,9,
VIVIENDAS,CARACTERÍSTICAS DE LA VIVIENDA,TELEVISOR,categoria,,Blanco por pase,,Nulo,
VIVIENDAS,CARACTERÍSTICAS DE LA VIVIENDA,COMPUTADORA,variable,"Computadora, laptop o tablet (Bienes y TIC)","computadora, laptop o tablet?",Carácter,"{1, 2, 9, Nulo}",1
VIVIENDAS,CARACTERÍSTICAS DE LA VIVIENDA,COMPUTADORA,categoria,,Sí,,1,
VIVIENDAS,CARACTERÍSTICAS DE LA VIVIENDA,COMPUTADORA,categoria,,No,,2,
VIVIENDAS,CARACTERÍSTICAS DE LA VIVIENDA,COMPUTADORA,categoria,,No especificado,,9,
VIVIENDAS,CARACTERÍSTICAS DE LA VIVIENDA,COMPUTADORA,categoria,,Blanco por pase,,Nulo,
VIVIENDAS,CARACTERÍSTICAS DE LA VIVIENDA,TELEFONO,variable,Línea telefónica fija (Bienes y TIC),línea telefónica fija?,Carácter,"{3, 4, 9, Nulo}",1
VIVIENDAS,CARACTERÍSTICAS DE LA VIVIENDA,TELEFONO,categoria,,Sí,,3,
VIVIENDAS,CARACTERÍSTICAS DE LA VIVIENDA,TELEFONO,categoria,,No,,4,
VIVIENDAS,CARACTERÍSTICAS DE LA VIVIENDA,TELEFONO,categoria,,No especificado,,9,
VIVIENDAS,CARACTERÍSTICAS DE LA VIVIENDA,TELEFONO,categoria,,Blanco por pase,,Nulo,
VIVIENDAS,CARACTERÍSTICAS DE LA VIVIENDA,CELULAR,variable,Teléfono celular (Bienes y TIC),teléfono celular?,Carácter,"{5, 6, 9, Nulo}",1
VIVIENDAS,CARACTERÍSTICAS DE LA VIVIENDA,CELULAR,categoria,,Sí,,5,
VIVIENDAS,CARACTERÍSTICAS DE LA VIVIENDA,CELULAR,categoria,,No,,6,
VIVIENDAS,CARACTERÍSTICAS DE LA VIVIENDA,CELULAR,categoria,,No especificado,,9,
VIVIENDAS,CARACTERÍSTICAS DE LA VIVIENDA,CELULAR,categoria,,Blanco por pase,,Nulo,
VIVIENDAS,CARACTERÍSTICAS DE LA VIVIENDA,INTERNET,variable,Internet (Bienes y TIC),internet?,Carácter,"{7..9, Nulo}",1
VIVIENDAS,CARACTERÍSTICAS DE LA VIVIENDA,INTERNET,categoria,,Sí,,7,
VIVIENDAS,CARACTERÍSTICAS DE LA VIVIENDA,INTERNET,categoria,,No,,8,
VIVIENDAS,CARACTERÍSTICAS DE LA VIVIENDA,INTERNET,categoria,,No especificado,,9,
VIVIENDAS,CARACTERÍSTICAS DE LA VIVIENDA,INTERNET,categoria,,Blanco por pase,,Nulo,
VIVIENDAS,CARACTERÍSTICAS DE LA VIVIENDA,SERV_TV_PAGA,variable,Servicio de televisión de paga (Bienes y TIC),servicio de televisión de paga? (Cable o satelital),Carácter,"{1, 2, 9, Nulo}",1
VIVIENDAS,CARACTERÍSTICAS DE LA VIVIENDA,SERV_TV_PAGA,categoria,,Sí,,1,
VIVIENDAS,CARACTERÍSTICAS DE LA VIVIENDA,SERV_TV_PAGA,categoria,,No,,2,
VIVIENDAS,CARACTERÍSTICAS DE LA VIVIENDA,SERV_TV_PAGA,categoria,,No especificado,,9,
VIVIENDAS,CARACTERÍSTICAS DE LA VIVIENDA,SERV_TV_PAGA,categoria,,Blanco por pase,,Nulo,
VIVIENDAS,CARACTERÍSTICAS DE LA VIVIENDA,TENENCIA,variable,Tenencia,¿En esta vivienda:,Carácter,"{1..6, 9, Nulo}",1
VIVIENDAS,CARACTERÍSTICAS DE LA VIVIENDA,TENENCIA,categoria,,vive la persona que es dueña o propietaria?,,1,
VIVIENDAS,CARACTERÍSTICAS DE LA VIVIENDA,TENENCIA,categoria,,vive la persona que es dueña pero la están pagando?,,2,
VIVIENDAS,CARACTERÍSTICAS DE LA VIVIENDA,TENENCIA,categoria,,se paga renta?,,3,
VIVIENDAS,CARACTERÍSTICAS DE LA VIVIENDA,TENENCIA,categoria,,¿Es de un familiar o les prestan la vivienda?,,4,
VIVIENDAS,CARACTERÍSTICAS DE LA VIVIENDA,TENENCIA,categoria,,¿Está intestada o en litigio?,,5,
VIVIENDAS,CARACTERÍSTICAS DE LA VIVIENDA,TENENCIA,categoria,,¿La ocupan en otra situación?,,6,
VIVIENDAS,CARACTERÍSTICAS DE LA VIVIENDA,TENENCIA,categoria,,No especificado,,9,
VIVIENDAS,CARACTERÍSTICAS DE LA VIVIENDA,TENENCIA,categoria,,Blanco por pase,,Nulo,
VIVIENDAS,CARACTERÍSTICAS DE LA VIVIENDA,ESCRITURAS,variable,Escritura o título,¿Esta vivienda cuenta con escrituras o título de propiedad:,Carácter,"{1..3, 8, 9, Nulo}",1
VIVIENDAS,CARACTERÍSTICAS DE LA VIVIENDA,ESCRITURAS,categoria,,a nombre de la persona dueña o propietaria?,,1,
VIVIENDAS,CARACTERÍSTICAS DE LA VIVIENDA,ESCRITURAS,categoria,,a nombre de otra persona?,,2,
VIVIENDAS,CARACTERÍSTICAS DE LA VIVIENDA,ESCRITURAS,categoria,,¿No tiene escrituras?,,3,
VIVIENDAS,CARACTERÍSTICAS DE LA VIVIENDA,ESCRITURAS,categoria,,No sabe,,8,
VIVIENDAS,CARACTERÍSTICAS DE LA VIVIENDA,ESCRITURAS,categoria,,No especificado,,9,
VIVIENDAS,CARACTERÍSTICAS DE LA VIVIENDA,ESCRITURAS,categoria,,Blanco por pase,,Nulo,
VIVIENDAS,CARACTERÍSTICAS DE LA VIVIENDA,FORMA_ADQUI,variable,Adquisición,¿La persona dueña o propietaria de esta vivienda:,Carácter,"{1..6, 9, Nulo}",1
VIVIENDAS,CARACTERÍSTICAS DE LA VIVIENDA,FORMA_ADQUI,categoria,,la compró hecha?,,1,
VIVIENDAS,CARACTERÍSTICAS DE LA VIVIENDA,FORMA_ADQUI,categoria,,la mandó construir?,,2,
VIVIENDAS,CARACTERÍSTICAS DE LA VIVIENDA,FORMA_ADQUI,categoria,,la construyó ella (él) misma(o) o familiares?,,3,
VIVIENDAS,CARACTERÍSTICAS DE LA VIVIENDA,FORMA_ADQUI,categoria,,la heredó?,,4,
VIVIENDAS,CARACTERÍSTICAS DE LA VIVIENDA,FORMA_ADQUI,categoria,,la recibió como apoyo del gobierno?,,5,
VIVIENDAS,CARACTERÍSTICAS DE LA VIVIENDA,FORMA_ADQUI,categoria,,¿La obtuvo de otra manera?,,6,
VIVIENDAS,CARACTERÍSTICAS DE LA VIVIENDA,FORMA_ADQUI,categoria,,No especificado,,9,
VIVIENDAS,CARACTERÍSTICAS DE LA VIVIENDA,FORMA_ADQUI,categoria,,Blanco por pase,,Nulo,
VIVIENDAS,CARACTERÍSTICAS DE LA VIVIENDA,FINANCIAMIENTO1,variable,Financiamiento (opción 1),"Para pagar o construir esta vivienda, ¿le dio crédito:",Carácter,"{1..8, 9, Nulo}",1
VIVIENDAS,CARACTERÍSTICAS DE LA VIVIENDA,FINANCIAMIENTO1,categoria,,INFONAVIT?,,1,
VIVIENDAS,CARACTERÍSTICAS DE LA VIVIENDA,FINANCIAMIENTO1,categoria,,FOVISSSTE?,,2,
VIVIENDAS,CARACTERÍSTICAS DE LA VIVIENDA,FINANCIAMIENTO1,categoria,,PEMEX?,,3,
VIVIENDAS,CARACTERÍSTICAS DE LA VIVIENDA,FINANCIAMIENTO1,categoria,,FONHAPO?,,4,
VIVIENDAS,CARACTERÍSTICAS DE LA VIVIENDA,FINANCIAMIENTO1,categoria,,un banco?,,5,
VIVIENDAS,CARACTERÍSTICAS DE LA VIVIENDA,FINANCIAMIENTO1,categoria,,otra institución?,,6,
VIVIENDAS,CARACTERÍSTICAS DE LA VIVIENDA,FINANCIAMIENTO1,categoria,,"¿Le prestó un familiar, amiga(o) o prestamista?",,7,
VIVIENDAS,CARACTERÍSTICAS DE LA VIVIENDA,FINANCIAMIENTO1,categoria,,¿Usó sus propios recursos?,,8,
VIVIENDAS,CARACTERÍSTICAS DE LA VIVIENDA,FINANCIAMIENTO1,categoria,,No especificado,,9,
VIVIENDAS,CARACTERÍSTICAS DE LA VIVIENDA,FINANCIAMIENTO1,categoria,,Blanco por pase,,Nulo,
VIVIENDAS,CARACTERÍSTICAS DE LA VIVIENDA,FINANCIAMIENTO2,variable,Financiamiento (opción 2),"Para pagar o construir esta vivienda, ¿le dio crédito:",Carácter,"{2..8, Nulo}",1
VIVIENDAS,CARACTERÍSTICAS DE LA VIVIENDA,FINANCIAMIENTO2,categoria,,FOVISSSTE?,,2,
VIVIENDAS,CARACTERÍSTICAS DE LA VIVIENDA,FINANCIAMIENTO2,categoria,,PEMEX?,,3,
VIVIENDAS,CARACTERÍSTICAS DE LA VIVIENDA,FINANCIAMIENTO2,categoria,,FONHAPO?,,4,
VIVIENDAS,CARACTERÍSTICAS DE LA VIVIENDA,FINANCIAMIENTO2,categoria,,un banco?,,5,
VIVIENDAS,CARACTERÍSTICAS DE LA VIVIENDA,FINANCIAMIENTO2,categoria,,otra institución?,,6,
VIVIENDAS,CARACTERÍSTICAS DE LA VIVIENDA,FINANCIAMIENTO2,categoria,,"¿Le prestó un familiar, amiga(o) o prestamista?",,7,
VIVIENDAS,CARACTERÍSTICAS DE LA VIVIENDA,FINANCIAMIENTO2,categoria,,¿Usó sus propios recursos?,,8,
VIVIENDAS,CARACTERÍSTICAS DE LA VIVIENDA,FINANCIAMIENTO2,categoria,,Blanco por pase,,Nulo,
VIVIENDAS,CARACTERÍSTICAS DE LA VIVIENDA,FINANCIAMIENTO3,variable,Financiamiento (opción 3),"Para pagar o construir esta vivienda, ¿le dio crédito:",Carácter,"{3..8, Nulo}",1
VIVIENDAS,CARACTERÍSTICAS DE LA VIVIENDA,FINANCIAMIENTO3,categoria,,PEMEX?,,3,
VIVIENDAS,CARACTERÍSTICAS DE LA VIVIENDA,FINANCIAMIENTO3,categoria,,FONHAPO?,,4,
VIVIENDAS,CARACTERÍSTICAS DE LA VIVIENDA,FINANCIAMIENTO3,categoria,,un banco?,,5,
VIVIENDAS,CARACTERÍSTICAS DE LA VIVIENDA,FINANCIAMIENTO3,categoria,,otra institución?,,6,
VIVIENDAS,CARACTERÍSTICAS DE LA VIVIENDA,FINANCIAMIENTO3,categoria,,"¿Le prestó un familiar, amiga(o) o prestamista?",,7,
VIVIENDAS,CARACTERÍSTICAS DE LA VIVIENDA,FINANCIAMIENTO3,categoria,,¿Usó sus propios recursos?,,8,
VIVIENDAS,CARACTERÍSTICAS DE LA VIVIENDA,FINANCIAMIENTO3,categoria,,Blanco por pase,,Nulo,
VIVIENDAS,LISTA DE PERSONAS Y DATOS GENERALES,NUMPERS,variable,Número de personas en la vivienda,Número de personas en la vivienda,Numérico,{1..54},2
VIVIENDAS,LISTA DE PERSONAS Y DATOS GENERALES,NUMPERS,categoria,,"Me dijo que en esta vivienda vive la persona dueña o propietaria, ¿quién es (quiénes son)?",,,
VIVIENDAS,LISTA DE PERSONAS Y DATOS GENERALES,DUE1_NUM,variable,Número de la primera persona dueña o propietaria,Número de persona,Carácter,"{01..54, 98, 99, Nulo}",2
VIVIENDAS,LISTA DE PERSONAS Y DATOS GENERALES,DUE1_NUM,categoria,,Número de persona,,01..54,
VIVIENDAS,LISTA DE PERSONAS Y DATOS GENERALES,DUE1_NUM,categoria,,No vive en esta vivienda,,98,
VIVIENDAS,LISTA DE PERSONAS Y DATOS GENERALES,DUE1_NUM,categoria,,No especificado,,99,
VIVIENDAS,LISTA DE PERSONAS Y DATOS GENERALES,DUE1_NUM,categoria,,Blanco por pase,,Nulo,
VIVIENDAS,LISTA DE PERSONAS Y DATOS GENERALES,DUE2_NUM,variable,Número de la segunda persona dueña o propietaria,Número de persona,Carácter,"{02..54, Nulo}",2
VIVIENDAS,LISTA DE PERSONAS Y DATOS GENERALES,DUE2_NUM,categoria,,Número de persona,,02..54,
VIVIENDAS,LISTA DE PERSONAS Y DATOS GENERALES,DUE2_NUM,categoria,,Blanco por pase,,Nulo,
VIVIENDAS,MIGRACIÓN INTERNACIONAL,MCONMIG,variable,Condición de migración internacional,"Durante los últimos 5 años, esto es, de octubre de 2020 a la fecha, ¿alguna persona que vive o vivía con ustedes (en esta vivienda) se fue a vivir a otro país?",Carácter,"{1, 3, 9}",1
VIVIENDAS,MIGRACIÓN INTERNACIONAL,MCONMIG,categoria,,Sí,,1,
VIVIENDAS,MIGRACIÓN INTERNACIONAL,MCONMIG,categoria,,No,,3,
VIVIENDAS,MIGRACIÓN INTERNACIONAL,MCONMIG,categoria,,No especificado,,9,
VIVIENDAS,MIGRACIÓN INTERNACIONAL,MNUMPERS,variable,Número de emigrantes internacionales,¿Cuántas personas?,Numérico,"{1..54, Nulo}",2
VIVIENDAS,MIGRACIÓN INTERNACIONAL,MNUMPERS,categoria,,Total de migrantes,,1..54,
VIVIENDAS,MIGRACIÓN INTERNACIONAL,MNUMPERS,categoria,,Blanco por pase,,Nulo,
VIVIENDAS,INGRESOS MONETARIOS DE FUENTES DISTINTAS AL TRABAJO,MNUMPERS,categoria,,¿Alguna persona que vive en esta vivienda recibe dinero:,,,
VIVIENDAS,INGRESOS MONETARIOS DE FUENTES DISTINTAS AL TRABAJO,INGR_PEROTROPAIS,variable,Reciben ingresos de alguien que vive en otro país (Otros ingresos),de alguien que vive en otro país?,Carácter,"{1, 2, 9}",1
VIVIENDAS,INGRESOS MONETARIOS DE FUENTES DISTINTAS AL TRABAJO,INGR_PEROTROPAIS,categoria,,Sí,,1,
VIVIENDAS,INGRESOS MONETARIOS DE FUENTES DISTINTAS AL TRABAJO,INGR_PEROTROPAIS,categoria,,No,,2,
VIVIENDAS,INGRESOS MONETARIOS DE FUENTES DISTINTAS AL TRABAJO,INGR_PEROTROPAIS,categoria,,No especificado,,9,
VIVIENDAS,INGRESOS MONETARIOS DE FUENTES DISTINTAS AL TRABAJO,INGR_PERDENTPAIS,variable,Reciben ingresos de alguien que vive en otra vivienda dentro del país (Otros ingresos),de alguien que vive en otra vivienda dentro del país?,Carácter,"{3, 4, 9}",1
VIVIENDAS,INGRESOS MONETARIOS DE FUENTES DISTINTAS AL TRABAJO,INGR_PERDENTPAIS,categoria,,Sí,,3,
VIVIENDAS,INGRESOS MONETARIOS DE FUENTES DISTINTAS AL TRABAJO,INGR_PERDENTPAIS,categoria,,No,,4,
VIVIENDAS,INGRESOS MONETARIOS DE FUENTES DISTINTAS AL TRABAJO,INGR_PERDENTPAIS,categoria,,No especificado,,9,
VIVIENDAS,INGRESOS MONETARIOS DE FUENTES DISTINTAS AL TRABAJO,INGR_AYUGOB,variable,Reciben ingresos de programas de gobierno (Otros ingresos),"de programas de gobierno? Por ejemplo: becas para estudiantes, pensiones para adultos mayores, pensiones para personas con discapacidad, apoyos para jóvenes, apoyo a campesinos, etcétera",Carácter,"{5, 6, 9}",1
VIVIENDAS,INGRESOS MONETARIOS DE FUENTES DISTINTAS AL TRABAJO,INGR_AYUGOB,categoria,,Sí,,5,
VIVIENDAS,INGRESOS MONETARIOS DE FUENTES DISTINTAS AL TRABAJO,INGR_AYUGOB,categoria,,No,,6,
VIVIENDAS,INGRESOS MONETARIOS DE FUENTES DISTINTAS AL TRABAJO,INGR_AYUGOB,categoria,,No especificado,,9,
VIVIENDAS,INGRESOS MONETARIOS DE FUENTES DISTINTAS AL TRABAJO,INGR_JUBPEN,variable,Reciben ingreso por jubilación o pensión (Otros ingresos),por jubilación o pensión?,Carácter,{7..9},1
VIVIENDAS,INGRESOS MONETARIOS DE FUENTES DISTINTAS AL TRABAJO,INGR_JUBPEN,categoria,,Sí,,7,
VIVIENDAS,INGRESOS MONETARIOS DE FUENTES DISTINTAS AL TRABAJO,INGR_JUBPEN,categoria,,No,,8,
VIVIENDAS,INGRESOS MONETARIOS DE FUENTES DISTINTAS AL TRABAJO,INGR_JUBPEN,categoria,,No especificado,,9,
VIVIENDAS,DESPLAZAMIENTO FORZADO INTERNO,INGR_JUBPEN,categoria,,"En los últimos 5 años, es decir, de octubre de 2020 a la fecha, ¿usted o alguna persona que vive en esta vivienda se vio obligada o forzada a cambiar su residencia dentro del país por motivos de:",,,
VIVIENDAS,DESPLAZAMIENTO FORZADO INTERNO,DESP_INSEGURIDAD,variable,Desplazamiento forzado interno por inseguridad,inseguridad delictiva o violencia?,Carácter,"{1, 2, 9}",1
VIVIENDAS,DESPLAZAMIENTO FORZADO INTERNO,DESP_INSEGURIDAD,categoria,,Sí,,1,
VIVIENDAS,DESPLAZAMIENTO FORZADO INTERNO,DESP_INSEGURIDAD,categoria,,No,,2,
VIVIENDAS,DESPLAZAMIENTO FORZADO INTERNO,DESP_INSEGURIDAD,categoria,,No especificado,,9,
VIVIENDAS,DESPLAZAMIENTO FORZADO INTERNO,DESP_CATASTROFES,variable,Desplazamiento forzado interno por catástrofes,catástrofes naturales o de origen humano?,Carácter,"{3, 4, 9}",1
VIVIENDAS,DESPLAZAMIENTO FORZADO INTERNO,DESP_CATASTROFES,categoria,,Sí,,3,
VIVIENDAS,DESPLAZAMIENTO FORZADO INTERNO,DESP_CATASTROFES,categoria,,No,,4,
VIVIENDAS,DESPLAZAMIENTO FORZADO INTERNO,DESP_CATASTROFES,categoria,,No especificado,,9,
VIVIENDAS,ALIMENTACIÓN ,ALIMENTACION,variable,Acceso a los alimentos en la vivienda,"En los últimos tres meses, por falta de dinero o recursos, ¿alguna vez se quedaron sin comida?",Carácter,"{1, 3, 9}",1
VIVIENDAS,ALIMENTACIÓN ,ALIMENTACION,categoria,,Sí,,1,
VIVIENDAS,ALIMENTACIÓN ,ALIMENTACION,categoria,,No,,3,
VIVIENDAS,ALIMENTACIÓN ,ALIMENTACION,categoria,,No especificado,,9,
VIVIENDAS,ALIMENTACIÓN ,ALIMENTACION,categoria,,"En los últimos tres meses, ¿alguna vez usted o algún adulto en su vivienda:",,,
VIVIENDAS,ALIMENTACIÓN ,ALIM_ADL1,variable,Tuvieron poca variedad de alimentos (Alimentación de los adultos),"por falta de dinero o recursos, tuvieron una alimentación basada en muy poca variedad de alimentos?",Carácter,"{1, 2, 9}",1
VIVIENDAS,ALIMENTACIÓN ,ALIM_ADL1,categoria,,Sí,,1,
VIVIENDAS,ALIMENTACIÓN ,ALIM_ADL1,categoria,,No,,2,
VIVIENDAS,ALIMENTACIÓN ,ALIM_ADL1,categoria,,No especificado,,9,
VIVIENDAS,ALIMENTACIÓN ,ALIM_ADL2,variable,"Dejaron de desayunar, comer o cenar (Alimentación de los adultos)","por falta de dinero o recursos, dejaron de desayunar, comer o cenar?",Carácter,"{3, 4, 9}",1
VIVIENDAS,ALIMENTACIÓN ,ALIM_ADL2,categoria,,Sí,,3,
VIVIENDAS,ALIMENTACIÓN ,ALIM_ADL2,categoria,,No,,4,
VIVIENDAS,ALIMENTACIÓN ,ALIM_ADL2,categoria,,No especificado,,9,
VIVIENDAS,ALIMENTACIÓN ,ALIM_ADL3,variable,Comieron menos de lo que usted piensa debían comer (Alimentación de los adultos),"por falta de dinero o recursos, comieron menos de lo que usted piensa que debían comer?",Carácter,"{5, 6, 9}",1
VIVIENDAS,ALIMENTACIÓN ,ALIM_ADL3,categoria,,Sí,,5,
VIVIENDAS,ALIMENTACIÓN ,ALIM_ADL3,categoria,,No,,6,
VIVIENDAS,ALIMENTACIÓN ,ALIM_ADL3,categoria,,No especificado,,9,
VIVIENDAS,ALIMENTACIÓN ,ALIM_ADL3,categoria,,"En los últimos tres meses, ¿alguna vez usted o algún adulto en su vivienda:",,,
VIVIENDAS,ALIMENTACIÓN ,ING_ALIM_ADL1,variable,Sintieron hambre pero no comieron (Ingesta de alimentos de los adultos),"por falta de dinero o recursos, sintieron hambre pero no comieron?",Carácter,"{1, 2, 9, Nulo}",1
VIVIENDAS,ALIMENTACIÓN ,ING_ALIM_ADL1,categoria,,Sí,,1,
VIVIENDAS,ALIMENTACIÓN ,ING_ALIM_ADL1,categoria,,No,,2,
VIVIENDAS,ALIMENTACIÓN ,ING_ALIM_ADL1,categoria,,No especificado,,9,
VIVIENDAS,ALIMENTACIÓN ,ING_ALIM_ADL1,categoria,,Blanco por pase,,Nulo,
VIVIENDAS,ALIMENTACIÓN ,ING_ALIM_ADL2,variable,Solo comieron una vez al día o dejaron de comer todo un día (Ingesta de alimentos de los adultos),"por falta de dinero o recursos, solo comieron una vez al día o dejaron de comer todo un día?",Carácter,"{3, 4, 9, Nulo}",1
VIVIENDAS,ALIMENTACIÓN ,ING_ALIM_ADL2,categoria,,Sí,,3,
VIVIENDAS,ALIMENTACIÓN ,ING_ALIM_ADL2,categoria,,No,,4,
VIVIENDAS,ALIMENTACIÓN ,ING_ALIM_ADL2,categoria,,No especificado,,9,
VIVIENDAS,ALIMENTACIÓN ,ING_ALIM_ADL2,categoria,,Blanco por pase,,Nulo,
VIVIENDAS,ALIMENTACIÓN ,ING_ALIM_ADL2,categoria,,"En los últimos tres meses, ¿alguna vez algún menor de 18 años de edad en su vivienda:",,,
VIVIENDAS,ALIMENTACIÓN ,ALIM_MEN1,variable,Tuvo poca variedad de alimentos (Alimentación de los menores de 18 años),"por falta de dinero o recursos, tuvo una alimentación basada en muy poca variedad de alimentos?",Carácter,"{1, 2, 9, Nulo}",1
VIVIENDAS,ALIMENTACIÓN ,ALIM_MEN1,categoria,,Sí,,1,
VIVIENDAS,ALIMENTACIÓN ,ALIM_MEN1,categoria,,No,,2,
VIVIENDAS,ALIMENTACIÓN ,ALIM_MEN1,categoria,,No especificado,,9,
VIVIENDAS,ALIMENTACIÓN ,ALIM_MEN1,categoria,,Blanco por pase,,Nulo,
VIVIENDAS,ALIMENTACIÓN ,ALIM_MEN2,variable,Comió menos (Alimentación de los menores de 18 años),"por falta de dinero o recursos, comió menos de lo que debía comer?",Carácter,"{3, 4, 9, Nulo}",1
VIVIENDAS,ALIMENTACIÓN ,ALIM_MEN2,categoria,,Sí,,3,
VIVIENDAS,ALIMENTACIÓN ,ALIM_MEN2,categoria,,No,,4,
VIVIENDAS,ALIMENTACIÓN ,ALIM_MEN2,categoria,,No especificado,,9,
VIVIENDAS,ALIMENTACIÓN ,ALIM_MEN2,categoria,,Blanco por pase,,Nulo,
VIVIENDAS,ALIMENTACIÓN ,ALIM_MEN3,variable,Disminuyó la cantidad de comida (Alimentación de los menores de 18 años),"por falta de dinero o recursos, le tuvieron que disminuir la cantidad servida en las comidas?",Carácter,"{5, 6, 9, Nulo}",1
VIVIENDAS,ALIMENTACIÓN ,ALIM_MEN3,categoria,,Sí,,5,
VIVIENDAS,ALIMENTACIÓN ,ALIM_MEN3,categoria,,No,,6,
VIVIENDAS,ALIMENTACIÓN ,ALIM_MEN3,categoria,,No especificado,,9,
VIVIENDAS,ALIMENTACIÓN ,ALIM_MEN3,categoria,,Blanco por pase,,Nulo,
VIVIENDAS,ALIMENTACIÓN ,ALIM_MEN3,categoria,,"En los últimos tres meses, ¿alguna vez algún menor de 18 años de edad en su vivienda:",,,
VIVIENDAS,ALIMENTACIÓN ,ING_ALIM_MEN1,variable,Sintió hambre pero no comió (Ingesta de alimentos de los menores de 18 años),"por falta de dinero o recursos, sintió hambre pero no comió?",Carácter,"{1, 2, 9, Nulo}",1
VIVIENDAS,ALIMENTACIÓN ,ING_ALIM_MEN1,categoria,,Sí,,1,
VIVIENDAS,ALIMENTACIÓN ,ING_ALIM_MEN1,categoria,,No,,2,
VIVIENDAS,ALIMENTACIÓN ,ING_ALIM_MEN1,categoria,,No especificado,,9,
VIVIENDAS,ALIMENTACIÓN ,ING_ALIM_MEN1,categoria,,Blanco por pase,,Nulo,
VIVIENDAS,ALIMENTACIÓN ,ING_ALIM_MEN2,variable,Se acostó con hambre (Ingesta de alimentos de los menores de 18 años),"por falta de dinero o recursos, se acostó con hambre?",Carácter,"{3, 4, 9, Nulo}",1
VIVIENDAS,ALIMENTACIÓN ,ING_ALIM_MEN2,categoria,,Sí,,3,
VIVIENDAS,ALIMENTACIÓN ,ING_ALIM_MEN2,categoria,,No,,4,
VIVIENDAS,ALIMENTACIÓN ,ING_ALIM_MEN2,categoria,,No especificado,,9,
VIVIENDAS,ALIMENTACIÓN ,ING_ALIM_MEN2,categoria,,Blanco por pase,,Nulo,
VIVIENDAS,ALIMENTACIÓN ,ING_ALIM_MEN3,variable,Comió solo una vez o dejó de comer (Ingesta de alimentos de los menores de 18 años),"por falta de dinero o recursos, comió una vez al día o dejó de comer todo un día?",Carácter,"{5, 6, 9, Nulo}",1
VIVIENDAS,ALIMENTACIÓN ,ING_ALIM_MEN3,categoria,,Sí,,5,
VIVIENDAS,ALIMENTACIÓN ,ING_ALIM_MEN3,categoria,,No,,6,
VIVIENDAS,ALIMENTACIÓN ,ING_ALIM_MEN3,categoria,,No especificado,,9,
VIVIENDAS,ALIMENTACIÓN ,ING_ALIM_MEN3,categoria,,Blanco por pase,,Nulo,
VIVIENDAS,VARIABLES AUXILIARES,TIPOHOG,variable,Tipo de hogar,Tipo de hogar,Carácter,"{1..6, 9}",1
VIVIENDAS,VARIABLES AUXILIARES,TIPOHOG,categoria,,Hogar Nuclear (Familiar),,1,
VIVIENDAS,VARIABLES AUXILIARES,TIPOHOG,categoria,,Hogar Ampliado (Familiar),,2,
VIVIENDAS,VARIABLES AUXILIARES,TIPOHOG,categoria,,Hogar Compuesto (Familiar),,3,
VIVIENDAS,VARIABLES AUXILIARES,TIPOHOG,categoria,,Hogar no especificado (Familiar),,4,
VIVIENDAS,VARIABLES AUXILIARES,TIPOHOG,categoria,,Hogar unipersonal (No familiar),,5,
VIVIENDAS,VARIABLES AUXILIARES,TIPOHOG,categoria,,Hogar corresidente (No familiar),,6,
VIVIENDAS,VARIABLES AUXILIARES,TIPOHOG,categoria,,No se sabe la composición,,9,
VIVIENDAS,VARIABLES AUXILIARES,INGTRHOG,variable,Ingresos por trabajo en el hogar,Ingresos mensuales por trabajo en el hogar,Numérico,"{0..999999, Nulo}",6
VIVIENDAS,VARIABLES AUXILIARES,INGTRHOG,categoria,,No recibe Ingresos,,0,
VIVIENDAS,VARIABLES AUXILIARES,INGTRHOG,categoria,,Ingresos especificados,,1..999997,
VIVIENDAS,VARIABLES AUXILIARES,INGTRHOG,categoria,,"Ingresos mayores a 999,997",,999998,
VIVIENDAS,VARIABLES AUXILIARES,INGTRHOG,categoria,,No especificado,,999999,
VIVIENDAS,VARIABLES AUXILIARES,INGTRHOG,categoria,,Blanco por pase,,Nulo,
VIVIENDAS,VARIABLES AUXILIARES,JEFE_SEXO,variable,Sexo de la persona de referencia (jefa o jefe de la vivienda),Sexo de la persona de referencia,Carácter,"{1, 3}",1
VIVIENDAS,VARIABLES AUXILIARES,JEFE_SEXO,categoria,,Hombre,,1,
VIVIENDAS,VARIABLES AUXILIARES,JEFE_SEXO,categoria,,Mujer,,3,
VIVIENDAS,VARIABLES AUXILIARES,JEFE_EDAD,variable,Edad de la persona de referencia (jefa o jefe de la vivienda),Edad de la persona de referencia,Numérico,"{12..130, 999}",3
VIVIENDAS,VARIABLES AUXILIARES,JEFE_EDAD,categoria,,Años cumplidos,,12..130,
VIVIENDAS,VARIABLES AUXILIARES,JEFE_EDAD,categoria,,No especificado,,999,
VIVIENDAS,VARIABLES AUXILIARES,TAMLOC,variable,Tamaño de localidad,Tamaño de localidad,Carácter,{1..5},1
VIVIENDAS,VARIABLES AUXILIARES,TAMLOC,categoria,,Menos de 2 500 habitantes,,1,
VIVIENDAS,VARIABLES AUXILIARES,TAMLOC,categoria,,De 2 500 a 14 999 habitantes,,2,
VIVIENDAS,VARIABLES AUXILIARES,TAMLOC,categoria,,De 15 000 a 49 999 habitantes,,3,
VIVIENDAS,VARIABLES AUXILIARES,TAMLOC,categoria,,De 50 000 a 99 999 habitantes,,4,
VIVIENDAS,VARIABLES AUXILIARES,TAMLOC,categoria,,100 000 y más habitantes,,5,
VIVIENDAS,VARIABLES AUXILIARES,TAMLOC,categoria,,,,TOTAL DE CARACTERES: ,
PERSONAS,IDENTIFICACIÓN GEOGRÁFICA,CVEGEO,variable,Clave geoestadística integrada,Clave geoestadística integrada,Carácter,{01001..32058},5
PERSONAS,IDENTIFICACIÓN GEOGRÁFICA,CVE_ENT,variable,Entidad federativa,Clave del Área Geoestadística Estatal,Carácter,{01..32},2
PERSONAS,IDENTIFICACIÓN GEOGRÁFICA,CVE_MUN,variable,Municipio o demarcación territorial,Clave del Área Geoestadística Municipal,Carácter,{001..570},3
PERSONAS,IDENTIFICACIÓN GEOGRÁFICA,LOC50K,variable,Clave de la localidad de 50 000 y más habitantes,Clave de la localidad de 50 000 y más habitantes,Carácter,{0000..9999},4
PERSONAS,IDENTIFICACIÓN GEOGRÁFICA,LOC50K,categoria,,Localidad menor de 50 000 habitantes,,0000,
PERSONAS,IDENTIFICACIÓN GEOGRÁFICA,LOC50K,categoria,,Localidad de 50 000 y más habitantes,,0001..9999,
PERSONAS,LLAVE ÚNICA DE VIVIENDA,ID_VIV,variable,Identificador único de la vivienda,Identificador único de vivienda,Carácter,{010010000001..320589999999},12
PERSONAS,LLAVE ÚNICA DE PERSONA,ID_PERSONA,variable,Identificador único de persona,Identificador único de persona,Carácter,{01001000000100001.. 32058999999999954},17
PERSONAS,REGISTROS IMPUTADOS,TIPO_REG,variable,Registro imputado,Identificador de registros imputados,Carácter,"{0, 1}",1
PERSONAS,REGISTROS IMPUTADOS,TIPO_REG,categoria,,Encuestado,,0,
PERSONAS,REGISTROS IMPUTADOS,TIPO_REG,categoria,,Imputado,,1,
PERSONAS,DISEÑO MUESTRAL,COBERTURA,variable,Tipo de cobertura en el municipio,Tipo de cobertura en el municipio,Carácter,{1..3},1
PERSONAS,DISEÑO MUESTRAL,COBERTURA,categoria,,Municipio censado,,1,
PERSONAS,DISEÑO MUESTRAL,COBERTURA,categoria,,Municipio muestreado,,2,
PERSONAS,DISEÑO MUESTRAL,COBERTURA,categoria,,Municipio con muestra insuficiente,,3,
PERSONAS,DISEÑO MUESTRAL,ESTRATO,variable,Estrato,Estrato,Carácter,{Alfanumérico},15
PERSONAS,DISEÑO MUESTRAL,UPM,variable,Unidad Primaria de Muestreo,Unidad Primaria de Muestreo,Carácter,{Alfanumérico},5
PERSONAS,DISEÑO MUESTRAL,FACTOR,variable,Factor de Expansión,Factor de expansión,Numérico,{1..99999},5
PERSONAS,CLASE DE VIVIENDA PARTICULAR,CLAVIVP,variable,Clase de vivienda particular,Clase de vivienda particular,Carácter,"{01..09, 99}",2
PERSONAS,CLASE DE VIVIENDA PARTICULAR,CLAVIVP,categoria,,Casa única en el terreno,,01,
PERSONAS,CLASE DE VIVIENDA PARTICULAR,CLAVIVP,categoria,,Casa que comparte terreno con otra(s),,02,
PERSONAS,CLASE DE VIVIENDA PARTICULAR,CLAVIVP,categoria,,Casa dúplex,,03,
PERSONAS,CLASE DE VIVIENDA PARTICULAR,CLAVIVP,categoria,,Departamento en edificio,,04,
PERSONAS,CLASE DE VIVIENDA PARTICULAR,CLAVIVP,categoria,,Vivienda en vecindad o cuartería,,05,
PERSONAS,CLASE DE VIVIENDA PARTICULAR,CLAVIVP,categoria,,Vivienda en cuarto de azotea de un edificio,,06,
PERSONAS,CLASE DE VIVIENDA PARTICULAR,CLAVIVP,categoria,,Local no construido para habitación,,07,
PERSONAS,CLASE DE VIVIENDA PARTICULAR,CLAVIVP,categoria,,Vivienda móvil,,08,
PERSONAS,CLASE DE VIVIENDA PARTICULAR,CLAVIVP,categoria,,Refugio,,09,
PERSONAS,CLASE DE VIVIENDA PARTICULAR,CLAVIVP,categoria,,No especificado de vivienda particular,,99,
PERSONAS,LISTA DE PERSONAS Y DATOS GENERALES,NUMPER,variable,Número de persona,Número de persona,Carácter,{01..54},2
PERSONAS,LISTA DE PERSONAS Y DATOS GENERALES,NUMPER,categoria,,Número de persona,,01..54,
PERSONAS,LISTA DE PERSONAS Y DATOS GENERALES,SEXO,variable,Sexo,(NOMBRE) es hombre. (NOMBRE) es mujer.,Carácter,"{1, 3}",1
PERSONAS,LISTA DE PERSONAS Y DATOS GENERALES,SEXO,categoria,,Hombre,,1,
PERSONAS,LISTA DE PERSONAS Y DATOS GENERALES,SEXO,categoria,,Mujer,,3,
PERSONAS,LISTA DE PERSONAS Y DATOS GENERALES,EDAD,variable,Edad,¿Cuántos años cumplidos tiene (NOMBRE)?,Numérico,"{0..130, 999}",3
PERSONAS,LISTA DE PERSONAS Y DATOS GENERALES,EDAD,categoria,,Menos de un año,,0,
PERSONAS,LISTA DE PERSONAS Y DATOS GENERALES,EDAD,categoria,,Número de años cumplidos,,1..130,
PERSONAS,LISTA DE PERSONAS Y DATOS GENERALES,EDAD,categoria,,No especificado,,999,
PERSONAS,LISTA DE PERSONAS Y DATOS GENERALES,PARENTESCO,variable,Parentesco,¿Qué es (NOMBRE) de la jefa o del jefe?,Carácter,"{101..701, 999}  (Según clasificador de parentesco)",3
PERSONAS,LISTA DE PERSONAS Y DATOS GENERALES,PARENTESCO,categoria,,Clave de parentesco,,101..701,
PERSONAS,LISTA DE PERSONAS Y DATOS GENERALES,PARENTESCO,categoria,,No especificado,,999,
PERSONAS,CARACTERÍSTICAS DE LAS PERSONAS,IDENT_MADRE,variable,Identificación de la madre,¿La madre de (NOMBRE):,Carácter,"{01..54, 96..99}",2
PERSONAS,CARACTERÍSTICAS DE LAS PERSONAS,IDENT_MADRE,categoria,,vive en esta vivienda?   ¿Quién es?,,01..54,
PERSONAS,CARACTERÍSTICAS DE LAS PERSONAS,IDENT_MADRE,categoria,,vive en otra vivienda?,,96,
PERSONAS,CARACTERÍSTICAS DE LAS PERSONAS,IDENT_MADRE,categoria,,ya falleció?,,97,
PERSONAS,CARACTERÍSTICAS DE LAS PERSONAS,IDENT_MADRE,categoria,,No sabe,,98,
PERSONAS,CARACTERÍSTICAS DE LAS PERSONAS,IDENT_MADRE,categoria,,No especificado,,99,
PERSONAS,CARACTERÍSTICAS DE LAS PERSONAS,IDENT_PADRE,variable,Identificación del padre,¿El padre de (NOMBRE):,Carácter,"{01..54, 96..99}",2
PERSONAS,CARACTERÍSTICAS DE LAS PERSONAS,IDENT_PADRE,categoria,,vive en esta vivienda?   ¿Quién es?,,01..54,
PERSONAS,CARACTERÍSTICAS DE LAS PERSONAS,IDENT_PADRE,categoria,,vive en otra vivienda?,,96,
PERSONAS,CARACTERÍSTICAS DE LAS PERSONAS,IDENT_PADRE,categoria,,ya falleció?,,97,
PERSONAS,CARACTERÍSTICAS DE LAS PERSONAS,IDENT_PADRE,categoria,,No sabe,,98,
PERSONAS,CARACTERÍSTICAS DE LAS PERSONAS,IDENT_PADRE,categoria,,No especificado,,99,
PERSONAS,CARACTERÍSTICAS DE LAS PERSONAS,ENT_PAIS_NAC,variable,Entidad o país de nacimiento,¿En qué estado de la república o en qué país nació (NOMBRE)?,Carácter,"{001..032, 100..536, 997..999}  (Según clasificador de entidad federativa y país)",3
PERSONAS,CARACTERÍSTICAS DE LAS PERSONAS,ENT_PAIS_NAC,categoria,,Clave de entidad federativa,,001..032,
PERSONAS,CARACTERÍSTICAS DE LAS PERSONAS,ENT_PAIS_NAC,categoria,,Clave de país,,100..536,
PERSONAS,CARACTERÍSTICAS DE LAS PERSONAS,ENT_PAIS_NAC,categoria,,No especificado de entidad federativa,,997,
PERSONAS,CARACTERÍSTICAS DE LAS PERSONAS,ENT_PAIS_NAC,categoria,,No especificado de país,,998,
PERSONAS,CARACTERÍSTICAS DE LAS PERSONAS,ENT_PAIS_NAC,categoria,,No especificado,,999,
PERSONAS,CARACTERÍSTICAS DE LAS PERSONAS,NACIONALIDAD,variable,Nacionalidad mexicana,¿(NOMBRE) tiene nacionalidad mexicana?,Carácter,"{1, 3, 9}",1
PERSONAS,CARACTERÍSTICAS DE LAS PERSONAS,NACIONALIDAD,categoria,,Sí,,1,
PERSONAS,CARACTERÍSTICAS DE LAS PERSONAS,NACIONALIDAD,categoria,,No,,3,
PERSONAS,CARACTERÍSTICAS DE LAS PERSONAS,NACIONALIDAD,categoria,,No especificado,,9,
PERSONAS,CARACTERÍSTICAS DE LAS PERSONAS,SERSALUD,variable,Uso de servicios de salud,"Cuando (NOMBRE) tiene problemas de salud, ¿en dónde se atiende?",Carácter,"{01..10, 99}",2
PERSONAS,CARACTERÍSTICAS DE LAS PERSONAS,SERSALUD,categoria,,Seguro Social (IMSS),,01,
PERSONAS,CARACTERÍSTICAS DE LAS PERSONAS,SERSALUD,categoria,,ISSSTE,,02,
PERSONAS,CARACTERÍSTICAS DE LAS PERSONAS,SERSALUD,categoria,,ISSSTE estatal,,03,
PERSONAS,CARACTERÍSTICAS DE LAS PERSONAS,SERSALUD,categoria,,"PEMEX, la Defensa o la Marina",,04,
PERSONAS,CARACTERÍSTICAS DE LAS PERSONAS,SERSALUD,categoria,,IMSS-BIENESTAR (IMSS-PROSPERA),,05,
PERSONAS,CARACTERÍSTICAS DE LAS PERSONAS,SERSALUD,categoria,,"Centro de salud, hospital o instituto público de salud (federal o estatal. Incluye INSABI y Seguro Popular)",,06,
PERSONAS,CARACTERÍSTICAS DE LAS PERSONAS,SERSALUD,categoria,,"Consultorio, clínica u hospital privado",,07,
PERSONAS,CARACTERÍSTICAS DE LAS PERSONAS,SERSALUD,categoria,,Consultorio de farmacia,,08,
PERSONAS,CARACTERÍSTICAS DE LAS PERSONAS,SERSALUD,categoria,,Otro lugar,,09,
PERSONAS,CARACTERÍSTICAS DE LAS PERSONAS,SERSALUD,categoria,,No se atiende,,10,
PERSONAS,CARACTERÍSTICAS DE LAS PERSONAS,SERSALUD,categoria,,No especificado,,99,
PERSONAS,CARACTERÍSTICAS DE LAS PERSONAS,AFRODES,variable,Afrodescendientes o Afromexicanos,"Por sus antepasados y de acuerdo con sus costumbres y tradiciones, ¿(NOMBRE) se considera afromexicano(a) negro(a) o afrodescendiente?",Carácter,"{1, 3, 9}",1
PERSONAS,CARACTERÍSTICAS DE LAS PERSONAS,AFRODES,categoria,,Sí,,1,
PERSONAS,CARACTERÍSTICAS DE LAS PERSONAS,AFRODES,categoria,,No,,3,
PERSONAS,CARACTERÍSTICAS DE LAS PERSONAS,AFRODES,categoria,,No especificado,,9,
PERSONAS,CARACTERÍSTICAS DE LAS PERSONAS,DHSERSAL1,variable,Afiliación o acceso a servicios de salud (opción 1),¿(NOMBRE) está afiliada(o) o tiene acceso a servicios médicos en:,Carácter,"{01..09, 99}",2
PERSONAS,CARACTERÍSTICAS DE LAS PERSONAS,DHSERSAL1,categoria,,el Seguro Social (IMSS)?,,01,
PERSONAS,CARACTERÍSTICAS DE LAS PERSONAS,DHSERSAL1,categoria,,el ISSSTE?,,02,
PERSONAS,CARACTERÍSTICAS DE LAS PERSONAS,DHSERSAL1,categoria,,el ISSSTE estatal?,,03,
PERSONAS,CARACTERÍSTICAS DE LAS PERSONAS,DHSERSAL1,categoria,,"PEMEX, la Defensa o la Marina?",,04,
PERSONAS,CARACTERÍSTICAS DE LAS PERSONAS,DHSERSAL1,categoria,,el IMSS-BIENESTAR (IMSS-PROSPERA)?,,05,
PERSONAS,CARACTERÍSTICAS DE LAS PERSONAS,DHSERSAL1,categoria,,"un centro de salud, hospital o instituto público de salud (federal o estatal. Incluye INSABI y Seguro Popular)?",,06,
PERSONAS,CARACTERÍSTICAS DE LAS PERSONAS,DHSERSAL1,categoria,,un seguro privado?,,07,
PERSONAS,CARACTERÍSTICAS DE LAS PERSONAS,DHSERSAL1,categoria,,otra institución?,,08,
PERSONAS,CARACTERÍSTICAS DE LAS PERSONAS,DHSERSAL1,categoria,,"Entonces, ¿no está afiliada(o) ni tiene acceso a servicios médicos?",,09,
PERSONAS,CARACTERÍSTICAS DE LAS PERSONAS,DHSERSAL1,categoria,,No especificado,,99,
PERSONAS,CARACTERÍSTICAS DE LAS PERSONAS,DHSERSAL2,variable,Afiliación a o acceso servicios de salud (opción 2),¿(NOMBRE) está afiliada(o) o tiene acceso a servicios médicos en:,Carácter,"{2..8, Nulo}",1
PERSONAS,CARACTERÍSTICAS DE LAS PERSONAS,DHSERSAL2,categoria,,el ISSSTE?,,2,
PERSONAS,CARACTERÍSTICAS DE LAS PERSONAS,DHSERSAL2,categoria,,el ISSSTE estatal?,,3,
PERSONAS,CARACTERÍSTICAS DE LAS PERSONAS,DHSERSAL2,categoria,,"PEMEX, la Defensa o la Marina?",,4,
PERSONAS,CARACTERÍSTICAS DE LAS PERSONAS,DHSERSAL2,categoria,,el IMSS-BIENESTAR (IMSS-PROSPERA)?,,5,
PERSONAS,CARACTERÍSTICAS DE LAS PERSONAS,DHSERSAL2,categoria,,"un centro de salud, hospital o instituto público de salud (federal o estatal. Incluye INSABI y Seguro Popular)?",,6,
PERSONAS,CARACTERÍSTICAS DE LAS PERSONAS,DHSERSAL2,categoria,,un seguro privado?,,7,
PERSONAS,CARACTERÍSTICAS DE LAS PERSONAS,DHSERSAL2,categoria,,otra institución?,,8,
PERSONAS,CARACTERÍSTICAS DE LAS PERSONAS,DHSERSAL2,categoria,,Blanco por pase,,Nulo,
PERSONAS,CARACTERÍSTICAS DE LAS PERSONAS,DHSERSAL_ACCESO,variable,Reconocimiento de acceso a servicios públicos de salud,"En caso de sufrir algún dolor, malestar, enfermedad o accidente que requiera de atención médica ¿tendría usted acceso a la atención en un Instituto de salud Público (federal o estatal)?",Carácter,"{1, 3, 9, Nulo}",1
PERSONAS,CARACTERÍSTICAS DE LAS PERSONAS,DHSERSAL_ACCESO,categoria,,Sí,,1,
PERSONAS,CARACTERÍSTICAS DE LAS PERSONAS,DHSERSAL_ACCESO,categoria,,No,,3,
PERSONAS,CARACTERÍSTICAS DE LAS PERSONAS,DHSERSAL_ACCESO,categoria,,No especificado,,9,
PERSONAS,CARACTERÍSTICAS DE LAS PERSONAS,DHSERSAL_ACCESO,categoria,,Blanco por pase,,Nulo,
PERSONAS,CARACTERÍSTICAS DE LAS PERSONAS,PERTE_INDIGENA,variable,Autoadscripción indígena,"De acuerdo con su cultura, costumbres y tradiciones, ¿(NOMBRE) se considera indígena?",Carácter,"{1, 3, 9}",1
PERSONAS,CARACTERÍSTICAS DE LAS PERSONAS,PERTE_INDIGENA,categoria,,Sí,,1,
PERSONAS,CARACTERÍSTICAS DE LAS PERSONAS,PERTE_INDIGENA,categoria,,No,,3,
PERSONAS,CARACTERÍSTICAS DE LAS PERSONAS,PERTE_INDIGENA,categoria,,No especificado,,9,
PERSONAS,CARACTERÍSTICAS DE LAS PERSONAS,PERTE_INDIGENA,categoria,,"En su vida diaria, ¿(NOMBRE) cuánta dificultad tiene para:",,,
PERSONAS,CARACTERÍSTICAS DE LAS PERSONAS,DIS_VER,variable,Dificultad para ver aun usando lentes,"ver, aun usando lentes?",Carácter,"{1..4, 8, 9}",1
PERSONAS,CARACTERÍSTICAS DE LAS PERSONAS,DIS_VER,categoria,,No tiene dificultad,,1,
PERSONAS,CARACTERÍSTICAS DE LAS PERSONAS,DIS_VER,categoria,,Lo hace con poca dificultad,,2,
PERSONAS,CARACTERÍSTICAS DE LAS PERSONAS,DIS_VER,categoria,,Lo hace con mucha dificultad,,3,
PERSONAS,CARACTERÍSTICAS DE LAS PERSONAS,DIS_VER,categoria,,No puede hacerlo,,4,
PERSONAS,CARACTERÍSTICAS DE LAS PERSONAS,DIS_VER,categoria,,Se desconoce el grado de la dificultad,,8,
PERSONAS,CARACTERÍSTICAS DE LAS PERSONAS,DIS_VER,categoria,,No especificado,,9,
PERSONAS,CARACTERÍSTICAS DE LAS PERSONAS,DIS_OIR,variable,Dificultad para oír aun usando aparato auditivo,"oír, aun usando aparato auditivo?",Carácter,"{1..4, 8, 9}",1
PERSONAS,CARACTERÍSTICAS DE LAS PERSONAS,DIS_OIR,categoria,,No tiene dificultad,,1,
PERSONAS,CARACTERÍSTICAS DE LAS PERSONAS,DIS_OIR,categoria,,Lo hace con poca dificultad,,2,
PERSONAS,CARACTERÍSTICAS DE LAS PERSONAS,DIS_OIR,categoria,,Lo hace con mucha dificultad,,3,
PERSONAS,CARACTERÍSTICAS DE LAS PERSONAS,DIS_OIR,categoria,,No puede hacerlo,,4,
PERSONAS,CARACTERÍSTICAS DE LAS PERSONAS,DIS_OIR,categoria,,Se desconoce el grado de la dificultad,,8,
PERSONAS,CARACTERÍSTICAS DE LAS PERSONAS,DIS_OIR,categoria,,No especificado,,9,
PERSONAS,CARACTERÍSTICAS DE LAS PERSONAS,DIS_CAMINAR,variable,"Dificultad para caminar, subir o bajar","caminar, subir o bajar?",Carácter,"{1..4, 8, 9}",1
PERSONAS,CARACTERÍSTICAS DE LAS PERSONAS,DIS_CAMINAR,categoria,,No tiene dificultad,,1,
PERSONAS,CARACTERÍSTICAS DE LAS PERSONAS,DIS_CAMINAR,categoria,,Lo hace con poca dificultad,,2,
PERSONAS,CARACTERÍSTICAS DE LAS PERSONAS,DIS_CAMINAR,categoria,,Lo hace con mucha dificultad,,3,
PERSONAS,CARACTERÍSTICAS DE LAS PERSONAS,DIS_CAMINAR,categoria,,No puede hacerlo,,4,
PERSONAS,CARACTERÍSTICAS DE LAS PERSONAS,DIS_CAMINAR,categoria,,Se desconoce el grado de la dificultad,,8,
PERSONAS,CARACTERÍSTICAS DE LAS PERSONAS,DIS_CAMINAR,categoria,,No especificado,,9,
PERSONAS,CARACTERÍSTICAS DE LAS PERSONAS,DIS_RECORDAR,variable,Dificultad para recordar o concentrarse,recordar o concentrarse?,Carácter,"{1..4, 8, 9}",1
PERSONAS,CARACTERÍSTICAS DE LAS PERSONAS,DIS_RECORDAR,categoria,,No tiene dificultad,,1,
PERSONAS,CARACTERÍSTICAS DE LAS PERSONAS,DIS_RECORDAR,categoria,,Lo hace con poca dificultad,,2,
PERSONAS,CARACTERÍSTICAS DE LAS PERSONAS,DIS_RECORDAR,categoria,,Lo hace con mucha dificultad,,3,
PERSONAS,CARACTERÍSTICAS DE LAS PERSONAS,DIS_RECORDAR,categoria,,No puede hacerlo,,4,
PERSONAS,CARACTERÍSTICAS DE LAS PERSONAS,DIS_RECORDAR,categoria,,Se desconoce el grado de la dificultad,,8,
PERSONAS,CARACTERÍSTICAS DE LAS PERSONAS,DIS_RECORDAR,categoria,,No especificado,,9,
PERSONAS,CARACTERÍSTICAS DE LAS PERSONAS,DIS_BANARSE,variable,"Dificultad para bañarse, vestirse o comer","bañarse, vestirse o comer?",Carácter,"{1..4, 8, 9}",1
PERSONAS,CARACTERÍSTICAS DE LAS PERSONAS,DIS_BANARSE,categoria,,No tiene dificultad,,1,
PERSONAS,CARACTERÍSTICAS DE LAS PERSONAS,DIS_BANARSE,categoria,,Lo hace con poca dificultad,,2,
PERSONAS,CARACTERÍSTICAS DE LAS PERSONAS,DIS_BANARSE,categoria,,Lo hace con mucha dificultad,,3,
PERSONAS,CARACTERÍSTICAS DE LAS PERSONAS,DIS_BANARSE,categoria,,No puede hacerlo,,4,
PERSONAS,CARACTERÍSTICAS DE LAS PERSONAS,DIS_BANARSE,categoria,,Se desconoce el grado de la dificultad,,8,
PERSONAS,CARACTERÍSTICAS DE LAS PERSONAS,DIS_BANARSE,categoria,,No especificado,,9,
PERSONAS,CARACTERÍSTICAS DE LAS PERSONAS,DIS_HABLAR,variable,Dificultad para hablar o comunicarse,hablar o comunicarse (por ejemplo: entender o ser entendido por otros)?,Carácter,"{1..4, 8, 9}",1
PERSONAS,CARACTERÍSTICAS DE LAS PERSONAS,DIS_HABLAR,categoria,,No tiene dificultad,,1,
PERSONAS,CARACTERÍSTICAS DE LAS PERSONAS,DIS_HABLAR,categoria,,Lo hace con poca dificultad,,2,
PERSONAS,CARACTERÍSTICAS DE LAS PERSONAS,DIS_HABLAR,categoria,,Lo hace con mucha dificultad,,3,
PERSONAS,CARACTERÍSTICAS DE LAS PERSONAS,DIS_HABLAR,categoria,,No puede hacerlo,,4,
PERSONAS,CARACTERÍSTICAS DE LAS PERSONAS,DIS_HABLAR,categoria,,Se desconoce el grado de la dificultad,,8,
PERSONAS,CARACTERÍSTICAS DE LAS PERSONAS,DIS_HABLAR,categoria,,No especificado,,9,
PERSONAS,CARACTERÍSTICAS DE LAS PERSONAS,DIS_MENTAL,variable,Problema o condición mental,"¿(NOMBRE) tiene algún problema o condición mental? (Autismo, síndrome de Down, esquizofrenia, etcétera)",Carácter,"{5, 6, 9}",1
PERSONAS,CARACTERÍSTICAS DE LAS PERSONAS,DIS_MENTAL,categoria,,Sí,,5,
PERSONAS,CARACTERÍSTICAS DE LAS PERSONAS,DIS_MENTAL,categoria,,No,,6,
PERSONAS,CARACTERÍSTICAS DE LAS PERSONAS,DIS_MENTAL,categoria,,No especificado,,9,
PERSONAS,CARACTERÍSTICAS DE LAS PERSONAS,CAU_VER,variable,Causa de la dificultad para ver aun usando lentes,"¿La dificultad de (NOMBRE) para ver, aun usando lentes es:",Carácter,"{1..5, 9, Nulo}",1
PERSONAS,CARACTERÍSTICAS DE LAS PERSONAS,CAU_VER,categoria,,porque nació así?,,1,
PERSONAS,CARACTERÍSTICAS DE LAS PERSONAS,CAU_VER,categoria,,por una enfermedad?,,2,
PERSONAS,CARACTERÍSTICAS DE LAS PERSONAS,CAU_VER,categoria,,por un accidente?,,3,
PERSONAS,CARACTERÍSTICAS DE LAS PERSONAS,CAU_VER,categoria,,por edad avanzada?,,4,
PERSONAS,CARACTERÍSTICAS DE LAS PERSONAS,CAU_VER,categoria,,por otra causa?,,5,
PERSONAS,CARACTERÍSTICAS DE LAS PERSONAS,CAU_VER,categoria,,No especificado,,9,
PERSONAS,CARACTERÍSTICAS DE LAS PERSONAS,CAU_VER,categoria,,Blanco por pase,,Nulo,
PERSONAS,CARACTERÍSTICAS DE LAS PERSONAS,CAU_OIR,variable,Causa de la dificultad para oír aun usando aparato auditivo,"¿La dificultad de (NOMBRE) para oír, aun usando aparato auditivo es:",Carácter,"{1..5, 9, Nulo}",1
PERSONAS,CARACTERÍSTICAS DE LAS PERSONAS,CAU_OIR,categoria,,porque nació así?,,1,
PERSONAS,CARACTERÍSTICAS DE LAS PERSONAS,CAU_OIR,categoria,,por una enfermedad?,,2,
PERSONAS,CARACTERÍSTICAS DE LAS PERSONAS,CAU_OIR,categoria,,por un accidente?,,3,
PERSONAS,CARACTERÍSTICAS DE LAS PERSONAS,CAU_OIR,categoria,,por edad avanzada?,,4,
PERSONAS,CARACTERÍSTICAS DE LAS PERSONAS,CAU_OIR,categoria,,por otra causa?,,5,
PERSONAS,CARACTERÍSTICAS DE LAS PERSONAS,CAU_OIR,categoria,,No especificado,,9,
PERSONAS,CARACTERÍSTICAS DE LAS PERSONAS,CAU_OIR,categoria,,Blanco por pase,,Nulo,
PERSONAS,CARACTERÍSTICAS DE LAS PERSONAS,CAU_CAMINAR,variable,"Causa de la dificultad para caminar, subir o bajar","¿La dificultad de (NOMBRE) para caminar, subir o bajar es:",Carácter,"{1..5, 9, Nulo}",1
PERSONAS,CARACTERÍSTICAS DE LAS PERSONAS,CAU_CAMINAR,categoria,,porque nació así?,,1,
PERSONAS,CARACTERÍSTICAS DE LAS PERSONAS,CAU_CAMINAR,categoria,,por una enfermedad?,,2,
PERSONAS,CARACTERÍSTICAS DE LAS PERSONAS,CAU_CAMINAR,categoria,,por un accidente?,,3,
PERSONAS,CARACTERÍSTICAS DE LAS PERSONAS,CAU_CAMINAR,categoria,,por edad avanzada?,,4,
PERSONAS,CARACTERÍSTICAS DE LAS PERSONAS,CAU_CAMINAR,categoria,,por otra causa?,,5,
PERSONAS,CARACTERÍSTICAS DE LAS PERSONAS,CAU_CAMINAR,categoria,,No especificado,,9,
PERSONAS,CARACTERÍSTICAS DE LAS PERSONAS,CAU_CAMINAR,categoria,,Blanco por pase,,Nulo,
PERSONAS,CARACTERÍSTICAS DE LAS PERSONAS,CAU_RECORDAR,variable,Causa de la dificultad para recordar o concentrarse,¿La dificultad de (NOMBRE) para recordar o concentrarse es:,Carácter,"{1..5, 9, Nulo}",1
PERSONAS,CARACTERÍSTICAS DE LAS PERSONAS,CAU_RECORDAR,categoria,,porque nació así?,,1,
PERSONAS,CARACTERÍSTICAS DE LAS PERSONAS,CAU_RECORDAR,categoria,,por una enfermedad?,,2,
PERSONAS,CARACTERÍSTICAS DE LAS PERSONAS,CAU_RECORDAR,categoria,,por un accidente?,,3,
PERSONAS,CARACTERÍSTICAS DE LAS PERSONAS,CAU_RECORDAR,categoria,,por edad avanzada?,,4,
PERSONAS,CARACTERÍSTICAS DE LAS PERSONAS,CAU_RECORDAR,categoria,,por otra causa?,,5,
PERSONAS,CARACTERÍSTICAS DE LAS PERSONAS,CAU_RECORDAR,categoria,,No especificado,,9,
PERSONAS,CARACTERÍSTICAS DE LAS PERSONAS,CAU_RECORDAR,categoria,,Blanco por pase,,Nulo,
PERSONAS,CARACTERÍSTICAS DE LAS PERSONAS,CAU_BANARSE,variable,"Causa de la dificultad para bañarse, vestirse o comer","¿La dificultad de (NOMBRE) para bañarse, vestirse o comer es:",Carácter,"{1..5, 9, Nulo}",1
PERSONAS,CARACTERÍSTICAS DE LAS PERSONAS,CAU_BANARSE,categoria,,porque nació así?,,1,
PERSONAS,CARACTERÍSTICAS DE LAS PERSONAS,CAU_BANARSE,categoria,,por una enfermedad?,,2,
PERSONAS,CARACTERÍSTICAS DE LAS PERSONAS,CAU_BANARSE,categoria,,por un accidente?,,3,
PERSONAS,CARACTERÍSTICAS DE LAS PERSONAS,CAU_BANARSE,categoria,,por edad avanzada?,,4,
PERSONAS,CARACTERÍSTICAS DE LAS PERSONAS,CAU_BANARSE,categoria,,por otra causa?,,5,
PERSONAS,CARACTERÍSTICAS DE LAS PERSONAS,CAU_BANARSE,categoria,,No especificado,,9,
PERSONAS,CARACTERÍSTICAS DE LAS PERSONAS,CAU_BANARSE,categoria,,Blanco por pase,,Nulo,
PERSONAS,CARACTERÍSTICAS DE LAS PERSONAS,CAU_HABLAR,variable,Causa de la dificultad para hablar o comunicarse,¿La dificultad de (NOMBRE) para hablar o comunicarse (por ejemplo: entender o ser entendido por otros) es:,Carácter,"{1..5, 9, Nulo}",1
PERSONAS,CARACTERÍSTICAS DE LAS PERSONAS,CAU_HABLAR,categoria,,porque nació así?,,1,
PERSONAS,CARACTERÍSTICAS DE LAS PERSONAS,CAU_HABLAR,categoria,,por una enfermedad?,,2,
PERSONAS,CARACTERÍSTICAS DE LAS PERSONAS,CAU_HABLAR,categoria,,por un accidente?,,3,
PERSONAS,CARACTERÍSTICAS DE LAS PERSONAS,CAU_HABLAR,categoria,,por edad avanzada?,,4,
PERSONAS,CARACTERÍSTICAS DE LAS PERSONAS,CAU_HABLAR,categoria,,por otra causa?,,5,
PERSONAS,CARACTERÍSTICAS DE LAS PERSONAS,CAU_HABLAR,categoria,,No especificado,,9,
PERSONAS,CARACTERÍSTICAS DE LAS PERSONAS,CAU_HABLAR,categoria,,Blanco por pase,,Nulo,
PERSONAS,CARACTERÍSTICAS DE LAS PERSONAS,CAU_MENTAL,variable,Causa del problema o condición mental,¿La causa del problema o condición mental de (NOMBRE) es:,Carácter,"{1..5, 9, Nulo}",1
PERSONAS,CARACTERÍSTICAS DE LAS PERSONAS,CAU_MENTAL,categoria,,porque nació así?,,1,
PERSONAS,CARACTERÍSTICAS DE LAS PERSONAS,CAU_MENTAL,categoria,,por una enfermedad?,,2,
PERSONAS,CARACTERÍSTICAS DE LAS PERSONAS,CAU_MENTAL,categoria,,por un accidente?,,3,
PERSONAS,CARACTERÍSTICAS DE LAS PERSONAS,CAU_MENTAL,categoria,,por edad avanzada?,,4,
PERSONAS,CARACTERÍSTICAS DE LAS PERSONAS,CAU_MENTAL,categoria,,por otra causa?,,5,
PERSONAS,CARACTERÍSTICAS DE LAS PERSONAS,CAU_MENTAL,categoria,,No especificado,,9,
PERSONAS,CARACTERÍSTICAS DE LAS PERSONAS,CAU_MENTAL,categoria,,Blanco por pase,,Nulo,
PERSONAS,CARACTERÍSTICAS DE LAS PERSONAS,COND_MENTAL_C,variable,Problema o condición mental - Clave,¿Cuál es el problema o condición mental que tiene (NOMBRE)? Clave codificada del nombre del problema o condición mental,Carácter,"{101..401, 999, Nulo} (Según clasificador de problema o condición mental)",3
PERSONAS,CARACTERÍSTICAS DE LAS PERSONAS,COND_MENTAL_C,categoria,,Clave del problema o condición mental,,101..401,
PERSONAS,CARACTERÍSTICAS DE LAS PERSONAS,COND_MENTAL_C,categoria,,No especificado,,999,
PERSONAS,CARACTERÍSTICAS DE LAS PERSONAS,COND_MENTAL_C,categoria,,Blanco por pase,,Nulo,
PERSONAS,CARACTERÍSTICAS DE LAS PERSONAS,COND_MENTAL_G,variable,Problema o condición mental - Grupo,¿Cuál es el problema o condición mental que tiene (NOMBRE)? Agrupado,Carácter,"{1..4, 9, Nulo}",1
PERSONAS,CARACTERÍSTICAS DE LAS PERSONAS,COND_MENTAL_G,categoria,,"Problema o condición mental asociada a trastornos mentales, del comportamiento y del neurodesarrollo",,1,
PERSONAS,CARACTERÍSTICAS DE LAS PERSONAS,COND_MENTAL_G,categoria,,Problema o condición mental asociada a enfermedades del sistema nervioso,,2,
PERSONAS,CARACTERÍSTICAS DE LAS PERSONAS,COND_MENTAL_G,categoria,,Problema o condición mental asociada a anomalías del desarrollo,,3,
PERSONAS,CARACTERÍSTICAS DE LAS PERSONAS,COND_MENTAL_G,categoria,,Otros problemas o condiciones mentales,,4,
PERSONAS,CARACTERÍSTICAS DE LAS PERSONAS,COND_MENTAL_G,categoria,,Condiciones no especificadas,,9,
PERSONAS,CARACTERÍSTICAS DE LAS PERSONAS,COND_MENTAL_G,categoria,,Blanco por pase,,Nulo,
PERSONAS,CARACTERÍSTICAS DE LAS PERSONAS,HLENGUA,variable,Habla lengua indígena,Ahora quiero preguntarle. ¿(NOMBRE) habla algún dialecto o lengua indígena?,Carácter,"{1, 3, 9, Nulo}",1
PERSONAS,CARACTERÍSTICAS DE LAS PERSONAS,HLENGUA,categoria,,Sí,,1,
PERSONAS,CARACTERÍSTICAS DE LAS PERSONAS,HLENGUA,categoria,,No,,3,
PERSONAS,CARACTERÍSTICAS DE LAS PERSONAS,HLENGUA,categoria,,No especificado,,9,
PERSONAS,CARACTERÍSTICAS DE LAS PERSONAS,HLENGUA,categoria,,Blanco por pase,,Nulo,
PERSONAS,CARACTERÍSTICAS DE LAS PERSONAS,QDIALECT_INALI,variable,Lengua indígena - Clave,¿Qué dialecto o lengua indígena habla (NOMBRE)?,Carácter,"{0101..9030, 9999, Nulo}  (Según clasificador de lengua Indígena)",4
PERSONAS,CARACTERÍSTICAS DE LAS PERSONAS,QDIALECT_INALI,categoria,,Clave de lengua indígena,,0101.. 9030,
PERSONAS,CARACTERÍSTICAS DE LAS PERSONAS,QDIALECT_INALI,categoria,,No especificado,,9999,
PERSONAS,CARACTERÍSTICAS DE LAS PERSONAS,QDIALECT_INALI,categoria,,Blanco por pase,,Nulo,
PERSONAS,CARACTERÍSTICAS DE LAS PERSONAS,HESPANOL,variable,Habla español,¿(NOMBRE) habla también español?,Carácter,"{1, 3, 9, Nulo}",1
PERSONAS,CARACTERÍSTICAS DE LAS PERSONAS,HESPANOL,categoria,,Sí,,1,
PERSONAS,CARACTERÍSTICAS DE LAS PERSONAS,HESPANOL,categoria,,No,,3,
PERSONAS,CARACTERÍSTICAS DE LAS PERSONAS,HESPANOL,categoria,,No especificado,,9,
PERSONAS,CARACTERÍSTICAS DE LAS PERSONAS,HESPANOL,categoria,,Blanco por pase,,Nulo,
PERSONAS,CARACTERÍSTICAS DE LAS PERSONAS,ELENGUA,variable,Comprensión de lengua indígena,¿(NOMBRE) entiende algún dialecto o lengua indígena?,Carácter,"{5, 7, 9, Nulo}",1
PERSONAS,CARACTERÍSTICAS DE LAS PERSONAS,ELENGUA,categoria,,Sí,,5,
PERSONAS,CARACTERÍSTICAS DE LAS PERSONAS,ELENGUA,categoria,,No,,7,
PERSONAS,CARACTERÍSTICAS DE LAS PERSONAS,ELENGUA,categoria,,No especificado,,9,
PERSONAS,CARACTERÍSTICAS DE LAS PERSONAS,ELENGUA,categoria,,Blanco por pase,,Nulo,
PERSONAS,CARACTERÍSTICAS DE LAS PERSONAS,ASISTEN,variable,Asistencia escolar,¿(NOMBRE) asiste actualmente a la escuela?,Carácter,"{1, 3, 9, Nulo}",1
PERSONAS,CARACTERÍSTICAS DE LAS PERSONAS,ASISTEN,categoria,,Sí,,1,
PERSONAS,CARACTERÍSTICAS DE LAS PERSONAS,ASISTEN,categoria,,No,,3,
PERSONAS,CARACTERÍSTICAS DE LAS PERSONAS,ASISTEN,categoria,,No especificado,,9,
PERSONAS,CARACTERÍSTICAS DE LAS PERSONAS,ASISTEN,categoria,,Blanco por pase,,Nulo,
PERSONAS,CARACTERÍSTICAS DE LAS PERSONAS,MUN_ASI,variable,Municipio de asistencia escolar,¿En qué municipio (demarcación territorial) está la escuela donde estudia (NOMBRE)?,Carácter,"{001..570, 999, Nulo}  (Según clasificador de municipio o demarcación territorial)",3
PERSONAS,CARACTERÍSTICAS DE LAS PERSONAS,MUN_ASI,categoria,,Clave de municipio (demarcación territorial),,001..570,
PERSONAS,CARACTERÍSTICAS DE LAS PERSONAS,MUN_ASI,categoria,,No especificado,,999,
PERSONAS,CARACTERÍSTICAS DE LAS PERSONAS,MUN_ASI,categoria,,Blanco por pase,,Nulo,
PERSONAS,CARACTERÍSTICAS DE LAS PERSONAS,ENT_PAIS_ASI,variable,Entidad o país de asistencia escolar,¿En qué estado o país está la escuela donde estudia (NOMBRE)?,Carácter,"{001..032, 100..536, 997..999}  (Según clasificador de entidad federativa y país)",3
PERSONAS,CARACTERÍSTICAS DE LAS PERSONAS,ENT_PAIS_ASI,categoria,,Clave de entidad federativa,,001..032,
PERSONAS,CARACTERÍSTICAS DE LAS PERSONAS,ENT_PAIS_ASI,categoria,,Clave de país,,100..536,
PERSONAS,CARACTERÍSTICAS DE LAS PERSONAS,ENT_PAIS_ASI,categoria,,No especificado de entidad federativa,,997,
PERSONAS,CARACTERÍSTICAS DE LAS PERSONAS,ENT_PAIS_ASI,categoria,,No especificado de país,,998,
PERSONAS,CARACTERÍSTICAS DE LAS PERSONAS,ENT_PAIS_ASI,categoria,,No especificado,,999,
PERSONAS,CARACTERÍSTICAS DE LAS PERSONAS,ENT_PAIS_ASI,categoria,,Blanco por pase,,Nulo,
PERSONAS,CARACTERÍSTICAS DE LAS PERSONAS,TIE_TRASLADO_ESCU,variable,Tiempo de traslado a la escuela,¿Cuánto tiempo hace (NOMBRE) de aquí a su escuela?,Carácter,"{1..6, 9, Nulo}",1
PERSONAS,CARACTERÍSTICAS DE LAS PERSONAS,TIE_TRASLADO_ESCU,categoria,,Hasta 15 minutos,,1,
PERSONAS,CARACTERÍSTICAS DE LAS PERSONAS,TIE_TRASLADO_ESCU,categoria,,16 a 30 minutos,,2,
PERSONAS,CARACTERÍSTICAS DE LAS PERSONAS,TIE_TRASLADO_ESCU,categoria,,31 minutos a 1 hora,,3,
PERSONAS,CARACTERÍSTICAS DE LAS PERSONAS,TIE_TRASLADO_ESCU,categoria,,Más de 1 hora y hasta 2 horas,,4,
PERSONAS,CARACTERÍSTICAS DE LAS PERSONAS,TIE_TRASLADO_ESCU,categoria,,Más de 2 horas,,5,
PERSONAS,CARACTERÍSTICAS DE LAS PERSONAS,TIE_TRASLADO_ESCU,categoria,,No se traslada,,6,
PERSONAS,CARACTERÍSTICAS DE LAS PERSONAS,TIE_TRASLADO_ESCU,categoria,,No especificado,,9,
PERSONAS,CARACTERÍSTICAS DE LAS PERSONAS,TIE_TRASLADO_ESCU,categoria,,Blanco por pase,,Nulo,
PERSONAS,CARACTERÍSTICAS DE LAS PERSONAS,MED_TRASLADO_ESC1,variable,Modo o medio de traslado a la escuela (opción 1),¿Cómo acostumbra (NOMBRE) ir de aquí a su escuela?,Carácter,"{01..12, 99, Nulo}",2
PERSONAS,CARACTERÍSTICAS DE LAS PERSONAS,MED_TRASLADO_ESC1,categoria,,Caminando,,01,
PERSONAS,CARACTERÍSTICAS DE LAS PERSONAS,MED_TRASLADO_ESC1,categoria,,Bicicleta,,02,
PERSONAS,CARACTERÍSTICAS DE LAS PERSONAS,MED_TRASLADO_ESC1,categoria,,"Metro, tren ligero, tren suburbano",,03,
PERSONAS,CARACTERÍSTICAS DE LAS PERSONAS,MED_TRASLADO_ESC1,categoria,,Trolebús,,04,
PERSONAS,CARACTERÍSTICAS DE LAS PERSONAS,MED_TRASLADO_ESC1,categoria,,Metrobús (autobús en carril confinado),,05,
PERSONAS,CARACTERÍSTICAS DE LAS PERSONAS,MED_TRASLADO_ESC1,categoria,,"Camión, autobús, combi, colectivo",,06,
PERSONAS,CARACTERÍSTICAS DE LAS PERSONAS,MED_TRASLADO_ESC1,categoria,,Transporte escolar,,07,
PERSONAS,CARACTERÍSTICAS DE LAS PERSONAS,MED_TRASLADO_ESC1,categoria,,"Taxi (sitio, calle, otro)",,08,
PERSONAS,CARACTERÍSTICAS DE LAS PERSONAS,MED_TRASLADO_ESC1,categoria,,Taxi (app internet),,09,
PERSONAS,CARACTERÍSTICAS DE LAS PERSONAS,MED_TRASLADO_ESC1,categoria,,Motocicleta o motoneta,,10,
PERSONAS,CARACTERÍSTICAS DE LAS PERSONAS,MED_TRASLADO_ESC1,categoria,,Automóvil o camioneta,,11,
PERSONAS,CARACTERÍSTICAS DE LAS PERSONAS,MED_TRASLADO_ESC1,categoria,,Otro,,12,
PERSONAS,CARACTERÍSTICAS DE LAS PERSONAS,MED_TRASLADO_ESC1,categoria,,No especificado,,99,
PERSONAS,CARACTERÍSTICAS DE LAS PERSONAS,MED_TRASLADO_ESC1,categoria,,Blanco por pase,,Nulo,
PERSONAS,CARACTERÍSTICAS DE LAS PERSONAS,MED_TRASLADO_ESC2,variable,Modo o medio de traslado a la escuela (opción 2),¿Cómo acostumbra (NOMBRE) ir de aquí a su escuela?,Carácter,"{02..12, Nulo}",2
PERSONAS,CARACTERÍSTICAS DE LAS PERSONAS,MED_TRASLADO_ESC2,categoria,,Bicicleta,,02,
PERSONAS,CARACTERÍSTICAS DE LAS PERSONAS,MED_TRASLADO_ESC2,categoria,,"Metro, tren ligero, tren suburbano",,03,
PERSONAS,CARACTERÍSTICAS DE LAS PERSONAS,MED_TRASLADO_ESC2,categoria,,Trolebús,,04,
PERSONAS,CARACTERÍSTICAS DE LAS PERSONAS,MED_TRASLADO_ESC2,categoria,,Metrobús (autobús en carril confinado),,05,
PERSONAS,CARACTERÍSTICAS DE LAS PERSONAS,MED_TRASLADO_ESC2,categoria,,"Camión, autobús, combi, colectivo",,06,
PERSONAS,CARACTERÍSTICAS DE LAS PERSONAS,MED_TRASLADO_ESC2,categoria,,Transporte escolar,,07,
PERSONAS,CARACTERÍSTICAS DE LAS PERSONAS,MED_TRASLADO_ESC2,categoria,,"Taxi (sitio, calle, otro)",,08,
PERSONAS,CARACTERÍSTICAS DE LAS PERSONAS,MED_TRASLADO_ESC2,categoria,,Taxi (app internet),,09,
PERSONAS,CARACTERÍSTICAS DE LAS PERSONAS,MED_TRASLADO_ESC2,categoria,,Motocicleta o motoneta,,10,
PERSONAS,CARACTERÍSTICAS DE LAS PERSONAS,MED_TRASLADO_ESC2,categoria,,Automóvil o camioneta,,11,
PERSONAS,CARACTERÍSTICAS DE LAS PERSONAS,MED_TRASLADO_ESC2,categoria,,Otro,,12,
PERSONAS,CARACTERÍSTICAS DE LAS PERSONAS,MED_TRASLADO_ESC2,categoria,,Blanco por pase,,Nulo,
PERSONAS,CARACTERÍSTICAS DE LAS PERSONAS,MED_TRASLADO_ESC3,variable,Modo o medio de traslado a la escuela (opción 3),¿Cómo acostumbra (NOMBRE) ir de aquí a su escuela?,Carácter,"{03..12, Nulo}",2
PERSONAS,CARACTERÍSTICAS DE LAS PERSONAS,MED_TRASLADO_ESC3,categoria,,"Metro, tren ligero, tren suburbano",,03,
PERSONAS,CARACTERÍSTICAS DE LAS PERSONAS,MED_TRASLADO_ESC3,categoria,,Trolebús,,04,
PERSONAS,CARACTERÍSTICAS DE LAS PERSONAS,MED_TRASLADO_ESC3,categoria,,Metrobús (autobús en carril confinado),,05,
PERSONAS,CARACTERÍSTICAS DE LAS PERSONAS,MED_TRASLADO_ESC3,categoria,,"Camión, autobús, combi, colectivo",,06,
PERSONAS,CARACTERÍSTICAS DE LAS PERSONAS,MED_TRASLADO_ESC3,categoria,,Transporte escolar,,07,
PERSONAS,CARACTERÍSTICAS DE LAS PERSONAS,MED_TRASLADO_ESC3,categoria,,"Taxi (sitio, calle, otro)",,08,
PERSONAS,CARACTERÍSTICAS DE LAS PERSONAS,MED_TRASLADO_ESC3,categoria,,Taxi (app internet),,09,
PERSONAS,CARACTERÍSTICAS DE LAS PERSONAS,MED_TRASLADO_ESC3,categoria,,Motocicleta o motoneta,,10,
PERSONAS,CARACTERÍSTICAS DE LAS PERSONAS,MED_TRASLADO_ESC3,categoria,,Automóvil o camioneta,,11,
PERSONAS,CARACTERÍSTICAS DE LAS PERSONAS,MED_TRASLADO_ESC3,categoria,,Otro,,12,
PERSONAS,CARACTERÍSTICAS DE LAS PERSONAS,MED_TRASLADO_ESC3,categoria,,Blanco por pase,,Nulo,
PERSONAS,CARACTERÍSTICAS DE LAS PERSONAS,NIVACAD,variable,Nivel (Escolaridad),¿Cuál fue el último año o grado aprobado por (NOMBRE) en la escuela?,Carácter,"{00..14, 99, Nulo}",2
PERSONAS,CARACTERÍSTICAS DE LAS PERSONAS,NIVACAD,categoria,,Ninguno,,00,
PERSONAS,CARACTERÍSTICAS DE LAS PERSONAS,NIVACAD,categoria,,Preescolar,,01,
PERSONAS,CARACTERÍSTICAS DE LAS PERSONAS,NIVACAD,categoria,,Primaria,,02,
PERSONAS,CARACTERÍSTICAS DE LAS PERSONAS,NIVACAD,categoria,,Secundaria,,03,
PERSONAS,CARACTERÍSTICAS DE LAS PERSONAS,NIVACAD,categoria,,Preparatoria o bachillerato general,,04,
PERSONAS,CARACTERÍSTICAS DE LAS PERSONAS,NIVACAD,categoria,,Bachillerato tecnológico,,05,
PERSONAS,CARACTERÍSTICAS DE LAS PERSONAS,NIVACAD,categoria,,Estudios técnicos o comerciales con primaria terminada,,06,
PERSONAS,CARACTERÍSTICAS DE LAS PERSONAS,NIVACAD,categoria,,Estudios técnicos o comerciales con secundaria terminada,,07,
PERSONAS,CARACTERÍSTICAS DE LAS PERSONAS,NIVACAD,categoria,,Estudios técnicos o comerciales con preparatoria terminada,,08,
PERSONAS,CARACTERÍSTICAS DE LAS PERSONAS,NIVACAD,categoria,,Normal con primaria o secundaria terminada,,09,
PERSONAS,CARACTERÍSTICAS DE LAS PERSONAS,NIVACAD,categoria,,Normal de licenciatura,,10,
PERSONAS,CARACTERÍSTICAS DE LAS PERSONAS,NIVACAD,categoria,,Licenciatura,,11,
PERSONAS,CARACTERÍSTICAS DE LAS PERSONAS,NIVACAD,categoria,,Especialidad,,12,
PERSONAS,CARACTERÍSTICAS DE LAS PERSONAS,NIVACAD,categoria,,Maestría,,13,
PERSONAS,CARACTERÍSTICAS DE LAS PERSONAS,NIVACAD,categoria,,Doctorado,,14,
PERSONAS,CARACTERÍSTICAS DE LAS PERSONAS,NIVACAD,categoria,,No especificado,,99,
PERSONAS,CARACTERÍSTICAS DE LAS PERSONAS,NIVACAD,categoria,,Blanco por pase,,Nulo,
PERSONAS,CARACTERÍSTICAS DE LAS PERSONAS,ESCOLARI,variable,Grado (Escolaridad),¿Cuál fue el último año o grado aprobado por (NOMBRE) en la escuela?,Carácter,"{00..08, 99, Nulo}",2
PERSONAS,CARACTERÍSTICAS DE LAS PERSONAS,ESCOLARI,categoria,,Ninguno,,00,
PERSONAS,CARACTERÍSTICAS DE LAS PERSONAS,ESCOLARI,categoria,,Grado de escolaridad,,01..08,
PERSONAS,CARACTERÍSTICAS DE LAS PERSONAS,ESCOLARI,categoria,,No especificado,,99,
PERSONAS,CARACTERÍSTICAS DE LAS PERSONAS,ESCOLARI,categoria,,Blanco por pase,,Nulo,
PERSONAS,CARACTERÍSTICAS DE LAS PERSONAS,ALFABET,variable,Alfabetismo,¿(NOMBRE) sabe leer y escribir un recado?,Carácter,"{1, 3, 9, Nulo}",1
PERSONAS,CARACTERÍSTICAS DE LAS PERSONAS,ALFABET,categoria,,Sí,,1,
PERSONAS,CARACTERÍSTICAS DE LAS PERSONAS,ALFABET,categoria,,No,,3,
PERSONAS,CARACTERÍSTICAS DE LAS PERSONAS,ALFABET,categoria,,No especificado,,9,
PERSONAS,CARACTERÍSTICAS DE LAS PERSONAS,ALFABET,categoria,,Blanco por pase,,Nulo,
PERSONAS,CARACTERÍSTICAS DE LAS PERSONAS,ESCOACUM,variable,Escolaridad acumulada,Escolaridad acumulada,Numérico,"{0..24, 99, Nulo}  (Según clasificador de escolaridad acumulada)",2
PERSONAS,CARACTERÍSTICAS DE LAS PERSONAS,ESCOACUM,categoria,,Descripción por tabla de referencia,,0..24,
PERSONAS,CARACTERÍSTICAS DE LAS PERSONAS,ESCOACUM,categoria,,No especificado,,99,
PERSONAS,CARACTERÍSTICAS DE LAS PERSONAS,ESCOACUM,categoria,,Blanco por pase,,Nulo,
PERSONAS,CARACTERÍSTICAS DE LAS PERSONAS,ENT_PAIS_RES_5A,variable,Entidad o país de residencia en octubre de 2020,"Hace 5 años, en octubre de 2020, ¿en qué estado de la república o en qué país vivía (NOMBRE)?",Carácter,"{001..032, 100..536, 997..999}  (Según clasificador de entidad federativa y país)",3
PERSONAS,CARACTERÍSTICAS DE LAS PERSONAS,ENT_PAIS_RES_5A,categoria,,Clave de entidad federativa,,001..032,
PERSONAS,CARACTERÍSTICAS DE LAS PERSONAS,ENT_PAIS_RES_5A,categoria,,Clave de país,,100..536,
PERSONAS,CARACTERÍSTICAS DE LAS PERSONAS,ENT_PAIS_RES_5A,categoria,,No especificado de entidad federativa,,997,
PERSONAS,CARACTERÍSTICAS DE LAS PERSONAS,ENT_PAIS_RES_5A,categoria,,No especificado de país,,998,
PERSONAS,CARACTERÍSTICAS DE LAS PERSONAS,ENT_PAIS_RES_5A,categoria,,No especificado,,999,
PERSONAS,CARACTERÍSTICAS DE LAS PERSONAS,ENT_PAIS_RES_5A,categoria,,Blanco por pase,,Nulo,
PERSONAS,CARACTERÍSTICAS DE LAS PERSONAS,MUN_RES_5A,variable,Municipio de residencia en octubre de 2020,¿En qué municipio (demarcación territorial) vivía (NOMBRE) en octubre de 2020?,Carácter,"{001..570, 999, Nulo}  (Según clasificador de municipio o demarcación territorial)",3
PERSONAS,CARACTERÍSTICAS DE LAS PERSONAS,MUN_RES_5A,categoria,,Clave de municipio (demarcación territorial),,001..570,
PERSONAS,CARACTERÍSTICAS DE LAS PERSONAS,MUN_RES_5A,categoria,,No especificado,,999,
PERSONAS,CARACTERÍSTICAS DE LAS PERSONAS,MUN_RES_5A,categoria,,Blanco por pase,,Nulo,
PERSONAS,CARACTERÍSTICAS DE LAS PERSONAS,CAUSA_MIG_C,variable,Causa de la migración (otra causa),¿Cuál fue el motivo principal por el que (NOMBRE) cambió su domicilio y dejó de residir en (MUNICIPIO O DEMARCACIÓN TERRITORIAL O PAÍS)?,Carácter,"{0101..0902, 9999, Nulo} (Según clasificador de causa de migración)",4
PERSONAS,CARACTERÍSTICAS DE LAS PERSONAS,CAUSA_MIG_C,categoria,,Clave de causa de la migración,,0101..0902,
PERSONAS,CARACTERÍSTICAS DE LAS PERSONAS,CAUSA_MIG_C,categoria,,No especificado,,9999,
PERSONAS,CARACTERÍSTICAS DE LAS PERSONAS,CAUSA_MIG_C,categoria,,Blanco por pase,,Nulo,
PERSONAS,CARACTERÍSTICAS DE LAS PERSONAS,SITUA_CONYUGAL,variable,Situación conyugal,¿Actualmente (NOMBRE):,Carácter,"{01..09, 99, Nulo}",2
PERSONAS,CARACTERÍSTICAS DE LAS PERSONAS,SITUA_CONYUGAL,categoria,,vive con su pareja en unión libre?,,01,
PERSONAS,CARACTERÍSTICAS DE LAS PERSONAS,SITUA_CONYUGAL,categoria,,está separada(o) de una unión libre?,,02,
PERSONAS,CARACTERÍSTICAS DE LAS PERSONAS,SITUA_CONYUGAL,categoria,,está separada(o) de un matrimonio?,,03,
PERSONAS,CARACTERÍSTICAS DE LAS PERSONAS,SITUA_CONYUGAL,categoria,,está divorciada(o)?,,04,
PERSONAS,CARACTERÍSTICAS DE LAS PERSONAS,SITUA_CONYUGAL,categoria,,es viuda(o)?,,05,
PERSONAS,CARACTERÍSTICAS DE LAS PERSONAS,SITUA_CONYUGAL,categoria,,está casada(o) solo por el civil?,,06,
PERSONAS,CARACTERÍSTICAS DE LAS PERSONAS,SITUA_CONYUGAL,categoria,,está casada(o) solo religiosamente?,,07,
PERSONAS,CARACTERÍSTICAS DE LAS PERSONAS,SITUA_CONYUGAL,categoria,,está casada(o) civil y religiosamente?,,08,
PERSONAS,CARACTERÍSTICAS DE LAS PERSONAS,SITUA_CONYUGAL,categoria,,está soltera(o)?,,09,
PERSONAS,CARACTERÍSTICAS DE LAS PERSONAS,SITUA_CONYUGAL,categoria,,No especificado,,99,
PERSONAS,CARACTERÍSTICAS DE LAS PERSONAS,SITUA_CONYUGAL,categoria,,Blanco por pase,,Nulo,
PERSONAS,CARACTERÍSTICAS DE LAS PERSONAS,IDENT_PAREJA,variable,Identificación de la pareja,"En esta vivienda, ¿vive la pareja o esposa(o) de (NOMBRE)?",Carácter,"{01..54, 96, 99, Nulo}",2
PERSONAS,CARACTERÍSTICAS DE LAS PERSONAS,IDENT_PAREJA,categoria,,Sí… ¿Quién es?,,01..54,
PERSONAS,CARACTERÍSTICAS DE LAS PERSONAS,IDENT_PAREJA,categoria,,No,,96,
PERSONAS,CARACTERÍSTICAS DE LAS PERSONAS,IDENT_PAREJA,categoria,,No especificado,,99,
PERSONAS,CARACTERÍSTICAS DE LAS PERSONAS,IDENT_PAREJA,categoria,,Blanco por pase,,Nulo,
PERSONAS,CARACTERÍSTICAS DE LAS PERSONAS,CONACT,variable,Condición de actividad (con rescate por verificación de actividad),Ahora le voy a preguntar por la situación laboral. ¿La semana pasada (NOMBRE):,Carácter,"{10, 13..20, 30, 40, 50, 60, 70, 80, 99, Nulo}",2
PERSONAS,CARACTERÍSTICAS DE LAS PERSONAS,CONACT,categoria,,Trabajó,,10,
PERSONAS,CARACTERÍSTICAS DE LAS PERSONAS,CONACT,categoria,,Se declara que buscó trabajo y en la verificación se rescata que trabaja,,13,
PERSONAS,CARACTERÍSTICAS DE LAS PERSONAS,CONACT,categoria,,Se declara que es pensionada(o) o jubilada(o) y en la verificación se rescata que trabaja,,14,
PERSONAS,CARACTERÍSTICAS DE LAS PERSONAS,CONACT,categoria,,Se declara que es estudiante y en la verificación se rescata que trabaja,,15,
PERSONAS,CARACTERÍSTICAS DE LAS PERSONAS,CONACT,categoria,,Se dedica a los quehaceres de su hogar y en la verificación se rescata que trabaja,,16,
PERSONAS,CARACTERÍSTICAS DE LAS PERSONAS,CONACT,categoria,,Se declara que tiene alguna limitación física o mental permanente que le impide trabajar y en la verificación se rescata que trabaja,,17,
PERSONAS,CARACTERÍSTICAS DE LAS PERSONAS,CONACT,categoria,,Se declara en otra situación de actividad y en la verificación se rescata que trabaja,,18,
PERSONAS,CARACTERÍSTICAS DE LAS PERSONAS,CONACT,categoria,,No se tiene información en condición de actividad y en la verificación se rescata que trabaja,,19,
PERSONAS,CARACTERÍSTICAS DE LAS PERSONAS,CONACT,categoria,,"Tenía trabajo, pero no trabajó",,20,
PERSONAS,CARACTERÍSTICAS DE LAS PERSONAS,CONACT,categoria,,Buscó trabajo,,30,
PERSONAS,CARACTERÍSTICAS DE LAS PERSONAS,CONACT,categoria,,Es pensionada(o) o jubilada(o),,40,
PERSONAS,CARACTERÍSTICAS DE LAS PERSONAS,CONACT,categoria,,Es estudiante,,50,
PERSONAS,CARACTERÍSTICAS DE LAS PERSONAS,CONACT,categoria,,Se dedica a los quehaceres de su hogar,,60,
PERSONAS,CARACTERÍSTICAS DE LAS PERSONAS,CONACT,categoria,,Tiene alguna limitación física o mental permanente que le impide trabajar,,70,
PERSONAS,CARACTERÍSTICAS DE LAS PERSONAS,CONACT,categoria,,No trabaja,,80,
PERSONAS,CARACTERÍSTICAS DE LAS PERSONAS,CONACT,categoria,,No especificado,,99,
PERSONAS,CARACTERÍSTICAS DE LAS PERSONAS,CONACT,categoria,,Blanco por pase,,Nulo,
PERSONAS,CARACTERÍSTICAS DE LAS PERSONAS,OCUPACION_C,variable,Ocupación - Clave,"¿Cuál es el nombre de la ocupación, oficio, puesto o cargo de (NOMBRE) la semana pasada? Por ejemplo: agricultor de maíz, empleada en farmacia, chofer de autobús, comerciante de abarrotes, albañil, trabajadora doméstica, auxiliar administrativo.",Carácter,"{111..989, 999, Nulo}  (Según clasificador de ocupación)",3
PERSONAS,CARACTERÍSTICAS DE LAS PERSONAS,OCUPACION_C,categoria,,Clave de ocupación (activo),,111..989,
PERSONAS,CARACTERÍSTICAS DE LAS PERSONAS,OCUPACION_C,categoria,,No especificado,,999,
PERSONAS,CARACTERÍSTICAS DE LAS PERSONAS,OCUPACION_C,categoria,,Blanco por pase,,Nulo,
PERSONAS,CARACTERÍSTICAS DE LAS PERSONAS,SITTRA,variable,Posición en el trabajo,¿En ese trabajo (NOMBRE) fue:,Carácter,"{1..6, 9, Nulo}",1
PERSONAS,CARACTERÍSTICAS DE LAS PERSONAS,SITTRA,categoria,,empleada(o) u obrera(o)?,,1,
PERSONAS,CARACTERÍSTICAS DE LAS PERSONAS,SITTRA,categoria,,jornalera(o) o peón(a)?,,2,
PERSONAS,CARACTERÍSTICAS DE LAS PERSONAS,SITTRA,categoria,,ayudante con pago?,,3,
PERSONAS,CARACTERÍSTICAS DE LAS PERSONAS,SITTRA,categoria,,patrón(a) o empleador(a)? (Tiene trabajadores por un sueldo),,4,
PERSONAS,CARACTERÍSTICAS DE LAS PERSONAS,SITTRA,categoria,,trabajador(a) por cuenta propia? (No tiene trabajadores por un sueldo),,5,
PERSONAS,CARACTERÍSTICAS DE LAS PERSONAS,SITTRA,categoria,,trabajador(a) sin pago?,,6,
PERSONAS,CARACTERÍSTICAS DE LAS PERSONAS,SITTRA,categoria,,No especificado,,9,
PERSONAS,CARACTERÍSTICAS DE LAS PERSONAS,SITTRA,categoria,,Blanco por pase,,Nulo,
PERSONAS,CARACTERÍSTICAS DE LAS PERSONAS,SITTRA,categoria,,¿(NOMBRE) tiene por su trabajo:,,,
PERSONAS,CARACTERÍSTICAS DE LAS PERSONAS,AGUINALDO,variable,Aguinaldo (Prestaciones laborales),aguinaldo?,Carácter,"{1, 2, 9, Nulo}",1
PERSONAS,CARACTERÍSTICAS DE LAS PERSONAS,AGUINALDO,categoria,,Sí,,1,
PERSONAS,CARACTERÍSTICAS DE LAS PERSONAS,AGUINALDO,categoria,,No,,2,
PERSONAS,CARACTERÍSTICAS DE LAS PERSONAS,AGUINALDO,categoria,,No especificado,,9,
PERSONAS,CARACTERÍSTICAS DE LAS PERSONAS,AGUINALDO,categoria,,Blanco por pase,,Nulo,
PERSONAS,CARACTERÍSTICAS DE LAS PERSONAS,VACACIONES,variable,Vacaciones con goce de sueldo (Prestaciones laborales),vacaciones con goce de sueldo?,Carácter,"{3, 4, 9, Nulo}",1
PERSONAS,CARACTERÍSTICAS DE LAS PERSONAS,VACACIONES,categoria,,Sí,,3,
PERSONAS,CARACTERÍSTICAS DE LAS PERSONAS,VACACIONES,categoria,,No,,4,
PERSONAS,CARACTERÍSTICAS DE LAS PERSONAS,VACACIONES,categoria,,No especificado,,9,
PERSONAS,CARACTERÍSTICAS DE LAS PERSONAS,VACACIONES,categoria,,Blanco por pase,,Nulo,
PERSONAS,CARACTERÍSTICAS DE LAS PERSONAS,SERVICIO_MEDICO,variable,Servicio médico (Prestaciones laborales),"servicio médico (IMSS, ISSSTE u otro)?",Carácter,"{5, 6, 9, Nulo}",1
PERSONAS,CARACTERÍSTICAS DE LAS PERSONAS,SERVICIO_MEDICO,categoria,,Sí,,5,
PERSONAS,CARACTERÍSTICAS DE LAS PERSONAS,SERVICIO_MEDICO,categoria,,No,,6,
PERSONAS,CARACTERÍSTICAS DE LAS PERSONAS,SERVICIO_MEDICO,categoria,,No especificado,,9,
PERSONAS,CARACTERÍSTICAS DE LAS PERSONAS,SERVICIO_MEDICO,categoria,,Blanco por pase,,Nulo,
PERSONAS,CARACTERÍSTICAS DE LAS PERSONAS,UTILIDADES,variable,Reparto de utilidades (Prestaciones laborales),reparto de utilidades?,Carácter,"{7..9, Nulo}",1
PERSONAS,CARACTERÍSTICAS DE LAS PERSONAS,UTILIDADES,categoria,,Sí,,7,
PERSONAS,CARACTERÍSTICAS DE LAS PERSONAS,UTILIDADES,categoria,,No,,8,
PERSONAS,CARACTERÍSTICAS DE LAS PERSONAS,UTILIDADES,categoria,,No especificado,,9,
PERSONAS,CARACTERÍSTICAS DE LAS PERSONAS,UTILIDADES,categoria,,Blanco por pase,,Nulo,
PERSONAS,CARACTERÍSTICAS DE LAS PERSONAS,INCAP_SUELDO,variable,Licencia o incapacidad con goce de sueldo (Prestaciones laborales),licencia o incapacidad con goce de sueldo?,Carácter,"{1, 2, 9, Nulo}",1
PERSONAS,CARACTERÍSTICAS DE LAS PERSONAS,INCAP_SUELDO,categoria,,Sí,,1,
PERSONAS,CARACTERÍSTICAS DE LAS PERSONAS,INCAP_SUELDO,categoria,,No,,2,
PERSONAS,CARACTERÍSTICAS DE LAS PERSONAS,INCAP_SUELDO,categoria,,No especificado,,9,
PERSONAS,CARACTERÍSTICAS DE LAS PERSONAS,INCAP_SUELDO,categoria,,Blanco por pase,,Nulo,
PERSONAS,CARACTERÍSTICAS DE LAS PERSONAS,SAR_AFORE,variable,Ahorro para el retiro (Prestaciones laborales),AFORE o SAR (ahorro para el retiro)?,Carácter,"{3, 4, 9, Nulo}",1
PERSONAS,CARACTERÍSTICAS DE LAS PERSONAS,SAR_AFORE,categoria,,Sí,,3,
PERSONAS,CARACTERÍSTICAS DE LAS PERSONAS,SAR_AFORE,categoria,,No,,4,
PERSONAS,CARACTERÍSTICAS DE LAS PERSONAS,SAR_AFORE,categoria,,No especificado,,9,
PERSONAS,CARACTERÍSTICAS DE LAS PERSONAS,SAR_AFORE,categoria,,Blanco por pase,,Nulo,
PERSONAS,CARACTERÍSTICAS DE LAS PERSONAS,CREDITO_VIVIENDA,variable,Crédito para la vivienda (Prestaciones laborales),crédito para la vivienda?,Carácter,"{5, 6, 9, Nulo}",1
PERSONAS,CARACTERÍSTICAS DE LAS PERSONAS,CREDITO_VIVIENDA,categoria,,Sí,,5,
PERSONAS,CARACTERÍSTICAS DE LAS PERSONAS,CREDITO_VIVIENDA,categoria,,No,,6,
PERSONAS,CARACTERÍSTICAS DE LAS PERSONAS,CREDITO_VIVIENDA,categoria,,No especificado,,9,
PERSONAS,CARACTERÍSTICAS DE LAS PERSONAS,CREDITO_VIVIENDA,categoria,,Blanco por pase,,Nulo,
PERSONAS,CARACTERÍSTICAS DE LAS PERSONAS,INGTRMEN,variable,Ingresos por trabajo mensualizado,"¿Cuánto gana (NOMBRE) en ese trabajo? Por ejemplo: por la venta de la cosecha, animales, derivados, comisiones, salarios, sueldos.",Numérico,"{0..999998, 999999, Nulo}",6
PERSONAS,CARACTERÍSTICAS DE LAS PERSONAS,INGTRMEN,categoria,,No recibe ingresos,,0,
PERSONAS,CARACTERÍSTICAS DE LAS PERSONAS,INGTRMEN,categoria,,Ingresos especificados,,1..999997,
PERSONAS,CARACTERÍSTICAS DE LAS PERSONAS,INGTRMEN,categoria,,"Ingresos mayores a 999,997",,999998,
PERSONAS,CARACTERÍSTICAS DE LAS PERSONAS,INGTRMEN,categoria,,No especificado,,999999,
PERSONAS,CARACTERÍSTICAS DE LAS PERSONAS,INGTRMEN,categoria,,Blanco por pase,,Nulo,
PERSONAS,CARACTERÍSTICAS DE LAS PERSONAS,HORTRA,variable,Horas trabajadas,¿Cuántas horas trabajó (NOMBRE) la semana pasada?,Numérico,"{0..140, 999, Nulo}",3
PERSONAS,CARACTERÍSTICAS DE LAS PERSONAS,HORTRA,categoria,,Horas trabajadas,,0..140,
PERSONAS,CARACTERÍSTICAS DE LAS PERSONAS,HORTRA,categoria,,No especificado,,999,
PERSONAS,CARACTERÍSTICAS DE LAS PERSONAS,HORTRA,categoria,,Blanco por pase,,Nulo,
PERSONAS,CARACTERÍSTICAS DE LAS PERSONAS,ACTIVIDADES_C,variable,Sector de actividad económica - Clave,"¿A qué se dedica el negocio, empresa o institución para la que trabajó (NOMBRE)? Por ejemplo: hacer muebles de madera, hacer escobas, reparar autos, vender ropa usada, armar televisores.",Carácter,"{1110..9399, 9999, Nulo}  (Según clasificador de actividad económica)",4
PERSONAS,CARACTERÍSTICAS DE LAS PERSONAS,ACTIVIDADES_C,categoria,,Clave de actividad económica (activo),,1110..9399,
PERSONAS,CARACTERÍSTICAS DE LAS PERSONAS,ACTIVIDADES_C,categoria,,No especificado,,9999,
PERSONAS,CARACTERÍSTICAS DE LAS PERSONAS,ACTIVIDADES_C,categoria,,Blanco por pase,,Nulo,
PERSONAS,CARACTERÍSTICAS DE LAS PERSONAS,MUN_TRAB,variable,Municipio de trabajo,"¿En qué municipio (demarcación territorial) está el negocio, empresa o institución para la que trabajó (NOMBRE) la semana pasada?",Carácter,"{001..570, 999, Nulo}  (Según clasificador de municipio o demarcación territorial)",3
PERSONAS,CARACTERÍSTICAS DE LAS PERSONAS,MUN_TRAB,categoria,,Clave de municipio (demarcación territorial),,001..570,
PERSONAS,CARACTERÍSTICAS DE LAS PERSONAS,MUN_TRAB,categoria,,No especificado,,999,
PERSONAS,CARACTERÍSTICAS DE LAS PERSONAS,MUN_TRAB,categoria,,Blanco por pase,,Nulo,
PERSONAS,CARACTERÍSTICAS DE LAS PERSONAS,ENT_PAIS_TRAB,variable,Entidad o país de trabajo,"¿En qué estado o país está el negocio, empresa o institución para la que trabajó (NOMBRE) la semana pasada?",Carácter,"{001..032, 100..536, 997..999}  (Según clasificador de entidad federativa y país)",3
PERSONAS,CARACTERÍSTICAS DE LAS PERSONAS,ENT_PAIS_TRAB,categoria,,Clave de entidad federativa,,001..032,
PERSONAS,CARACTERÍSTICAS DE LAS PERSONAS,ENT_PAIS_TRAB,categoria,,Clave de país,,100..536,
PERSONAS,CARACTERÍSTICAS DE LAS PERSONAS,ENT_PAIS_TRAB,categoria,,No especificado de entidad federativa,,997,
PERSONAS,CARACTERÍSTICAS DE LAS PERSONAS,ENT_PAIS_TRAB,categoria,,No especificado de país,,998,
PERSONAS,CARACTERÍSTICAS DE LAS PERSONAS,ENT_PAIS_TRAB,categoria,,No especificado,,999,
PERSONAS,CARACTERÍSTICAS DE LAS PERSONAS,ENT_PAIS_TRAB,categoria,,Blanco por pase,,Nulo,
PERSONAS,CARACTERÍSTICAS DE LAS PERSONAS,TIE_TRASLADO_TRAB,variable,Tiempo de traslado al trabajo,¿Cuánto tiempo hace (NOMBRE) de aquí a su trabajo?,Carácter,"{1..7, 9, Nulo}",1
PERSONAS,CARACTERÍSTICAS DE LAS PERSONAS,TIE_TRASLADO_TRAB,categoria,,Hasta 15 minutos,,1,
PERSONAS,CARACTERÍSTICAS DE LAS PERSONAS,TIE_TRASLADO_TRAB,categoria,,16 a 30 minutos,,2,
PERSONAS,CARACTERÍSTICAS DE LAS PERSONAS,TIE_TRASLADO_TRAB,categoria,,31 minutos a 1 hora,,3,
PERSONAS,CARACTERÍSTICAS DE LAS PERSONAS,TIE_TRASLADO_TRAB,categoria,,Más de 1 hora y hasta 2 horas,,4,
PERSONAS,CARACTERÍSTICAS DE LAS PERSONAS,TIE_TRASLADO_TRAB,categoria,,Más de 2 horas,,5,
PERSONAS,CARACTERÍSTICAS DE LAS PERSONAS,TIE_TRASLADO_TRAB,categoria,,No es posible determinarlo,,6,
PERSONAS,CARACTERÍSTICAS DE LAS PERSONAS,TIE_TRASLADO_TRAB,categoria,,No se traslada,,7,
PERSONAS,CARACTERÍSTICAS DE LAS PERSONAS,TIE_TRASLADO_TRAB,categoria,,No especificado,,9,
PERSONAS,CARACTERÍSTICAS DE LAS PERSONAS,TIE_TRASLADO_TRAB,categoria,,Blanco por pase,,Nulo,
PERSONAS,CARACTERÍSTICAS DE LAS PERSONAS,MED_TRASLADO_TRAB1,variable,Modo o medio de traslado al trabajo (opción 1),¿Cómo acostumbra (NOMBRE) ir de aquí a su trabajo?,Carácter,"{01..12, 99, Nulo}",2
PERSONAS,CARACTERÍSTICAS DE LAS PERSONAS,MED_TRASLADO_TRAB1,categoria,,Caminando,,01,
PERSONAS,CARACTERÍSTICAS DE LAS PERSONAS,MED_TRASLADO_TRAB1,categoria,,Bicicleta,,02,
PERSONAS,CARACTERÍSTICAS DE LAS PERSONAS,MED_TRASLADO_TRAB1,categoria,,"Metro, tren ligero, tren suburbano",,03,
PERSONAS,CARACTERÍSTICAS DE LAS PERSONAS,MED_TRASLADO_TRAB1,categoria,,Trolebús,,04,
PERSONAS,CARACTERÍSTICAS DE LAS PERSONAS,MED_TRASLADO_TRAB1,categoria,,Metrobús (autobús en carril confinado),,05,
PERSONAS,CARACTERÍSTICAS DE LAS PERSONAS,MED_TRASLADO_TRAB1,categoria,,"Camión, autobús, combi, colectivo",,06,
PERSONAS,CARACTERÍSTICAS DE LAS PERSONAS,MED_TRASLADO_TRAB1,categoria,,Transporte de personal,,07,
PERSONAS,CARACTERÍSTICAS DE LAS PERSONAS,MED_TRASLADO_TRAB1,categoria,,"Taxi (sitio, calle, otro)",,08,
PERSONAS,CARACTERÍSTICAS DE LAS PERSONAS,MED_TRASLADO_TRAB1,categoria,,Taxi (app internet),,09,
PERSONAS,CARACTERÍSTICAS DE LAS PERSONAS,MED_TRASLADO_TRAB1,categoria,,Motocicleta o motoneta,,10,
PERSONAS,CARACTERÍSTICAS DE LAS PERSONAS,MED_TRASLADO_TRAB1,categoria,,Automóvil o camioneta,,11,
PERSONAS,CARACTERÍSTICAS DE LAS PERSONAS,MED_TRASLADO_TRAB1,categoria,,Otro,,12,
PERSONAS,CARACTERÍSTICAS DE LAS PERSONAS,MED_TRASLADO_TRAB1,categoria,,No especificado,,99,
PERSONAS,CARACTERÍSTICAS DE LAS PERSONAS,MED_TRASLADO_TRAB1,categoria,,Blanco por pase,,Nulo,
PERSONAS,CARACTERÍSTICAS DE LAS PERSONAS,MED_TRASLADO_TRAB2,variable,Modo o medio de traslado al trabajo (opción 2),¿Cómo acostumbra (NOMBRE) ir de aquí a su trabajo?,Carácter,"{02..12, Nulo}",2
PERSONAS,CARACTERÍSTICAS DE LAS PERSONAS,MED_TRASLADO_TRAB2,categoria,,Bicicleta,,02,
PERSONAS,CARACTERÍSTICAS DE LAS PERSONAS,MED_TRASLADO_TRAB2,categoria,,"Metro, tren ligero, tren suburbano",,03,
PERSONAS,CARACTERÍSTICAS DE LAS PERSONAS,MED_TRASLADO_TRAB2,categoria,,Trolebús,,04,
PERSONAS,CARACTERÍSTICAS DE LAS PERSONAS,MED_TRASLADO_TRAB2,categoria,,Metrobús (autobús en carril confinado),,05,
PERSONAS,CARACTERÍSTICAS DE LAS PERSONAS,MED_TRASLADO_TRAB2,categoria,,"Camión, autobús, combi, colectivo",,06,
PERSONAS,CARACTERÍSTICAS DE LAS PERSONAS,MED_TRASLADO_TRAB2,categoria,,Transporte de personal,,07,
PERSONAS,CARACTERÍSTICAS DE LAS PERSONAS,MED_TRASLADO_TRAB2,categoria,,"Taxi (sitio, calle, otro)",,08,
PERSONAS,CARACTERÍSTICAS DE LAS PERSONAS,MED_TRASLADO_TRAB2,categoria,,Taxi (app internet),,09,
PERSONAS,CARACTERÍSTICAS DE LAS PERSONAS,MED_TRASLADO_TRAB2,categoria,,Motocicleta o motoneta,,10,
PERSONAS,CARACTERÍSTICAS DE LAS PERSONAS,MED_TRASLADO_TRAB2,categoria,,Automóvil o camioneta,,11,
PERSONAS,CARACTERÍSTICAS DE LAS PERSONAS,MED_TRASLADO_TRAB2,categoria,,Otro,,12,
PERSONAS,CARACTERÍSTICAS DE LAS PERSONAS,MED_TRASLADO_TRAB2,categoria,,Blanco por pase,,Nulo,
PERSONAS,CARACTERÍSTICAS DE LAS PERSONAS,MED_TRASLADO_TRAB3,variable,Modo o medio de traslado al trabajo (opción 3),¿Cómo acostumbra (NOMBRE) ir de aquí a su trabajo?,Carácter,"{03..12, Nulo}",2
PERSONAS,CARACTERÍSTICAS DE LAS PERSONAS,MED_TRASLADO_TRAB3,categoria,,"Metro, tren ligero, tren suburbano",,03,
PERSONAS,CARACTERÍSTICAS DE LAS PERSONAS,MED_TRASLADO_TRAB3,categoria,,Trolebús,,04,
PERSONAS,CARACTERÍSTICAS DE LAS PERSONAS,MED_TRASLADO_TRAB3,categoria,,Metrobús (autobús en carril confinado),,05,
PERSONAS,CARACTERÍSTICAS DE LAS PERSONAS,MED_TRASLADO_TRAB3,categoria,,"Camión, autobús, combi, colectivo",,06,
PERSONAS,CARACTERÍSTICAS DE LAS PERSONAS,MED_TRASLADO_TRAB3,categoria,,Transporte de personal,,07,
PERSONAS,CARACTERÍSTICAS DE LAS PERSONAS,MED_TRASLADO_TRAB3,categoria,,"Taxi (sitio, calle, otro)",,08,
PERSONAS,CARACTERÍSTICAS DE LAS PERSONAS,MED_TRASLADO_TRAB3,categoria,,Taxi (app internet),,09,
PERSONAS,CARACTERÍSTICAS DE LAS PERSONAS,MED_TRASLADO_TRAB3,categoria,,Motocicleta o motoneta,,10,
PERSONAS,CARACTERÍSTICAS DE LAS PERSONAS,MED_TRASLADO_TRAB3,categoria,,Automóvil o camioneta,,11,
PERSONAS,CARACTERÍSTICAS DE LAS PERSONAS,MED_TRASLADO_TRAB3,categoria,,Otro,,12,
PERSONAS,CARACTERÍSTICAS DE LAS PERSONAS,MED_TRASLADO_TRAB3,categoria,,Blanco por pase,,Nulo,
PERSONAS,CARACTERÍSTICAS DE LAS PERSONAS,HIJOS_NAC_VIVOS,variable,Hijas(os) nacidas(os) vivas(os),"En total, ¿cuántas hijas e hijos que nacieron vivas(os) ha tenido (NOMBRE)?",Numérico,"{0..25, 98, 99, Nulo}",2
PERSONAS,CARACTERÍSTICAS DE LAS PERSONAS,HIJOS_NAC_VIVOS,categoria,,Ninguno,,0,
PERSONAS,CARACTERÍSTICAS DE LAS PERSONAS,HIJOS_NAC_VIVOS,categoria,,Hijos nacidos vivos,,1..25,
PERSONAS,CARACTERÍSTICAS DE LAS PERSONAS,HIJOS_NAC_VIVOS,categoria,,No especificado por la omisión en todas las preguntas del tema,,98,
PERSONAS,CARACTERÍSTICAS DE LAS PERSONAS,HIJOS_NAC_VIVOS,categoria,,No especificado,,99,
PERSONAS,CARACTERÍSTICAS DE LAS PERSONAS,HIJOS_NAC_VIVOS,categoria,,Blanco por pase,,Nulo,
PERSONAS,CARACTERÍSTICAS DE LAS PERSONAS,HIJOS_FALLECIDOS,variable,Hijas(os) fallecidas(os),"De las hijas e hijos que nacieron vivas(os) de (NOMBRE), ¿cuántas(os) han muerto?",Numérico,"{0..25, 99, Nulo}",2
PERSONAS,CARACTERÍSTICAS DE LAS PERSONAS,HIJOS_FALLECIDOS,categoria,,Ninguno,,0,
PERSONAS,CARACTERÍSTICAS DE LAS PERSONAS,HIJOS_FALLECIDOS,categoria,,"Hijos nacidos vivos, fallecidos",,1..25,
PERSONAS,CARACTERÍSTICAS DE LAS PERSONAS,HIJOS_FALLECIDOS,categoria,,No especificado,,99,
PERSONAS,CARACTERÍSTICAS DE LAS PERSONAS,HIJOS_FALLECIDOS,categoria,,Blanco por pase,,Nulo,
PERSONAS,CARACTERÍSTICAS DE LAS PERSONAS,HIJOS_SOBREVIV,variable,Hijas(os) sobrevivientes,¿Cuántas de las hijas e hijos de (NOMBRE) viven actualmente?,Numérico,"{0..25, 99, Nulo}",2
PERSONAS,CARACTERÍSTICAS DE LAS PERSONAS,HIJOS_SOBREVIV,categoria,,Ninguno,,0,
PERSONAS,CARACTERÍSTICAS DE LAS PERSONAS,HIJOS_SOBREVIV,categoria,,Hijos sobrevivientes,,1..25,
PERSONAS,CARACTERÍSTICAS DE LAS PERSONAS,HIJOS_SOBREVIV,categoria,,No especificado,,99,
PERSONAS,CARACTERÍSTICAS DE LAS PERSONAS,HIJOS_SOBREVIV,categoria,,Blanco por pase,,Nulo,
PERSONAS,CARACTERÍSTICAS DE LAS PERSONAS,FECHA_NAC_M,variable,Fecha de nacimiento (mes),¿En qué mes y año nació la última hija o hijo nacido vivo de (NOMBRE)?,Carácter,"{01..12, 99, Nulo}",2
PERSONAS,CARACTERÍSTICAS DE LAS PERSONAS,FECHA_NAC_M,categoria,,Mes,,01..12,
PERSONAS,CARACTERÍSTICAS DE LAS PERSONAS,FECHA_NAC_M,categoria,,No especificado,,99,
PERSONAS,CARACTERÍSTICAS DE LAS PERSONAS,FECHA_NAC_M,categoria,,Blanco por pase,,Nulo,
PERSONAS,CARACTERÍSTICAS DE LAS PERSONAS,FECHA_NAC_A,variable,Fecha de nacimiento (año),¿En qué mes y año nació la última hija o hijo nacido vivo de (NOMBRE)?,Carácter,"{1925..2025, 9999, Nulo}",4
PERSONAS,CARACTERÍSTICAS DE LAS PERSONAS,FECHA_NAC_A,categoria,,Año,,1925..2025,
PERSONAS,CARACTERÍSTICAS DE LAS PERSONAS,FECHA_NAC_A,categoria,,No especificado,,9999,
PERSONAS,CARACTERÍSTICAS DE LAS PERSONAS,FECHA_NAC_A,categoria,,Blanco por pase,,Nulo,
PERSONAS,CARACTERÍSTICAS DE LAS PERSONAS,SOBREVIVENCIA,variable,Sobrevivencia,"Esta última hija o hijo de (NOMBRE), ¿vive actualmente?",Carácter,"{1, 3, 9, Nulo}",1
PERSONAS,CARACTERÍSTICAS DE LAS PERSONAS,SOBREVIVENCIA,categoria,,Sí,,1,
PERSONAS,CARACTERÍSTICAS DE LAS PERSONAS,SOBREVIVENCIA,categoria,,No,,3,
PERSONAS,CARACTERÍSTICAS DE LAS PERSONAS,SOBREVIVENCIA,categoria,,No especificado,,9,
PERSONAS,CARACTERÍSTICAS DE LAS PERSONAS,SOBREVIVENCIA,categoria,,Blanco por pase,,Nulo,
PERSONAS,CARACTERÍSTICAS DE LAS PERSONAS,EDAD_MORIR_D,variable,Edad al morir (días),¿Qué edad tenía cuando murió?,Numérico,"{0..29, 98, 99, Nulo}",2
PERSONAS,CARACTERÍSTICAS DE LAS PERSONAS,EDAD_MORIR_D,categoria,,Menos de un día,,0,
PERSONAS,CARACTERÍSTICAS DE LAS PERSONAS,EDAD_MORIR_D,categoria,,Días,,1..29,
PERSONAS,CARACTERÍSTICAS DE LAS PERSONAS,EDAD_MORIR_D,categoria,,Edad al morir menos de un mes,,98,
PERSONAS,CARACTERÍSTICAS DE LAS PERSONAS,EDAD_MORIR_D,categoria,,No especificado,,99,
PERSONAS,CARACTERÍSTICAS DE LAS PERSONAS,EDAD_MORIR_D,categoria,,Blanco por pase,,Nulo,
PERSONAS,CARACTERÍSTICAS DE LAS PERSONAS,EDAD_MORIR_M,variable,Edad al morir (meses),¿Qué edad tenía cuando murió?,Numérico,"{1..11, 98, Nulo}",2
PERSONAS,CARACTERÍSTICAS DE LAS PERSONAS,EDAD_MORIR_M,categoria,,Meses,,1..11,
PERSONAS,CARACTERÍSTICAS DE LAS PERSONAS,EDAD_MORIR_M,categoria,,Edad al morir menos de un año,,98,
PERSONAS,CARACTERÍSTICAS DE LAS PERSONAS,EDAD_MORIR_M,categoria,,Blanco por pase,,Nulo,
PERSONAS,CARACTERÍSTICAS DE LAS PERSONAS,EDAD_MORIR_A,variable,Edad al morir (años),¿Qué edad tenía cuando murió?,Numérico,"{1..99, Nulo}",2
PERSONAS,CARACTERÍSTICAS DE LAS PERSONAS,EDAD_MORIR_A,categoria,,Años,,1..99,
PERSONAS,CARACTERÍSTICAS DE LAS PERSONAS,EDAD_MORIR_A,categoria,,Blanco por pase,,Nulo,
PERSONAS,VARIABLES AUXILIARES,TAMLOC,variable,Tamaño de localidad,Tamaño de localidad,Carácter,{1..5},1
PERSONAS,VARIABLES AUXILIARES,TAMLOC,categoria,,Menos de 2 500 habitantes,,1,
PERSONAS,VARIABLES AUXILIARES,TAMLOC,categoria,,De 2 500 a 14 999 habitantes,,2,
PERSONAS,VARIABLES AUXILIARES,TAMLOC,categoria,,De 15 000 a 49 999 habitantes,,3,
PERSONAS,VARIABLES AUXILIARES,TAMLOC,categoria,,De 50 000 a 99 999 habitantes,,4,
PERSONAS,VARIABLES AUXILIARES,TAMLOC,categoria,,100 000 y más habitantes,,5,
PERSONAS,VARIABLES AUXILIARES,SM,variable,Ingresos por trabajo medido en salarios mínimos,Ingresos por trabajo medido en salarios mínimos (SM),Carácter,"{01..12, 99, Nulo}",2
PERSONAS,VARIABLES AUXILIARES,SM,categoria,,No recibe ingresos,,01,
PERSONAS,VARIABLES AUXILIARES,SM,categoria,,Hasta 1 SM,,02,
PERSONAS,VARIABLES AUXILIARES,SM,categoria,,Más de 1 y hasta 2 SM,,03,
PERSONAS,VARIABLES AUXILIARES,SM,categoria,,Más de 2 y hasta 3 SM,,04,
PERSONAS,VARIABLES AUXILIARES,SM,categoria,,Más de 3 y hasta 4 SM,,05,
PERSONAS,VARIABLES AUXILIARES,SM,categoria,,Más de 4 y hasta 5 SM,,06,
PERSONAS,VARIABLES AUXILIARES,SM,categoria,,Más de 5 y hasta 6 SM,,07,
PERSONAS,VARIABLES AUXILIARES,SM,categoria,,Más de 6 y hasta 7 SM,,08,
PERSONAS,VARIABLES AUXILIARES,SM,categoria,,Más de 7 y hasta 8 SM,,09,
PERSONAS,VARIABLES AUXILIARES,SM,categoria,,Más de 8 y hasta 9 SM,,10,
PERSONAS,VARIABLES AUXILIARES,SM,categoria,,Más de 9 y hasta 10 SM,,11,
PERSONAS,VARIABLES AUXILIARES,SM,categoria,,Más de 10 SM,,12,
PERSONAS,VARIABLES AUXILIARES,SM,categoria,,No especificado,,99,
PERSONAS,VARIABLES AUXILIARES,SM,categoria,,Blanco por pase,,Nulo,
PERSONAS,VARIABLES AUXILIARES,SM,categoria,,,,TOTAL DE CARACTERES: ,
MIGRANTES,IDENTIFICACIÓN GEOGRÁFICA,CVEGEO,variable,Clave geoestadística integrada,Clave geoestadística integrada,Carácter,{01001..32058},5
MIGRANTES,IDENTIFICACIÓN GEOGRÁFICA,CVE_ENT,variable,Entidad federativa,Clave del Área Geoestadística Estatal,Carácter,{01..32},2
MIGRANTES,IDENTIFICACIÓN GEOGRÁFICA,CVE_MUN,variable,Municipio o demarcación territorial,Clave del Área Geoestadística Municipal,Carácter,{001..570},3
MIGRANTES,IDENTIFICACIÓN GEOGRÁFICA,LOC50K,variable,Clave de la localidad de 50 000 y más habitantes,Clave de la localidad de 50 000 y más habitantes,Carácter,{0000..9999},4
MIGRANTES,IDENTIFICACIÓN GEOGRÁFICA,LOC50K,categoria,,Localidad menor de 50 000 habitantes,,0000,
MIGRANTES,IDENTIFICACIÓN GEOGRÁFICA,LOC50K,categoria,,Localidad de 50 000 y más habitantes,,0001..9999,
MIGRANTES,LLAVE ÚNICA DE VIVIENDA,ID_VIV,variable,Identificador único de la vivienda,Identificador único de vivienda,Carácter,{010010000001..320589999999},12
MIGRANTES,LLAVE ÚNICA DE MIGRANTE INTERNACIONAL,ID_MII,variable,Identificador único de migrante,Identificador único de migrante,Carácter,{01001000000101.. 32058999999999},14
MIGRANTES,DISEÑO MUESTRAL,COBERTURA,variable,Tipo de cobertura en el municipio,Tipo de cobertura en el municipio,Carácter,{1..3},1
MIGRANTES,DISEÑO MUESTRAL,COBERTURA,categoria,,Municipio censado,,1,
MIGRANTES,DISEÑO MUESTRAL,COBERTURA,categoria,,Municipio muestreado,,2,
MIGRANTES,DISEÑO MUESTRAL,COBERTURA,categoria,,Municipio con muestra insuficiente,,3,
MIGRANTES,DISEÑO MUESTRAL,ESTRATO,variable,Estrato ,Estrato,Carácter,{Alfanumérico},15
MIGRANTES,DISEÑO MUESTRAL,UPM,variable,Unidad Primaria de Muestreo,Unidad Primaria de Muestreo,Carácter,{Alfanumérico},5
MIGRANTES,DISEÑO MUESTRAL,FACTOR,variable,Factor de Expansión,Factor de expansión,Numérico,{1..99999},5
MIGRANTES,CLASE DE VIVIENDA PARTICULAR,CLAVIVP,variable,Clase de vivienda particular ,Clase de vivienda particular,Carácter,"{01..09, 99}",2
MIGRANTES,CLASE DE VIVIENDA PARTICULAR,CLAVIVP,categoria,,Casa única en el terreno,,01,
MIGRANTES,CLASE DE VIVIENDA PARTICULAR,CLAVIVP,categoria,,Casa que comparte terreno con otra(s),,02,
MIGRANTES,CLASE DE VIVIENDA PARTICULAR,CLAVIVP,categoria,,Casa dúplex,,03,
MIGRANTES,CLASE DE VIVIENDA PARTICULAR,CLAVIVP,categoria,,Departamento en edificio,,04,
MIGRANTES,CLASE DE VIVIENDA PARTICULAR,CLAVIVP,categoria,,Vivienda en vecindad o cuartería,,05,
MIGRANTES,CLASE DE VIVIENDA PARTICULAR,CLAVIVP,categoria,,Vivienda en cuarto de azotea de un edificio,,06,
MIGRANTES,CLASE DE VIVIENDA PARTICULAR,CLAVIVP,categoria,,Local no construido para habitación,,07,
MIGRANTES,CLASE DE VIVIENDA PARTICULAR,CLAVIVP,categoria,,Vivienda móvil,,08,
MIGRANTES,CLASE DE VIVIENDA PARTICULAR,CLAVIVP,categoria,,Refugio,,09,
MIGRANTES,CLASE DE VIVIENDA PARTICULAR,CLAVIVP,categoria,,No especificado de vivienda particular,,99,
MIGRANTES,MIGRACIÓN INTERNACIONAL,CLAVIVP,categoria,,"Por favor, dígame el nombre de cada una de las personas que se fueron a vivir a otro país desde octubre de 2020 a la fecha",,,
MIGRANTES,MIGRACIÓN INTERNACIONAL,MPER,variable,Lista de emigrantes internacionales,Número,Carácter,{01..54},2
MIGRANTES,MIGRACIÓN INTERNACIONAL,MPER,categoria,,Número de persona (migrante),,01..54,
MIGRANTES,MIGRACIÓN INTERNACIONAL,MCONRES,variable,Condición de residencia,"Cuando (NOMBRE) se fue la última vez, ¿vivía con ustedes?",Carácter,{1},1
MIGRANTES,MIGRACIÓN INTERNACIONAL,MCONRES,categoria,,Sí,,1,
MIGRANTES,MIGRACIÓN INTERNACIONAL,MSEXO,variable,Sexo del migrante,(NOMBRE) es:,Carácter,"{1, 3}",1
MIGRANTES,MIGRACIÓN INTERNACIONAL,MSEXO,categoria,,Hombre,,1,
MIGRANTES,MIGRACIÓN INTERNACIONAL,MSEXO,categoria,,Mujer,,3,
MIGRANTES,MIGRACIÓN INTERNACIONAL,MEDAD,variable,Edad al migrar,¿Cuántos años tenía (NOMBRE) cuando se fue la última vez?,Numérico,"{0..130, 999}",3
MIGRANTES,MIGRACIÓN INTERNACIONAL,MEDAD,categoria,,Menos de un año,,0,
MIGRANTES,MIGRACIÓN INTERNACIONAL,MEDAD,categoria,,Años cumplidos,,1..130,
MIGRANTES,MIGRACIÓN INTERNACIONAL,MEDAD,categoria,,No especificado,,999,
MIGRANTES,MIGRACIÓN INTERNACIONAL,MFECEMIM,variable,Fecha de la emigración (mes),¿En qué mes y año (NOMBRE) se fue a vivir a otro país la última vez?,Carácter,"{01..12, 99}",2
MIGRANTES,MIGRACIÓN INTERNACIONAL,MFECEMIM,categoria,,Mes,,01..12,
MIGRANTES,MIGRACIÓN INTERNACIONAL,MFECEMIM,categoria,,No especificado,,99,
MIGRANTES,MIGRACIÓN INTERNACIONAL,MFECEMIA,variable,Fecha de la emigración (año),¿En qué mes y año (NOMBRE) se fue a vivir a otro país la última vez?,Carácter,"{2020..2025, 9999}",4
MIGRANTES,MIGRACIÓN INTERNACIONAL,MFECEMIA,categoria,,Año,,2020..2025,
MIGRANTES,MIGRACIÓN INTERNACIONAL,MFECEMIA,categoria,,No especificado,,9999,
MIGRANTES,MIGRACIÓN INTERNACIONAL,MCAUSAEMIG_V,variable,Causa de la emigración - Clave,¿Cuál fue el motivo principal por el que (NOMBRE) se fue la última vez?,Carácter,"{0101..0902, 9999} (Según clasificador de causa de migración)",4
MIGRANTES,MIGRACIÓN INTERNACIONAL,MCAUSAEMIG_V,categoria,,Clave de causa de la emigración,,0101..0902,
MIGRANTES,MIGRACIÓN INTERNACIONAL,MCAUSAEMIG_V,categoria,,No especificado,,9999,
MIGRANTES,MIGRACIÓN INTERNACIONAL,MLUGORI_C,variable,Lugar de origen (otro estado) - Clave,¿En qué estado de la república vivía (NOMBRE) cuando se fue la última vez?,Carácter,"{001..032, 999}  (Según clasificador de entidad federativas y país)",3
MIGRANTES,MIGRACIÓN INTERNACIONAL,MLUGORI_C,categoria,,Clave de entidad federativa,,001..032,
MIGRANTES,MIGRACIÓN INTERNACIONAL,MLUGORI_C,categoria,,No especificado,,999,
MIGRANTES,MIGRACIÓN INTERNACIONAL,MPAIDES_C,variable,País de destino (otro país) - Clave,¿A qué país se fue (NOMBRE)?,Carácter,"{001..032, 999}  (Según clasificador de entidad federativas y país)",3
MIGRANTES,MIGRACIÓN INTERNACIONAL,MPAIDES_C,categoria,,Clave de país,,100..536,
MIGRANTES,MIGRACIÓN INTERNACIONAL,MPAIDES_C,categoria,,No especificado,,999,
MIGRANTES,MIGRACIÓN INTERNACIONAL,MPAIRES,variable,País de residencia,¿Actualmente (NOMBRE) vive:,Carácter,"{1..3, 9}",1
MIGRANTES,MIGRACIÓN INTERNACIONAL,MPAIRES,categoria,,en los Estados Unidos de América?,,1,
MIGRANTES,MIGRACIÓN INTERNACIONAL,MPAIRES,categoria,,en otro país?,,2,
MIGRANTES,MIGRACIÓN INTERNACIONAL,MPAIRES,categoria,,en México?,,3,
MIGRANTES,MIGRACIÓN INTERNACIONAL,MPAIRES,categoria,,No especificado,,9,
MIGRANTES,MIGRACIÓN INTERNACIONAL,MFECRETM,variable,Fecha de retorno (mes),¿En qué mes y año regresó (NOMBRE) a la república mexicana?,Carácter,"{01..12, 99, Nulo}",2
MIGRANTES,MIGRACIÓN INTERNACIONAL,MFECRETM,categoria,,Mes,,01..12,
MIGRANTES,MIGRACIÓN INTERNACIONAL,MFECRETM,categoria,,No especificado,,99,
MIGRANTES,MIGRACIÓN INTERNACIONAL,MFECRETM,categoria,,Blanco por pase,,Nulo,
MIGRANTES,MIGRACIÓN INTERNACIONAL,MFECRETA,variable,Fecha de retorno (año),¿En qué mes y año regresó (NOMBRE) a la república mexicana?,Carácter,"{2020..2025, 9999, Nulo}",4
MIGRANTES,MIGRACIÓN INTERNACIONAL,MFECRETA,categoria,,Año,,2020..2025,
MIGRANTES,MIGRACIÓN INTERNACIONAL,MFECRETA,categoria,,No especificado,,9999,
MIGRANTES,MIGRACIÓN INTERNACIONAL,MFECRETA,categoria,,Blanco por pase,,Nulo,
MIGRANTES,MIGRACIÓN INTERNACIONAL,MCAUSARETO_V,variable,Causa del retorno - Clave,¿Cuál fue el motivo principal por el que (NOMBRE) regresó?,Carácter,"{0101..0902, 9999, Nulo} (Según clasificador de causa de migración)",4
MIGRANTES,MIGRACIÓN INTERNACIONAL,MCAUSARETO_V,categoria,,Clave de causa del retorno,,0101..0902,
MIGRANTES,MIGRACIÓN INTERNACIONAL,MCAUSARETO_V,categoria,,No especificado,,9999,
MIGRANTES,MIGRACIÓN INTERNACIONAL,MCAUSARETO_V,categoria,,Blanco por pase,,Nulo,
MIGRANTES,MIGRACIÓN INTERNACIONAL,MCONRESACT,variable,Condición de residencia actual,"¿(NOMBRE) actualmente vive aquí, en esta vivienda?",Carácter,"{1, 3, 9, Nulo}",1
MIGRANTES,MIGRACIÓN INTERNACIONAL,MCONRESACT,categoria,,Sí,,1,
MIGRANTES,MIGRACIÓN INTERNACIONAL,MCONRESACT,categoria,,No,,3,
MIGRANTES,MIGRACIÓN INTERNACIONAL,MCONRESACT,categoria,,No especificado,,9,
MIGRANTES,MIGRACIÓN INTERNACIONAL,MCONRESACT,categoria,,Blanco por pase,,Nulo,
MIGRANTES,MIGRACIÓN INTERNACIONAL,MPERLS,variable,Identificación del migrante en la lista de personas,"¿(NOMBRE) actualmente vive aquí, en esta vivienda?",Carácter,"{01..54, 99, Nulo}",2
MIGRANTES,MIGRACIÓN INTERNACIONAL,MPERLS,categoria,,Número de correspondencia en la lista,,01..54,
MIGRANTES,MIGRACIÓN INTERNACIONAL,MPERLS,categoria,,No especificado,,99,
MIGRANTES,MIGRACIÓN INTERNACIONAL,MPERLS,categoria,,Blanco por pase,,Nulo,
MIGRANTES,VARIABLES AUXILIARES,TAMLOC,variable,Tamaño de localidad,Tamaño de localidad,Carácter,{1..5},1
MIGRANTES,VARIABLES AUXILIARES,TAMLOC,categoria,,Menos de 2 500 habitantes,,1,
MIGRANTES,VARIABLES AUXILIARES,TAMLOC,categoria,,De 2 500 a 14 999 habitantes,,2,
MIGRANTES,VARIABLES AUXILIARES,TAMLOC,categoria,,De 15 000 a 49 999 habitantes,,3,
MIGRANTES,VARIABLES AUXILIARES,TAMLOC,categoria,,De 50 000 a 99 999 habitantes,,4,
MIGRANTES,VARIABLES AUXILIARES,TAMLOC,categoria,,100 000 y más habitantes,,5,
MIGRANTES,VARIABLES AUXILIARES,TAMLOC,categoria,,,,TOTAL DE CARACTERES: ,
